[INFO] Scanning for projects...
[INFO] Downloading from central: https://repo.maven.apache.org/maven2/io/quarkus/platform/quarkus-maven-plugin/3.37.3/quarkus-maven-plugin-3.37.3.pom
[INFO] Downloaded from central: https://repo.maven.apache.org/maven2/io/quarkus/platform/quarkus-maven-plugin/3.37.3/quarkus-maven-plugin-3.37.3.pom (10 kB at 10 kB/s)
[INFO] Downloading from central: https://repo.maven.apache.org/maven2/io/quarkus/platform/quarkus-bom/3.37.3/quarkus-bom-3.37.3.pom
[INFO] Downloaded from central: https://repo.maven.apache.org/maven2/io/quarkus/platform/quarkus-bom/3.37.3/quarkus-bom-3.37.3.pom (410 kB at 2.8 MB/s)
[INFO] Downloading from central: https://repo.maven.apache.org/maven2/io/quarkus/quarkus-bootstrap-core/3.37.3/quarkus-bootstrap-core-3.37.3.pom
[INFO] Downloaded from central: https://repo.maven.apache.org/maven2/io/quarkus/quarkus-bootstrap-core/3.37.3/quarkus-bootstrap-core-3.37.3.pom (5.2 kB at 55 kB/s)
[INFO] Downloading from central: https://repo.maven.apache.org/maven2/io/quarkus/quarkus-bootstrap-parent/3.37.3/quarkus-bootstrap-parent-3.37.3.pom
[INFO] Downloaded from central: https://repo.maven.apache.org/maven2/io/quarkus/quarkus-bootstrap-parent/3.37.3/quarkus-bootstrap-parent-3.37.3.pom (15 kB at 153 kB/s)
[INFO] Downloading from central: https://repo.maven.apache.org/maven2/io/quarkus/quarkus-parent/3.37.3/quarkus-parent-3.37.3.pom
[INFO] Downloaded from central: https://repo.maven.apache.org/maven2/io/quarkus/quarkus-parent/3.37.3/quarkus-parent-3.37.3.pom (32 kB at 338 kB/s)
[INFO] Downloading from central: https://repo.maven.apache.org/maven2/io/quarkus/quarkus-bootstrap-bom/3.37.3/quarkus-bootstrap-bom-3.37.3.pom
[INFO] Downloaded from central: https://repo.maven.apache.org/maven2/io/quarkus/quarkus-bootstrap-bom/3.37.3/quarkus-bootstrap-bom-3.37.3.pom (23 kB at 236 kB/s)
[INFO] Downloading from gradle: https://repo.gradle.org/artifactory/libs-releases/io/smallrye/common/smallrye-common-bom/2.18.1/smallrye-common-bom-2.18.1.pom
[INFO] Downloading from central: https://repo.maven.apache.org/maven2/io/smallrye/common/smallrye-common-bom/2.18.1/smallrye-common-bom-2.18.1.pom
[INFO] Downloaded from central: https://repo.maven.apache.org/maven2/io/smallrye/common/smallrye-common-bom/2.18.1/smallrye-common-bom-2.18.1.pom (5.6 kB at 59 kB/s)
[INFO] Downloading from central: https://repo.maven.apache.org/maven2/io/quarkus/quarkus-bootstrap-bom-test/3.37.3/quarkus-bootstrap-bom-test-3.37.3.pom
[INFO] Downloaded from central: https://repo.maven.apache.org/maven2/io/quarkus/quarkus-bootstrap-bom-test/3.37.3/quarkus-bootstrap-bom-test-3.37.3.pom (3.0 kB at 33 kB/s)
[INFO] Downloading from gradle: https://repo.gradle.org/artifactory/libs-releases/org/junit/junit-bom/6.1.1/junit-bom-6.1.1.pom
[INFO] Downloading from central: https://repo.maven.apache.org/maven2/org/junit/junit-bom/6.1.1/junit-bom-6.1.1.pom
[INFO] Downloaded from central: https://repo.maven.apache.org/maven2/org/junit/junit-bom/6.1.1/junit-bom-6.1.1.pom (5.4 kB at 60 kB/s)
[INFO] Downloading from central: https://repo.maven.apache.org/maven2/io/quarkus/quarkus-classloader-commons/3.37.3/quarkus-classloader-commons-3.37.3.pom
[INFO] Downloaded from central: https://repo.maven.apache.org/maven2/io/quarkus/quarkus-classloader-commons/3.37.3/quarkus-classloader-commons-3.37.3.pom (1.5 kB at 17 kB/s)
[INFO] Downloading from central: https://repo.maven.apache.org/maven2/io/quarkus/quarkus-value-registry/3.37.3/quarkus-value-registry-3.37.3.pom
[INFO] Downloaded from central: https://repo.maven.apache.org/maven2/io/quarkus/quarkus-value-registry/3.37.3/quarkus-value-registry-3.37.3.pom (806 B at 8.4 kB/s)
[INFO] Downloading from central: https://repo.maven.apache.org/maven2/io/quarkus/quarkus-bootstrap-app-model/3.37.3/quarkus-bootstrap-app-model-3.37.3.pom
[INFO] Downloaded from central: https://repo.maven.apache.org/maven2/io/quarkus/quarkus-bootstrap-app-model/3.37.3/quarkus-bootstrap-app-model-3.37.3.pom (3.7 kB at 40 kB/s)
[INFO] Downloading from central: https://repo.maven.apache.org/maven2/io/quarkus/quarkus-fs-util/1.4.2/quarkus-fs-util-1.4.2.pom
[INFO] Downloaded from central: https://repo.maven.apache.org/maven2/io/quarkus/quarkus-fs-util/1.4.2/quarkus-fs-util-1.4.2.pom (10 kB at 112 kB/s)
[INFO] Downloading from central: https://repo.maven.apache.org/maven2/org/jboss/jboss-parent/51/jboss-parent-51.pom
[INFO] Downloaded from central: https://repo.maven.apache.org/maven2/org/jboss/jboss-parent/51/jboss-parent-51.pom (104 kB at 900 kB/s)
[INFO] Downloading from central: https://repo.maven.apache.org/maven2/org/jboss/logging/jboss-logging/3.6.3.Final/jboss-logging-3.6.3.Final.pom
[INFO] Downloaded from central: https://repo.maven.apache.org/maven2/org/jboss/logging/jboss-logging/3.6.3.Final/jboss-logging-3.6.3.Final.pom (23 kB at 212 kB/s)
[INFO] Downloading from central: https://repo.maven.apache.org/maven2/org/jboss/jboss-parent/52/jboss-parent-52.pom
[INFO] Downloaded from central: https://repo.maven.apache.org/maven2/org/jboss/jboss-parent/52/jboss-parent-52.pom (102 kB at 912 kB/s)
[INFO] Downloading from central: https://repo.maven.apache.org/maven2/org/junit/junit-bom/5.13.4/junit-bom-5.13.4.pom
[INFO] Downloaded from central: https://repo.maven.apache.org/maven2/org/junit/junit-bom/5.13.4/junit-bom-5.13.4.pom (5.7 kB at 65 kB/s)
[INFO] Downloading from central: https://repo.maven.apache.org/maven2/io/smallrye/classfile/jdk-classfile-backport/26/jdk-classfile-backport-26.pom
[INFO] Downloaded from central: https://repo.maven.apache.org/maven2/io/smallrye/classfile/jdk-classfile-backport/26/jdk-classfile-backport-26.pom (4.0 kB at 38 kB/s)
[INFO] Downloading from central: https://repo.maven.apache.org/maven2/io/smallrye/smallrye-build-parent/48/smallrye-build-parent-48.pom
[INFO] Downloaded from central: https://repo.maven.apache.org/maven2/io/smallrye/smallrye-build-parent/48/smallrye-build-parent-48.pom (69 kB at 662 kB/s)
[INFO] Downloading from central: https://repo.maven.apache.org/maven2/org/jboss/logging/commons-logging-jboss-logging/2.0.0.Final/commons-logging-jboss-logging-2.0.0.Final.pom
[INFO] Downloaded from central: https://repo.maven.apache.org/maven2/org/jboss/logging/commons-logging-jboss-logging/2.0.0.Final/commons-logging-jboss-logging-2.0.0.Final.pom (13 kB at 126 kB/s)
[INFO] Downloading from central: https://repo.maven.apache.org/maven2/io/quarkus/quarkus-bootstrap-json/3.37.3/quarkus-bootstrap-json-3.37.3.pom
[INFO] Downloaded from central: https://repo.maven.apache.org/maven2/io/quarkus/quarkus-bootstrap-json/3.37.3/quarkus-bootstrap-json-3.37.3.pom (2.9 kB at 29 kB/s)
[INFO] Downloading from central: https://repo.maven.apache.org/maven2/io/smallrye/common/smallrye-common-io/2.18.1/smallrye-common-io-2.18.1.pom
[INFO] Downloaded from central: https://repo.maven.apache.org/maven2/io/smallrye/common/smallrye-common-io/2.18.1/smallrye-common-io-2.18.1.pom (2.9 kB at 27 kB/s)
[INFO] Downloading from central: https://repo.maven.apache.org/maven2/io/smallrye/common/smallrye-common-parent/2.18.1/smallrye-common-parent-2.18.1.pom
[INFO] Downloaded from central: https://repo.maven.apache.org/maven2/io/smallrye/common/smallrye-common-parent/2.18.1/smallrye-common-parent-2.18.1.pom (10 kB at 95 kB/s)
[INFO] Downloading from central: https://repo.maven.apache.org/maven2/io/smallrye/smallrye-parent/49/smallrye-parent-49.pom
[INFO] Downloaded from central: https://repo.maven.apache.org/maven2/io/smallrye/smallrye-parent/49/smallrye-parent-49.pom (5.9 kB at 61 kB/s)
[INFO] Downloading from central: https://repo.maven.apache.org/maven2/io/smallrye/smallrye-build-parent/49/smallrye-build-parent-49.pom
[INFO] Downloaded from central: https://repo.maven.apache.org/maven2/io/smallrye/smallrye-build-parent/49/smallrye-build-parent-49.pom (66 kB at 738 kB/s)
[INFO] Downloading from central: https://repo.maven.apache.org/maven2/org/jboss/shrinkwrap/shrinkwrap-bom/1.2.6/shrinkwrap-bom-1.2.6.pom
[INFO] Downloaded from central: https://repo.maven.apache.org/maven2/org/jboss/shrinkwrap/shrinkwrap-bom/1.2.6/shrinkwrap-bom-1.2.6.pom (4.0 kB at 39 kB/s)
[INFO] Downloading from central: https://repo.maven.apache.org/maven2/org/junit/junit-bom/6.0.3/junit-bom-6.0.3.pom
[INFO] Downloaded from central: https://repo.maven.apache.org/maven2/org/junit/junit-bom/6.0.3/junit-bom-6.0.3.pom (5.1 kB at 57 kB/s)
[INFO] Downloading from central: https://repo.maven.apache.org/maven2/io/smallrye/common/smallrye-common-constraint/2.18.1/smallrye-common-constraint-2.18.1.pom
[INFO] Downloaded from central: https://repo.maven.apache.org/maven2/io/smallrye/common/smallrye-common-constraint/2.18.1/smallrye-common-constraint-2.18.1.pom (2.5 kB at 25 kB/s)
[INFO] Downloading from central: https://repo.maven.apache.org/maven2/io/quarkus/quarkus-bootstrap-maven-resolver/3.37.3/quarkus-bootstrap-maven-resolver-3.37.3.pom
[INFO] Downloaded from central: https://repo.maven.apache.org/maven2/io/quarkus/quarkus-bootstrap-maven-resolver/3.37.3/quarkus-bootstrap-maven-resolver-3.37.3.pom (7.4 kB at 73 kB/s)
[INFO] Downloading from central: https://repo.maven.apache.org/maven2/io/smallrye/beanbag/smallrye-beanbag-maven/1.6.1/smallrye-beanbag-maven-1.6.1.pom
[INFO] Downloaded from central: https://repo.maven.apache.org/maven2/io/smallrye/beanbag/smallrye-beanbag-maven/1.6.1/smallrye-beanbag-maven-1.6.1.pom (6.8 kB at 64 kB/s)
[INFO] Downloading from central: https://repo.maven.apache.org/maven2/io/smallrye/beanbag/smallrye-beanbag-parent/1.6.1/smallrye-beanbag-parent-1.6.1.pom
[INFO] Downloaded from central: https://repo.maven.apache.org/maven2/io/smallrye/beanbag/smallrye-beanbag-parent/1.6.1/smallrye-beanbag-parent-1.6.1.pom (16 kB at 154 kB/s)
[INFO] Downloading from central: https://repo.maven.apache.org/maven2/io/smallrye/smallrye-parent/48/smallrye-parent-48.pom
[INFO] Downloaded from central: https://repo.maven.apache.org/maven2/io/smallrye/smallrye-parent/48/smallrye-parent-48.pom (5.9 kB at 63 kB/s)
[INFO] Downloading from central: https://repo.maven.apache.org/maven2/io/smallrye/common/smallrye-common-bom/2.15.0/smallrye-common-bom-2.15.0.pom
[INFO] Downloaded from central: https://repo.maven.apache.org/maven2/io/smallrye/common/smallrye-common-bom/2.15.0/smallrye-common-bom-2.15.0.pom (5.4 kB at 59 kB/s)
[INFO] Downloading from central: https://repo.maven.apache.org/maven2/org/junit/junit-bom/6.0.1/junit-bom-6.0.1.pom
[INFO] Downloaded from central: https://repo.maven.apache.org/maven2/org/junit/junit-bom/6.0.1/junit-bom-6.0.1.pom (5.1 kB at 58 kB/s)
[INFO] Downloading from central: https://repo.maven.apache.org/maven2/io/smallrye/beanbag/smallrye-beanbag-sisu/1.6.1/smallrye-beanbag-sisu-1.6.1.pom
[INFO] Downloaded from central: https://repo.maven.apache.org/maven2/io/smallrye/beanbag/smallrye-beanbag-sisu/1.6.1/smallrye-beanbag-sisu-1.6.1.pom (1.4 kB at 14 kB/s)
[INFO] Downloading from central: https://repo.maven.apache.org/maven2/io/smallrye/beanbag/smallrye-beanbag/1.6.1/smallrye-beanbag-1.6.1.pom
[INFO] Downloaded from central: https://repo.maven.apache.org/maven2/io/smallrye/beanbag/smallrye-beanbag/1.6.1/smallrye-beanbag-1.6.1.pom (964 B at 9.3 kB/s)
[INFO] Downloading from central: https://repo.maven.apache.org/maven2/javax/inject/javax.inject/1/javax.inject-1.pom
[INFO] Downloaded from central: https://repo.maven.apache.org/maven2/javax/inject/javax.inject/1/javax.inject-1.pom (612 B at 6.2 kB/s)
[INFO] Downloading from central: https://repo.maven.apache.org/maven2/commons-codec/commons-codec/1.22.0/commons-codec-1.22.0.pom
[INFO] Downloaded from central: https://repo.maven.apache.org/maven2/commons-codec/commons-codec/1.22.0/commons-codec-1.22.0.pom (19 kB at 212 kB/s)
[INFO] Downloading from central: https://repo.maven.apache.org/maven2/org/apache/commons/commons-parent/98/commons-parent-98.pom
[INFO] Downloaded from central: https://repo.maven.apache.org/maven2/org/apache/commons/commons-parent/98/commons-parent-98.pom (80 kB at 654 kB/s)
[INFO] Downloading from central: https://repo.maven.apache.org/maven2/org/apache/apache/37/apache-37.pom
[INFO] Downloaded from central: https://repo.maven.apache.org/maven2/org/apache/apache/37/apache-37.pom (26 kB at 275 kB/s)
[INFO] Downloading from central: https://repo.maven.apache.org/maven2/org/junit/junit-bom/5.14.2/junit-bom-5.14.2.pom
[INFO] Downloaded from central: https://repo.maven.apache.org/maven2/org/junit/junit-bom/5.14.2/junit-bom-5.14.2.pom (5.7 kB at 64 kB/s)
[INFO] Downloading from central: https://repo.maven.apache.org/maven2/org/apache/commons/commons-lang3/3.20.0/commons-lang3-3.20.0.pom
[INFO] Downloaded from central: https://repo.maven.apache.org/maven2/org/apache/commons/commons-lang3/3.20.0/commons-lang3-3.20.0.pom (33 kB at 281 kB/s)
[INFO] Downloading from central: https://repo.maven.apache.org/maven2/org/apache/commons/commons-parent/92/commons-parent-92.pom
[INFO] Downloaded from central: https://repo.maven.apache.org/maven2/org/apache/commons/commons-parent/92/commons-parent-92.pom (80 kB at 737 kB/s)
[INFO] Downloading from central: https://repo.maven.apache.org/maven2/org/apache/apache/35/apache-35.pom
[INFO] Downloaded from central: https://repo.maven.apache.org/maven2/org/apache/apache/35/apache-35.pom (24 kB at 285 kB/s)
[INFO] Downloading from central: https://repo.maven.apache.org/maven2/org/apache/httpcomponents/httpclient/4.5.14/httpclient-4.5.14.pom
[INFO] Downloaded from central: https://repo.maven.apache.org/maven2/org/apache/httpcomponents/httpclient/4.5.14/httpclient-4.5.14.pom (6.6 kB at 62 kB/s)
[INFO] Downloading from central: https://repo.maven.apache.org/maven2/org/apache/httpcomponents/httpcomponents-client/4.5.14/httpcomponents-client-4.5.14.pom
[INFO] Downloaded from central: https://repo.maven.apache.org/maven2/org/apache/httpcomponents/httpcomponents-client/4.5.14/httpcomponents-client-4.5.14.pom (15 kB at 140 kB/s)
[INFO] Downloading from central: https://repo.maven.apache.org/maven2/org/apache/httpcomponents/httpcomponents-parent/11/httpcomponents-parent-11.pom
[INFO] Downloaded from central: https://repo.maven.apache.org/maven2/org/apache/httpcomponents/httpcomponents-parent/11/httpcomponents-parent-11.pom (35 kB at 330 kB/s)
[INFO] Downloading from central: https://repo.maven.apache.org/maven2/org/apache/apache/21/apache-21.pom
[INFO] Downloaded from central: https://repo.maven.apache.org/maven2/org/apache/apache/21/apache-21.pom (17 kB at 192 kB/s)
[INFO] Downloading from central: https://repo.maven.apache.org/maven2/org/apache/httpcomponents/httpcore/4.4.16/httpcore-4.4.16.pom
[INFO] Downloaded from central: https://repo.maven.apache.org/maven2/org/apache/httpcomponents/httpcore/4.4.16/httpcore-4.4.16.pom (5.0 kB at 46 kB/s)
[INFO] Downloading from central: https://repo.maven.apache.org/maven2/org/apache/httpcomponents/httpcomponents-core/4.4.16/httpcomponents-core-4.4.16.pom
[INFO] Downloaded from central: https://repo.maven.apache.org/maven2/org/apache/httpcomponents/httpcomponents-core/4.4.16/httpcomponents-core-4.4.16.pom (12 kB at 116 kB/s)
[INFO] Downloading from central: https://repo.maven.apache.org/maven2/org/apache/maven/maven-artifact/3.9.16/maven-artifact-3.9.16.pom
[INFO] Downloaded from central: https://repo.maven.apache.org/maven2/org/apache/maven/maven-artifact/3.9.16/maven-artifact-3.9.16.pom (2.3 kB at 23 kB/s)
[INFO] Downloading from central: https://repo.maven.apache.org/maven2/org/apache/maven/maven/3.9.16/maven-3.9.16.pom
[INFO] Downloaded from central: https://repo.maven.apache.org/maven2/org/apache/maven/maven/3.9.16/maven-3.9.16.pom (27 kB at 256 kB/s)
[INFO] Downloading from central: https://repo.maven.apache.org/maven2/org/apache/maven/maven-parent/48/maven-parent-48.pom
[INFO] Downloaded from central: https://repo.maven.apache.org/maven2/org/apache/maven/maven-parent/48/maven-parent-48.pom (50 kB at 453 kB/s)
[INFO] Downloading from central: https://repo.maven.apache.org/maven2/org/apache/apache/38/apache-38.pom
[INFO] Downloaded from central: https://repo.maven.apache.org/maven2/org/apache/apache/38/apache-38.pom (26 kB at 270 kB/s)
[INFO] Downloading from central: https://repo.maven.apache.org/maven2/org/junit/junit-bom/5.14.4/junit-bom-5.14.4.pom
[INFO] Downloaded from central: https://repo.maven.apache.org/maven2/org/junit/junit-bom/5.14.4/junit-bom-5.14.4.pom (5.7 kB at 60 kB/s)
[INFO] Downloading from central: https://repo.maven.apache.org/maven2/org/codehaus/plexus/plexus-utils/3.6.1/plexus-utils-3.6.1.pom
[INFO] Downloaded from central: https://repo.maven.apache.org/maven2/org/codehaus/plexus/plexus-utils/3.6.1/plexus-utils-3.6.1.pom (7.9 kB at 71 kB/s)
[INFO] Downloading from central: https://repo.maven.apache.org/maven2/org/codehaus/plexus/plexus/25/plexus-25.pom
[INFO] Downloaded from central: https://repo.maven.apache.org/maven2/org/codehaus/plexus/plexus/25/plexus-25.pom (31 kB at 278 kB/s)
[INFO] Downloading from central: https://repo.maven.apache.org/maven2/org/junit/junit-bom/5.14.1/junit-bom-5.14.1.pom
[INFO] Downloaded from central: https://repo.maven.apache.org/maven2/org/junit/junit-bom/5.14.1/junit-bom-5.14.1.pom (5.7 kB at 68 kB/s)
[INFO] Downloading from central: https://repo.maven.apache.org/maven2/org/apache/maven/maven-builder-support/3.9.16/maven-builder-support-3.9.16.pom
[INFO] Downloaded from central: https://repo.maven.apache.org/maven2/org/apache/maven/maven-builder-support/3.9.16/maven-builder-support-3.9.16.pom (1.6 kB at 15 kB/s)
[INFO] Downloading from central: https://repo.maven.apache.org/maven2/org/apache/maven/maven-model/3.9.16/maven-model-3.9.16.pom
[INFO] Downloaded from central: https://repo.maven.apache.org/maven2/org/apache/maven/maven-model/3.9.16/maven-model-3.9.16.pom (2.9 kB at 29 kB/s)
[INFO] Downloading from central: https://repo.maven.apache.org/maven2/org/apache/maven/maven-model-builder/3.9.16/maven-model-builder-3.9.16.pom
[INFO] Downloaded from central: https://repo.maven.apache.org/maven2/org/apache/maven/maven-model-builder/3.9.16/maven-model-builder-3.9.16.pom (4.0 kB at 36 kB/s)
[INFO] Downloading from central: https://repo.maven.apache.org/maven2/org/codehaus/plexus/plexus-interpolation/1.26/plexus-interpolation-1.26.pom
[INFO] Downloaded from central: https://repo.maven.apache.org/maven2/org/codehaus/plexus/plexus-interpolation/1.26/plexus-interpolation-1.26.pom (2.7 kB at 26 kB/s)
[INFO] Downloading from central: https://repo.maven.apache.org/maven2/org/codehaus/plexus/plexus/5.1/plexus-5.1.pom
[INFO] Downloaded from central: https://repo.maven.apache.org/maven2/org/codehaus/plexus/plexus/5.1/plexus-5.1.pom (23 kB at 208 kB/s)
[INFO] Downloading from central: https://repo.maven.apache.org/maven2/org/eclipse/sisu/org.eclipse.sisu.inject/1.0.0/org.eclipse.sisu.inject-1.0.0.pom
[INFO] Downloaded from central: https://repo.maven.apache.org/maven2/org/eclipse/sisu/org.eclipse.sisu.inject/1.0.0/org.eclipse.sisu.inject-1.0.0.pom (18 kB at 162 kB/s)
[INFO] Downloading from central: https://repo.maven.apache.org/maven2/org/eclipse/sisu/sisu-inject/1.0.0/sisu-inject-1.0.0.pom
[INFO] Downloaded from central: https://repo.maven.apache.org/maven2/org/eclipse/sisu/sisu-inject/1.0.0/sisu-inject-1.0.0.pom (28 kB at 244 kB/s)
[INFO] Downloading from central: https://repo.maven.apache.org/maven2/org/junit/junit-bom/5.12.2/junit-bom-5.12.2.pom
[INFO] Downloaded from central: https://repo.maven.apache.org/maven2/org/junit/junit-bom/5.12.2/junit-bom-5.12.2.pom (5.6 kB at 66 kB/s)
[INFO] Downloading from central: https://repo.maven.apache.org/maven2/org/ow2/asm/asm/9.10.1/asm-9.10.1.pom
[INFO] Downloaded from central: https://repo.maven.apache.org/maven2/org/ow2/asm/asm/9.10.1/asm-9.10.1.pom (2.4 kB at 23 kB/s)
[INFO] Downloading from central: https://repo.maven.apache.org/maven2/org/ow2/ow2/1.5.1/ow2-1.5.1.pom
[INFO] Downloaded from central: https://repo.maven.apache.org/maven2/org/ow2/ow2/1.5.1/ow2-1.5.1.pom (11 kB at 123 kB/s)
[INFO] Downloading from central: https://repo.maven.apache.org/maven2/org/apache/maven/maven-repository-metadata/3.9.16/maven-repository-metadata-3.9.16.pom
[INFO] Downloaded from central: https://repo.maven.apache.org/maven2/org/apache/maven/maven-repository-metadata/3.9.16/maven-repository-metadata-3.9.16.pom (2.2 kB at 19 kB/s)
[INFO] Downloading from central: https://repo.maven.apache.org/maven2/org/apache/maven/maven-resolver-provider/3.9.16/maven-resolver-provider-3.9.16.pom
[INFO] Downloaded from central: https://repo.maven.apache.org/maven2/org/apache/maven/maven-resolver-provider/3.9.16/maven-resolver-provider-3.9.16.pom (4.7 kB at 43 kB/s)
[INFO] Downloading from central: https://repo.maven.apache.org/maven2/org/apache/maven/maven-settings/3.9.16/maven-settings-3.9.16.pom
[INFO] Downloaded from central: https://repo.maven.apache.org/maven2/org/apache/maven/maven-settings/3.9.16/maven-settings-3.9.16.pom (1.8 kB at 19 kB/s)
[INFO] Downloading from central: https://repo.maven.apache.org/maven2/org/apache/maven/maven-settings-builder/3.9.16/maven-settings-builder-3.9.16.pom
[INFO] Downloaded from central: https://repo.maven.apache.org/maven2/org/apache/maven/maven-settings-builder/3.9.16/maven-settings-builder-3.9.16.pom (2.6 kB at 23 kB/s)
[INFO] Downloading from central: https://repo.maven.apache.org/maven2/org/codehaus/plexus/plexus-sec-dispatcher/2.0/plexus-sec-dispatcher-2.0.pom
[INFO] Downloaded from central: https://repo.maven.apache.org/maven2/org/codehaus/plexus/plexus-sec-dispatcher/2.0/plexus-sec-dispatcher-2.0.pom (3.2 kB at 30 kB/s)
[INFO] Downloading from central: https://repo.maven.apache.org/maven2/org/codehaus/plexus/plexus/8/plexus-8.pom
[INFO] Downloaded from central: https://repo.maven.apache.org/maven2/org/codehaus/plexus/plexus/8/plexus-8.pom (25 kB at 271 kB/s)
[INFO] Downloading from central: https://repo.maven.apache.org/maven2/org/codehaus/plexus/plexus-cipher/2.0/plexus-cipher-2.0.pom
[INFO] Downloaded from central: https://repo.maven.apache.org/maven2/org/codehaus/plexus/plexus-cipher/2.0/plexus-cipher-2.0.pom (4.4 kB at 45 kB/s)
[INFO] Downloading from central: https://repo.maven.apache.org/maven2/org/codehaus/plexus/plexus-xml/4.0.2/plexus-xml-4.0.2.pom
[INFO] Downloaded from central: https://repo.maven.apache.org/maven2/org/codehaus/plexus/plexus-xml/4.0.2/plexus-xml-4.0.2.pom (4.2 kB at 40 kB/s)
[INFO] Downloading from central: https://repo.maven.apache.org/maven2/org/codehaus/plexus/plexus/13/plexus-13.pom
[INFO] Downloaded from central: https://repo.maven.apache.org/maven2/org/codehaus/plexus/plexus/13/plexus-13.pom (27 kB at 266 kB/s)
[INFO] Downloading from central: https://repo.maven.apache.org/maven2/org/junit/junit-bom/5.9.3/junit-bom-5.9.3.pom
[INFO] Downloaded from central: https://repo.maven.apache.org/maven2/org/junit/junit-bom/5.9.3/junit-bom-5.9.3.pom (5.6 kB at 63 kB/s)
[INFO] Downloading from central: https://repo.maven.apache.org/maven2/org/apache/maven/maven-xml-impl/4.0.0-alpha-7/maven-xml-impl-4.0.0-alpha-7.pom
[INFO] Downloaded from central: https://repo.maven.apache.org/maven2/org/apache/maven/maven-xml-impl/4.0.0-alpha-7/maven-xml-impl-4.0.0-alpha-7.pom (1.9 kB at 20 kB/s)
[INFO] Downloading from central: https://repo.maven.apache.org/maven2/org/apache/maven/maven/4.0.0-alpha-7/maven-4.0.0-alpha-7.pom
[INFO] Downloaded from central: https://repo.maven.apache.org/maven2/org/apache/maven/maven/4.0.0-alpha-7/maven-4.0.0-alpha-7.pom (26 kB at 246 kB/s)
[INFO] Downloading from central: https://repo.maven.apache.org/maven2/org/apache/maven/maven-parent/40/maven-parent-40.pom
[INFO] Downloaded from central: https://repo.maven.apache.org/maven2/org/apache/maven/maven-parent/40/maven-parent-40.pom (49 kB at 475 kB/s)
[INFO] Downloading from central: https://repo.maven.apache.org/maven2/org/apache/apache/30/apache-30.pom
[INFO] Downloaded from central: https://repo.maven.apache.org/maven2/org/apache/apache/30/apache-30.pom (23 kB at 270 kB/s)
[INFO] Downloading from central: https://repo.maven.apache.org/maven2/org/apache/maven/maven-bom/4.0.0-alpha-7/maven-bom-4.0.0-alpha-7.pom
[INFO] Downloaded from central: https://repo.maven.apache.org/maven2/org/apache/maven/maven-bom/4.0.0-alpha-7/maven-bom-4.0.0-alpha-7.pom (6.3 kB at 59 kB/s)
[INFO] Downloading from central: https://repo.maven.apache.org/maven2/org/junit/junit-bom/5.9.1/junit-bom-5.9.1.pom
[INFO] Downloaded from central: https://repo.maven.apache.org/maven2/org/junit/junit-bom/5.9.1/junit-bom-5.9.1.pom (5.6 kB at 62 kB/s)
[INFO] Downloading from central: https://repo.maven.apache.org/maven2/org/mockito/mockito-bom/4.11.0/mockito-bom-4.11.0.pom
[INFO] Downloaded from central: https://repo.maven.apache.org/maven2/org/mockito/mockito-bom/4.11.0/mockito-bom-4.11.0.pom (3.2 kB at 34 kB/s)
[INFO] Downloading from central: https://repo.maven.apache.org/maven2/org/apache/maven/maven-api-xml/4.0.0-alpha-7/maven-api-xml-4.0.0-alpha-7.pom
[INFO] Downloaded from central: https://repo.maven.apache.org/maven2/org/apache/maven/maven-api-xml/4.0.0-alpha-7/maven-api-xml-4.0.0-alpha-7.pom (1.6 kB at 16 kB/s)
[INFO] Downloading from central: https://repo.maven.apache.org/maven2/org/apache/maven/maven-api/4.0.0-alpha-7/maven-api-4.0.0-alpha-7.pom
[INFO] Downloaded from central: https://repo.maven.apache.org/maven2/org/apache/maven/maven-api/4.0.0-alpha-7/maven-api-4.0.0-alpha-7.pom (3.6 kB at 32 kB/s)
[INFO] Downloading from central: https://repo.maven.apache.org/maven2/org/apache/maven/maven-api-meta/4.0.0-alpha-7/maven-api-meta-4.0.0-alpha-7.pom
[INFO] Downloaded from central: https://repo.maven.apache.org/maven2/org/apache/maven/maven-api-meta/4.0.0-alpha-7/maven-api-meta-4.0.0-alpha-7.pom (1.4 kB at 13 kB/s)
[INFO] Downloading from central: https://repo.maven.apache.org/maven2/org/eclipse/sisu/org.eclipse.sisu.plexus/1.0.0/org.eclipse.sisu.plexus-1.0.0.pom
[INFO] Downloaded from central: https://repo.maven.apache.org/maven2/org/eclipse/sisu/org.eclipse.sisu.plexus/1.0.0/org.eclipse.sisu.plexus-1.0.0.pom (17 kB at 160 kB/s)
[INFO] Downloading from central: https://repo.maven.apache.org/maven2/org/jboss/logmanager/jboss-logmanager/3.2.2.Final/jboss-logmanager-3.2.2.Final.pom
[INFO] Downloaded from central: https://repo.maven.apache.org/maven2/org/jboss/logmanager/jboss-logmanager/3.2.2.Final/jboss-logmanager-3.2.2.Final.pom (18 kB at 163 kB/s)
[INFO] Downloading from central: https://repo.maven.apache.org/maven2/io/smallrye/common/smallrye-common-cpu/2.18.1/smallrye-common-cpu-2.18.1.pom
[INFO] Downloaded from central: https://repo.maven.apache.org/maven2/io/smallrye/common/smallrye-common-cpu/2.18.1/smallrye-common-cpu-2.18.1.pom (2.9 kB at 25 kB/s)
[INFO] Downloading from central: https://repo.maven.apache.org/maven2/io/smallrye/common/smallrye-common-expression/2.18.1/smallrye-common-expression-2.18.1.pom
[INFO] Downloaded from central: https://repo.maven.apache.org/maven2/io/smallrye/common/smallrye-common-expression/2.18.1/smallrye-common-expression-2.18.1.pom (2.6 kB at 26 kB/s)
[INFO] Downloading from central: https://repo.maven.apache.org/maven2/io/smallrye/common/smallrye-common-function/2.18.1/smallrye-common-function-2.18.1.pom
[INFO] Downloaded from central: https://repo.maven.apache.org/maven2/io/smallrye/common/smallrye-common-function/2.18.1/smallrye-common-function-2.18.1.pom (2.5 kB at 25 kB/s)
[INFO] Downloading from central: https://repo.maven.apache.org/maven2/io/smallrye/common/smallrye-common-net/2.18.1/smallrye-common-net-2.18.1.pom
[INFO] Downloaded from central: https://repo.maven.apache.org/maven2/io/smallrye/common/smallrye-common-net/2.18.1/smallrye-common-net-2.18.1.pom (2.8 kB at 26 kB/s)
[INFO] Downloading from central: https://repo.maven.apache.org/maven2/io/smallrye/common/smallrye-common-os/2.18.1/smallrye-common-os-2.18.1.pom
[INFO] Downloaded from central: https://repo.maven.apache.org/maven2/io/smallrye/common/smallrye-common-os/2.18.1/smallrye-common-os-2.18.1.pom (1.7 kB at 16 kB/s)
[INFO] Downloading from central: https://repo.maven.apache.org/maven2/io/smallrye/common/smallrye-common-ref/2.18.1/smallrye-common-ref-2.18.1.pom
[INFO] Downloaded from central: https://repo.maven.apache.org/maven2/io/smallrye/common/smallrye-common-ref/2.18.1/smallrye-common-ref-2.18.1.pom (1.8 kB at 17 kB/s)
[INFO] Downloading from central: https://repo.maven.apache.org/maven2/jakarta/json/jakarta.json-api/2.1.3/jakarta.json-api-2.1.3.pom
[INFO] Downloaded from central: https://repo.maven.apache.org/maven2/jakarta/json/jakarta.json-api/2.1.3/jakarta.json-api-2.1.3.pom (19 kB at 187 kB/s)
[INFO] Downloading from central: https://repo.maven.apache.org/maven2/org/eclipse/ee4j/project/1.0.8/project-1.0.8.pom
[INFO] Downloaded from central: https://repo.maven.apache.org/maven2/org/eclipse/ee4j/project/1.0.8/project-1.0.8.pom (15 kB at 135 kB/s)
[INFO] Downloading from central: https://repo.maven.apache.org/maven2/org/eclipse/parsson/parsson/1.1.9/parsson-1.1.9.pom
[INFO] Downloaded from central: https://repo.maven.apache.org/maven2/org/eclipse/parsson/parsson/1.1.9/parsson-1.1.9.pom (4.6 kB at 44 kB/s)
[INFO] Downloading from central: https://repo.maven.apache.org/maven2/org/eclipse/parsson/project/1.1.9/project-1.1.9.pom
[INFO] Downloaded from central: https://repo.maven.apache.org/maven2/org/eclipse/parsson/project/1.1.9/project-1.1.9.pom (25 kB at 228 kB/s)
[INFO] Downloading from central: https://repo.maven.apache.org/maven2/org/eclipse/ee4j/project/1.0.9/project-1.0.9.pom
[INFO] Downloaded from central: https://repo.maven.apache.org/maven2/org/eclipse/ee4j/project/1.0.9/project-1.0.9.pom (16 kB at 177 kB/s)
[INFO] Downloading from central: https://repo.maven.apache.org/maven2/org/jboss/slf4j/slf4j-jboss-logmanager/2.0.2.Final/slf4j-jboss-logmanager-2.0.2.Final.pom
[INFO] Downloaded from central: https://repo.maven.apache.org/maven2/org/jboss/slf4j/slf4j-jboss-logmanager/2.0.2.Final/slf4j-jboss-logmanager-2.0.2.Final.pom (12 kB at 103 kB/s)
[INFO] Downloading from central: https://repo.maven.apache.org/maven2/org/junit/junit-bom/5.10.3/junit-bom-5.10.3.pom
[INFO] Downloaded from central: https://repo.maven.apache.org/maven2/org/junit/junit-bom/5.10.3/junit-bom-5.10.3.pom (5.6 kB at 67 kB/s)
[INFO] Downloading from central: https://repo.maven.apache.org/maven2/org/slf4j/slf4j-api/2.0.18/slf4j-api-2.0.18.pom
[INFO] Downloaded from central: https://repo.maven.apache.org/maven2/org/slf4j/slf4j-api/2.0.18/slf4j-api-2.0.18.pom (2.8 kB at 31 kB/s)
[INFO] Downloading from central: https://repo.maven.apache.org/maven2/org/slf4j/slf4j-parent/2.0.18/slf4j-parent-2.0.18.pom
[INFO] Downloaded from central: https://repo.maven.apache.org/maven2/org/slf4j/slf4j-parent/2.0.18/slf4j-parent-2.0.18.pom (13 kB at 145 kB/s)
[INFO] Downloading from central: https://repo.maven.apache.org/maven2/org/slf4j/slf4j-bom/2.0.18/slf4j-bom-2.0.18.pom
[INFO] Downloaded from central: https://repo.maven.apache.org/maven2/org/slf4j/slf4j-bom/2.0.18/slf4j-bom-2.0.18.pom (7.9 kB at 86 kB/s)
[INFO] Downloading from central: https://repo.maven.apache.org/maven2/io/quarkus/quarkus-bootstrap-maven4-resolver/3.37.3/quarkus-bootstrap-maven4-resolver-3.37.3.pom
[INFO] Downloaded from central: https://repo.maven.apache.org/maven2/io/quarkus/quarkus-bootstrap-maven4-resolver/3.37.3/quarkus-bootstrap-maven4-resolver-3.37.3.pom (1.4 kB at 14 kB/s)
[INFO] Downloading from central: https://repo.maven.apache.org/maven2/org/apache/maven/maven-embedder/3.9.16/maven-embedder-3.9.16.pom
[INFO] Downloaded from central: https://repo.maven.apache.org/maven2/org/apache/maven/maven-embedder/3.9.16/maven-embedder-3.9.16.pom (6.7 kB at 65 kB/s)
[INFO] Downloading from central: https://repo.maven.apache.org/maven2/org/apache/maven/maven-core/3.9.16/maven-core-3.9.16.pom
[INFO] Downloaded from central: https://repo.maven.apache.org/maven2/org/apache/maven/maven-core/3.9.16/maven-core-3.9.16.pom (8.0 kB at 81 kB/s)
[INFO] Downloading from central: https://repo.maven.apache.org/maven2/org/apache/maven/maven-plugin-api/3.9.16/maven-plugin-api-3.9.16.pom
[INFO] Downloaded from central: https://repo.maven.apache.org/maven2/org/apache/maven/maven-plugin-api/3.9.16/maven-plugin-api-3.9.16.pom (3.1 kB at 29 kB/s)
[INFO] Downloading from central: https://repo.maven.apache.org/maven2/org/codehaus/plexus/plexus-classworlds/2.6.0/plexus-classworlds-2.6.0.pom
[INFO] Downloaded from central: https://repo.maven.apache.org/maven2/org/codehaus/plexus/plexus-classworlds/2.6.0/plexus-classworlds-2.6.0.pom (7.9 kB at 79 kB/s)
[INFO] Downloading from central: https://repo.maven.apache.org/maven2/org/apache/maven/shared/maven-shared-utils/3.4.2/maven-shared-utils-3.4.2.pom
[INFO] Downloaded from central: https://repo.maven.apache.org/maven2/org/apache/maven/shared/maven-shared-utils/3.4.2/maven-shared-utils-3.4.2.pom (5.9 kB at 50 kB/s)
[INFO] Downloading from central: https://repo.maven.apache.org/maven2/org/apache/maven/shared/maven-shared-components/39/maven-shared-components-39.pom
[INFO] Downloaded from central: https://repo.maven.apache.org/maven2/org/apache/maven/shared/maven-shared-components/39/maven-shared-components-39.pom (3.2 kB at 28 kB/s)
[INFO] Downloading from central: https://repo.maven.apache.org/maven2/org/apache/maven/maven-parent/39/maven-parent-39.pom
[INFO] Downloaded from central: https://repo.maven.apache.org/maven2/org/apache/maven/maven-parent/39/maven-parent-39.pom (48 kB at 490 kB/s)
[INFO] Downloading from central: https://repo.maven.apache.org/maven2/org/apache/apache/29/apache-29.pom
[INFO] Downloaded from central: https://repo.maven.apache.org/maven2/org/apache/apache/29/apache-29.pom (21 kB at 230 kB/s)
[INFO] Downloading from central: https://repo.maven.apache.org/maven2/com/google/inject/guice/5.1.0/guice-5.1.0.pom
[INFO] Downloaded from central: https://repo.maven.apache.org/maven2/com/google/inject/guice/5.1.0/guice-5.1.0.pom (8.9 kB at 88 kB/s)
[INFO] Downloading from central: https://repo.maven.apache.org/maven2/com/google/inject/guice-parent/5.1.0/guice-parent-5.1.0.pom
[INFO] Downloaded from central: https://repo.maven.apache.org/maven2/com/google/inject/guice-parent/5.1.0/guice-parent-5.1.0.pom (18 kB at 149 kB/s)
[INFO] Downloading from central: https://repo.maven.apache.org/maven2/com/google/google/5/google-5.pom
[INFO] Downloaded from central: https://repo.maven.apache.org/maven2/com/google/google/5/google-5.pom (2.5 kB at 27 kB/s)
[INFO] Downloading from central: https://repo.maven.apache.org/maven2/aopalliance/aopalliance/1.0/aopalliance-1.0.pom
[INFO] Downloaded from central: https://repo.maven.apache.org/maven2/aopalliance/aopalliance/1.0/aopalliance-1.0.pom (363 B at 4.4 kB/s)
[INFO] Downloading from central: https://repo.maven.apache.org/maven2/com/google/guava/guava/33.6.0-jre/guava-33.6.0-jre.pom
[INFO] Downloaded from central: https://repo.maven.apache.org/maven2/com/google/guava/guava/33.6.0-jre/guava-33.6.0-jre.pom (9.8 kB at 95 kB/s)
[INFO] Downloading from central: https://repo.maven.apache.org/maven2/com/google/guava/guava-parent/33.6.0-jre/guava-parent-33.6.0-jre.pom
[INFO] Downloaded from central: https://repo.maven.apache.org/maven2/com/google/guava/guava-parent/33.6.0-jre/guava-parent-33.6.0-jre.pom (26 kB at 255 kB/s)
[INFO] Downloading from central: https://repo.maven.apache.org/maven2/org/jspecify/jspecify/1.0.0/jspecify-1.0.0.pom
[INFO] Downloaded from central: https://repo.maven.apache.org/maven2/org/jspecify/jspecify/1.0.0/jspecify-1.0.0.pom (1.5 kB at 16 kB/s)
[INFO] Downloading from central: https://repo.maven.apache.org/maven2/com/google/guava/failureaccess/1.0.1/failureaccess-1.0.1.pom
[INFO] Downloaded from central: https://repo.maven.apache.org/maven2/com/google/guava/failureaccess/1.0.1/failureaccess-1.0.1.pom (2.4 kB at 23 kB/s)
[INFO] Downloading from central: https://repo.maven.apache.org/maven2/com/google/guava/guava-parent/26.0-android/guava-parent-26.0-android.pom
[INFO] Downloaded from central: https://repo.maven.apache.org/maven2/com/google/guava/guava-parent/26.0-android/guava-parent-26.0-android.pom (10 kB at 104 kB/s)
[INFO] Downloading from central: https://repo.maven.apache.org/maven2/org/sonatype/oss/oss-parent/9/oss-parent-9.pom
[INFO] Downloaded from central: https://repo.maven.apache.org/maven2/org/sonatype/oss/oss-parent/9/oss-parent-9.pom (6.6 kB at 60 kB/s)
[INFO] Downloading from central: https://repo.maven.apache.org/maven2/org/codehaus/plexus/plexus-component-annotations/2.1.0/plexus-component-annotations-2.1.0.pom
[INFO] Downloaded from central: https://repo.maven.apache.org/maven2/org/codehaus/plexus/plexus-component-annotations/2.1.0/plexus-component-annotations-2.1.0.pom (750 B at 7.1 kB/s)
[INFO] Downloading from central: https://repo.maven.apache.org/maven2/org/codehaus/plexus/plexus-containers/2.1.0/plexus-containers-2.1.0.pom
[INFO] Downloaded from central: https://repo.maven.apache.org/maven2/org/codehaus/plexus/plexus-containers/2.1.0/plexus-containers-2.1.0.pom (4.8 kB at 47 kB/s)
[INFO] Downloading from central: https://repo.maven.apache.org/maven2/javax/annotation/javax.annotation-api/1.3.2/javax.annotation-api-1.3.2.pom
[INFO] Downloaded from central: https://repo.maven.apache.org/maven2/javax/annotation/javax.annotation-api/1.3.2/javax.annotation-api-1.3.2.pom (14 kB at 138 kB/s)
[INFO] Downloading from central: https://repo.maven.apache.org/maven2/net/java/jvnet-parent/3/jvnet-parent-3.pom
[INFO] Downloaded from central: https://repo.maven.apache.org/maven2/net/java/jvnet-parent/3/jvnet-parent-3.pom (4.8 kB at 51 kB/s)
[INFO] Downloading from central: https://repo.maven.apache.org/maven2/commons-cli/commons-cli/1.11.0/commons-cli-1.11.0.pom
[INFO] Downloaded from central: https://repo.maven.apache.org/maven2/commons-cli/commons-cli/1.11.0/commons-cli-1.11.0.pom (14 kB at 156 kB/s)
[INFO] Downloading from central: https://repo.maven.apache.org/maven2/org/apache/commons/commons-parent/91/commons-parent-91.pom
[INFO] Downloaded from central: https://repo.maven.apache.org/maven2/org/apache/commons/commons-parent/91/commons-parent-91.pom (79 kB at 723 kB/s)
[INFO] Downloading from central: https://repo.maven.apache.org/maven2/io/quarkus/quarkus-core-deployment/3.37.3/quarkus-core-deployment-3.37.3.pom
[INFO] Downloaded from central: https://repo.maven.apache.org/maven2/io/quarkus/quarkus-core-deployment/3.37.3/quarkus-core-deployment-3.37.3.pom (13 kB at 134 kB/s)
[INFO] Downloading from central: https://repo.maven.apache.org/maven2/io/quarkus/quarkus-core-parent/3.37.3/quarkus-core-parent-3.37.3.pom
[INFO] Downloaded from central: https://repo.maven.apache.org/maven2/io/quarkus/quarkus-core-parent/3.37.3/quarkus-core-parent-3.37.3.pom (921 B at 9.5 kB/s)
[INFO] Downloading from central: https://repo.maven.apache.org/maven2/io/quarkus/quarkus-build-parent/3.37.3/quarkus-build-parent-3.37.3.pom
[INFO] Downloaded from central: https://repo.maven.apache.org/maven2/io/quarkus/quarkus-build-parent/3.37.3/quarkus-build-parent-3.37.3.pom (59 kB at 577 kB/s)
[INFO] Downloading from central: https://repo.maven.apache.org/maven2/io/quarkus/quarkus-project/3.37.3/quarkus-project-3.37.3.pom
[INFO] Downloaded from central: https://repo.maven.apache.org/maven2/io/quarkus/quarkus-project/3.37.3/quarkus-project-3.37.3.pom (16 kB at 162 kB/s)
[INFO] Downloading from central: https://repo.maven.apache.org/maven2/io/quarkus/quarkus-bom/3.37.3/quarkus-bom-3.37.3.pom
[INFO] Downloaded from central: https://repo.maven.apache.org/maven2/io/quarkus/quarkus-bom/3.37.3/quarkus-bom-3.37.3.pom (412 kB at 3.6 MB/s)
[INFO] Downloading from central: https://repo.maven.apache.org/maven2/org/aesh/readline/2.6.3/readline-2.6.3.pom
[INFO] Downloaded from central: https://repo.maven.apache.org/maven2/org/aesh/readline/2.6.3/readline-2.6.3.pom (4.6 kB at 50 kB/s)
[INFO] Downloading from central: https://repo.maven.apache.org/maven2/org/aesh/readline-all/2.6.3/readline-all-2.6.3.pom
[INFO] Downloaded from central: https://repo.maven.apache.org/maven2/org/aesh/readline-all/2.6.3/readline-all-2.6.3.pom (7.2 kB at 83 kB/s)
[INFO] Downloading from central: https://repo.maven.apache.org/maven2/org/jline/jansi/4.2.1/jansi-4.2.1.pom
[INFO] Downloaded from central: https://repo.maven.apache.org/maven2/org/jline/jansi/4.2.1/jansi-4.2.1.pom (9.7 kB at 107 kB/s)
[INFO] Downloading from central: https://repo.maven.apache.org/maven2/org/jline/jline-parent/4.2.1/jline-parent-4.2.1.pom
[INFO] Downloaded from central: https://repo.maven.apache.org/maven2/org/jline/jline-parent/4.2.1/jline-parent-4.2.1.pom (30 kB at 346 kB/s)
[INFO] Downloading from central: https://repo.maven.apache.org/maven2/org/aesh/aesh/2.8.2/aesh-2.8.2.pom
[INFO] Downloaded from central: https://repo.maven.apache.org/maven2/org/aesh/aesh/2.8.2/aesh-2.8.2.pom (5.0 kB at 50 kB/s)
[INFO] Downloading from central: https://repo.maven.apache.org/maven2/org/aesh/aesh-all/2.8.2/aesh-all-2.8.2.pom
[INFO] Downloaded from central: https://repo.maven.apache.org/maven2/org/aesh/aesh-all/2.8.2/aesh-all-2.8.2.pom (4.0 kB at 41 kB/s)
[INFO] Downloading from central: https://repo.maven.apache.org/maven2/org/jboss/jboss-parent/19/jboss-parent-19.pom
[INFO] Downloaded from central: https://repo.maven.apache.org/maven2/org/jboss/jboss-parent/19/jboss-parent-19.pom (32 kB at 400 kB/s)
[INFO] Downloading from central: https://repo.maven.apache.org/maven2/org/apache/commons/commons-compress/1.28.0/commons-compress-1.28.0.pom
[INFO] Downloaded from central: https://repo.maven.apache.org/maven2/org/apache/commons/commons-compress/1.28.0/commons-compress-1.28.0.pom (25 kB at 256 kB/s)
[INFO] Downloading from central: https://repo.maven.apache.org/maven2/org/apache/commons/commons-parent/85/commons-parent-85.pom
[INFO] Downloaded from central: https://repo.maven.apache.org/maven2/org/apache/commons/commons-parent/85/commons-parent-85.pom (78 kB at 768 kB/s)
[INFO] Downloading from central: https://repo.maven.apache.org/maven2/org/junit/junit-bom/5.13.1/junit-bom-5.13.1.pom
[INFO] Downloaded from central: https://repo.maven.apache.org/maven2/org/junit/junit-bom/5.13.1/junit-bom-5.13.1.pom (5.6 kB at 67 kB/s)
[INFO] Downloading from central: https://repo.maven.apache.org/maven2/commons-io/commons-io/2.22.0/commons-io-2.22.0.pom
[INFO] Downloaded from central: https://repo.maven.apache.org/maven2/commons-io/commons-io/2.22.0/commons-io-2.22.0.pom (20 kB at 228 kB/s)
[INFO] Downloading from central: https://repo.maven.apache.org/maven2/org/wildfly/common/wildfly-common/2.0.1/wildfly-common-2.0.1.pom
[INFO] Downloaded from central: https://repo.maven.apache.org/maven2/org/wildfly/common/wildfly-common/2.0.1/wildfly-common-2.0.1.pom (7.5 kB at 71 kB/s)
[INFO] Downloading from central: https://repo.maven.apache.org/maven2/org/jboss/jboss-parent/44/jboss-parent-44.pom
[INFO] Downloaded from central: https://repo.maven.apache.org/maven2/org/jboss/jboss-parent/44/jboss-parent-44.pom (77 kB at 769 kB/s)
[INFO] Downloading from central: https://repo.maven.apache.org/maven2/io/smallrye/common/smallrye-common-bom/2.4.0/smallrye-common-bom-2.4.0.pom
[INFO] Downloaded from central: https://repo.maven.apache.org/maven2/io/smallrye/common/smallrye-common-bom/2.4.0/smallrye-common-bom-2.4.0.pom (4.7 kB at 13 kB/s)
[INFO] Downloading from central: https://repo.maven.apache.org/maven2/io/quarkus/gizmo/gizmo/1.10.1/gizmo-1.10.1.pom
[INFO] Downloaded from central: https://repo.maven.apache.org/maven2/io/quarkus/gizmo/gizmo/1.10.1/gizmo-1.10.1.pom (13 kB at 126 kB/s)
[INFO] Downloading from central: https://repo.maven.apache.org/maven2/org/ow2/asm/asm-util/9.10.1/asm-util-9.10.1.pom
[INFO] Downloaded from central: https://repo.maven.apache.org/maven2/org/ow2/asm/asm-util/9.10.1/asm-util-9.10.1.pom (3.0 kB at 27 kB/s)
[INFO] Downloading from central: https://repo.maven.apache.org/maven2/org/ow2/asm/asm-tree/9.10.1/asm-tree-9.10.1.pom
[INFO] Downloaded from central: https://repo.maven.apache.org/maven2/org/ow2/asm/asm-tree/9.10.1/asm-tree-9.10.1.pom (2.6 kB at 26 kB/s)
[INFO] Downloading from central: https://repo.maven.apache.org/maven2/org/ow2/asm/asm-analysis/9.10.1/asm-analysis-9.10.1.pom
[INFO] Downloaded from central: https://repo.maven.apache.org/maven2/org/ow2/asm/asm-analysis/9.10.1/asm-analysis-9.10.1.pom (2.6 kB at 25 kB/s)
[INFO] Downloading from central: https://repo.maven.apache.org/maven2/io/smallrye/jandex/3.6.0/jandex-3.6.0.pom
[INFO] Downloaded from central: https://repo.maven.apache.org/maven2/io/smallrye/jandex/3.6.0/jandex-3.6.0.pom (7.8 kB at 76 kB/s)
[INFO] Downloading from central: https://repo.maven.apache.org/maven2/io/smallrye/jandex-parent/3.6.0/jandex-parent-3.6.0.pom
[INFO] Downloaded from central: https://repo.maven.apache.org/maven2/io/smallrye/jandex-parent/3.6.0/jandex-parent-3.6.0.pom (8.7 kB at 81 kB/s)
[INFO] Downloading from central: https://repo.maven.apache.org/maven2/io/smallrye/smallrye-build-parent/46/smallrye-build-parent-46.pom
[INFO] Downloaded from central: https://repo.maven.apache.org/maven2/io/smallrye/smallrye-build-parent/46/smallrye-build-parent-46.pom (63 kB at 663 kB/s)
[INFO] Downloading from central: https://repo.maven.apache.org/maven2/io/quarkus/gizmo/gizmo2/2.1.1/gizmo2-2.1.1.pom
[INFO] Downloaded from central: https://repo.maven.apache.org/maven2/io/quarkus/gizmo/gizmo2/2.1.1/gizmo2-2.1.1.pom (12 kB at 111 kB/s)
[INFO] Downloading from central: https://repo.maven.apache.org/maven2/io/smallrye/common/smallrye-common-bom/2.16.0/smallrye-common-bom-2.16.0.pom
[INFO] Downloaded from central: https://repo.maven.apache.org/maven2/io/smallrye/common/smallrye-common-bom/2.16.0/smallrye-common-bom-2.16.0.pom (5.4 kB at 58 kB/s)
[INFO] Downloading from central: https://repo.maven.apache.org/maven2/io/smallrye/common/smallrye-common-resource/2.18.1/smallrye-common-resource-2.18.1.pom
[INFO] Downloaded from central: https://repo.maven.apache.org/maven2/io/smallrye/common/smallrye-common-resource/2.18.1/smallrye-common-resource-2.18.1.pom (937 B at 9.0 kB/s)
[INFO] Downloading from central: https://repo.maven.apache.org/maven2/io/smallrye/jandex-gizmo2/3.6.0/jandex-gizmo2-3.6.0.pom
[INFO] Downloaded from central: https://repo.maven.apache.org/maven2/io/smallrye/jandex-gizmo2/3.6.0/jandex-gizmo2-3.6.0.pom (2.0 kB at 22 kB/s)
[INFO] Downloading from central: https://repo.maven.apache.org/maven2/io/smallrye/common/smallrye-common-process/2.18.1/smallrye-common-process-2.18.1.pom
[INFO] Downloaded from central: https://repo.maven.apache.org/maven2/io/smallrye/common/smallrye-common-process/2.18.1/smallrye-common-process-2.18.1.pom (3.7 kB at 37 kB/s)
[INFO] Downloading from central: https://repo.maven.apache.org/maven2/org/ow2/asm/asm-commons/9.10.1/asm-commons-9.10.1.pom
[INFO] Downloaded from central: https://repo.maven.apache.org/maven2/org/ow2/asm/asm-commons/9.10.1/asm-commons-9.10.1.pom (2.8 kB at 28 kB/s)
[INFO] Downloading from central: https://repo.maven.apache.org/maven2/io/quarkus/quarkus-development-mode-spi/3.37.3/quarkus-development-mode-spi-3.37.3.pom
[INFO] Downloaded from central: https://repo.maven.apache.org/maven2/io/quarkus/quarkus-development-mode-spi/3.37.3/quarkus-development-mode-spi-3.37.3.pom (1.0 kB at 12 kB/s)
[INFO] Downloading from central: https://repo.maven.apache.org/maven2/io/quarkus/quarkus-hibernate-validator-spi/3.37.3/quarkus-hibernate-validator-spi-3.37.3.pom
[INFO] Downloaded from central: https://repo.maven.apache.org/maven2/io/quarkus/quarkus-hibernate-validator-spi/3.37.3/quarkus-hibernate-validator-spi-3.37.3.pom (1.0 kB at 10 kB/s)
[INFO] Downloading from central: https://repo.maven.apache.org/maven2/io/quarkus/quarkus-hibernate-validator-parent/3.37.3/quarkus-hibernate-validator-parent-3.37.3.pom
[INFO] Downloaded from central: https://repo.maven.apache.org/maven2/io/quarkus/quarkus-hibernate-validator-parent/3.37.3/quarkus-hibernate-validator-parent-3.37.3.pom (789 B at 8.5 kB/s)
[INFO] Downloading from central: https://repo.maven.apache.org/maven2/io/quarkus/quarkus-extensions-parent/3.37.3/quarkus-extensions-parent-3.37.3.pom
[INFO] Downloaded from central: https://repo.maven.apache.org/maven2/io/quarkus/quarkus-extensions-parent/3.37.3/quarkus-extensions-parent-3.37.3.pom (9.5 kB at 104 kB/s)
[INFO] Downloading from central: https://repo.maven.apache.org/maven2/io/quarkus/quarkus-builder/3.37.3/quarkus-builder-3.37.3.pom
[INFO] Downloaded from central: https://repo.maven.apache.org/maven2/io/quarkus/quarkus-builder/3.37.3/quarkus-builder-3.37.3.pom (2.7 kB at 26 kB/s)
[INFO] Downloading from central: https://repo.maven.apache.org/maven2/org/jboss/threads/jboss-threads/3.9.2/jboss-threads-3.9.2.pom
[INFO] Downloaded from central: https://repo.maven.apache.org/maven2/org/jboss/threads/jboss-threads/3.9.2/jboss-threads-3.9.2.pom (9.5 kB at 91 kB/s)
[INFO] Downloading from central: https://repo.maven.apache.org/maven2/io/smallrye/common/smallrye-common-bom/2.14.0/smallrye-common-bom-2.14.0.pom
[INFO] Downloaded from central: https://repo.maven.apache.org/maven2/io/smallrye/common/smallrye-common-bom/2.14.0/smallrye-common-bom-2.14.0.pom (5.4 kB at 59 kB/s)
[INFO] Downloading from central: https://repo.maven.apache.org/maven2/io/smallrye/common/smallrye-common-annotation/2.18.1/smallrye-common-annotation-2.18.1.pom
[INFO] Downloaded from central: https://repo.maven.apache.org/maven2/io/smallrye/common/smallrye-common-annotation/2.18.1/smallrye-common-annotation-2.18.1.pom (3.4 kB at 33 kB/s)
[INFO] Downloading from central: https://repo.maven.apache.org/maven2/io/quarkus/quarkus-class-change-agent/3.37.3/quarkus-class-change-agent-3.37.3.pom
[INFO] Downloaded from central: https://repo.maven.apache.org/maven2/io/quarkus/quarkus-class-change-agent/3.37.3/quarkus-class-change-agent-3.37.3.pom (1.6 kB at 17 kB/s)
[INFO] Downloading from central: https://repo.maven.apache.org/maven2/io/quarkus/quarkus-core/3.37.3/quarkus-core-3.37.3.pom
[INFO] Downloaded from central: https://repo.maven.apache.org/maven2/io/quarkus/quarkus-core/3.37.3/quarkus-core-3.37.3.pom (21 kB at 206 kB/s)
[INFO] Downloading from central: https://repo.maven.apache.org/maven2/jakarta/annotation/jakarta.annotation-api/3.0.0/jakarta.annotation-api-3.0.0.pom
[INFO] Downloaded from central: https://repo.maven.apache.org/maven2/jakarta/annotation/jakarta.annotation-api/3.0.0/jakarta.annotation-api-3.0.0.pom (15 kB at 162 kB/s)
[INFO] Downloading from central: https://repo.maven.apache.org/maven2/jakarta/enterprise/jakarta.enterprise.cdi-api/4.1.0/jakarta.enterprise.cdi-api-4.1.0.pom
[INFO] Downloaded from central: https://repo.maven.apache.org/maven2/jakarta/enterprise/jakarta.enterprise.cdi-api/4.1.0/jakarta.enterprise.cdi-api-4.1.0.pom (12 kB at 117 kB/s)
[INFO] Downloading from central: https://repo.maven.apache.org/maven2/jakarta/enterprise/jakarta.enterprise.cdi-parent/4.1.0/jakarta.enterprise.cdi-parent-4.1.0.pom
[INFO] Downloaded from central: https://repo.maven.apache.org/maven2/jakarta/enterprise/jakarta.enterprise.cdi-parent/4.1.0/jakarta.enterprise.cdi-parent-4.1.0.pom (8.2 kB at 90 kB/s)
[INFO] Downloading from central: https://repo.maven.apache.org/maven2/jakarta/enterprise/jakarta.enterprise.lang-model/4.1.0/jakarta.enterprise.lang-model-4.1.0.pom
[INFO] Downloaded from central: https://repo.maven.apache.org/maven2/jakarta/enterprise/jakarta.enterprise.lang-model/4.1.0/jakarta.enterprise.lang-model-4.1.0.pom (3.8 kB at 37 kB/s)
[INFO] Downloading from central: https://repo.maven.apache.org/maven2/jakarta/el/jakarta.el-api/6.0.1/jakarta.el-api-6.0.1.pom
[INFO] Downloaded from central: https://repo.maven.apache.org/maven2/jakarta/el/jakarta.el-api/6.0.1/jakarta.el-api-6.0.1.pom (12 kB at 123 kB/s)
[INFO] Downloading from central: https://repo.maven.apache.org/maven2/jakarta/interceptor/jakarta.interceptor-api/2.2.0/jakarta.interceptor-api-2.2.0.pom
[INFO] Downloaded from central: https://repo.maven.apache.org/maven2/jakarta/interceptor/jakarta.interceptor-api/2.2.0/jakarta.interceptor-api-2.2.0.pom (2.6 kB at 26 kB/s)
[INFO] Downloading from central: https://repo.maven.apache.org/maven2/jakarta/inject/jakarta.inject-api/2.0.1/jakarta.inject-api-2.0.1.pom
[INFO] Downloaded from central: https://repo.maven.apache.org/maven2/jakarta/inject/jakarta.inject-api/2.0.1/jakarta.inject-api-2.0.1.pom (5.9 kB at 59 kB/s)
[INFO] Downloading from central: https://repo.maven.apache.org/maven2/org/eclipse/ee4j/project/1.0.6/project-1.0.6.pom
[INFO] Downloaded from central: https://repo.maven.apache.org/maven2/org/eclipse/ee4j/project/1.0.6/project-1.0.6.pom (13 kB at 142 kB/s)
[INFO] Downloading from central: https://repo.maven.apache.org/maven2/io/smallrye/config/smallrye-config/3.17.2/smallrye-config-3.17.2.pom
[INFO] Downloaded from central: https://repo.maven.apache.org/maven2/io/smallrye/config/smallrye-config/3.17.2/smallrye-config-3.17.2.pom (4.4 kB at 39 kB/s)
[INFO] Downloading from central: https://repo.maven.apache.org/maven2/io/smallrye/config/smallrye-config-parent/3.17.2/smallrye-config-parent-3.17.2.pom
[INFO] Downloaded from central: https://repo.maven.apache.org/maven2/io/smallrye/config/smallrye-config-parent/3.17.2/smallrye-config-parent-3.17.2.pom (7.8 kB at 73 kB/s)
[INFO] Downloading from central: https://repo.maven.apache.org/maven2/io/smallrye/common/smallrye-common-bom/2.17.1/smallrye-common-bom-2.17.1.pom
[INFO] Downloaded from central: https://repo.maven.apache.org/maven2/io/smallrye/common/smallrye-common-bom/2.17.1/smallrye-common-bom-2.17.1.pom (5.6 kB at 61 kB/s)
[INFO] Downloading from central: https://repo.maven.apache.org/maven2/io/smallrye/testing/smallrye-testing-bom/2.5.0/smallrye-testing-bom-2.5.0.pom
[INFO] Downloaded from central: https://repo.maven.apache.org/maven2/io/smallrye/testing/smallrye-testing-bom/2.5.0/smallrye-testing-bom-2.5.0.pom (4.5 kB at 43 kB/s)
[INFO] Downloading from central: https://repo.maven.apache.org/maven2/io/smallrye/testing/smallrye-testing-parent/2.5.0/smallrye-testing-parent-2.5.0.pom
[INFO] Downloaded from central: https://repo.maven.apache.org/maven2/io/smallrye/testing/smallrye-testing-parent/2.5.0/smallrye-testing-parent-2.5.0.pom (4.3 kB at 40 kB/s)
[INFO] Downloading from central: https://repo.maven.apache.org/maven2/io/smallrye/config/smallrye-config-core/3.17.2/smallrye-config-core-3.17.2.pom
[INFO] Downloaded from central: https://repo.maven.apache.org/maven2/io/smallrye/config/smallrye-config-core/3.17.2/smallrye-config-core-3.17.2.pom (5.1 kB at 46 kB/s)
[INFO] Downloading from central: https://repo.maven.apache.org/maven2/org/eclipse/microprofile/config/microprofile-config-api/3.1.1/microprofile-config-api-3.1.1.pom
[INFO] Downloaded from central: https://repo.maven.apache.org/maven2/org/eclipse/microprofile/config/microprofile-config-api/3.1.1/microprofile-config-api-3.1.1.pom (2.2 kB at 19 kB/s)
[INFO] Downloading from central: https://repo.maven.apache.org/maven2/org/eclipse/microprofile/config/microprofile-config-parent/3.1.1/microprofile-config-parent-3.1.1.pom
[INFO] Downloaded from central: https://repo.maven.apache.org/maven2/org/eclipse/microprofile/config/microprofile-config-parent/3.1.1/microprofile-config-parent-3.1.1.pom (4.2 kB at 36 kB/s)
[INFO] Downloading from central: https://repo.maven.apache.org/maven2/org/eclipse/microprofile/microprofile-parent/2.12/microprofile-parent-2.12.pom
[INFO] Downloaded from central: https://repo.maven.apache.org/maven2/org/eclipse/microprofile/microprofile-parent/2.12/microprofile-parent-2.12.pom (52 kB at 497 kB/s)
[INFO] Downloading from central: https://repo.maven.apache.org/maven2/io/smallrye/common/smallrye-common-classloader/2.18.1/smallrye-common-classloader-2.18.1.pom
[INFO] Downloaded from central: https://repo.maven.apache.org/maven2/io/smallrye/common/smallrye-common-classloader/2.18.1/smallrye-common-classloader-2.18.1.pom (2.2 kB at 21 kB/s)
[INFO] Downloading from central: https://repo.maven.apache.org/maven2/io/smallrye/config/smallrye-config-common/3.17.2/smallrye-config-common-3.17.2.pom
[INFO] Downloaded from central: https://repo.maven.apache.org/maven2/io/smallrye/config/smallrye-config-common/3.17.2/smallrye-config-common-3.17.2.pom (1.1 kB at 10 kB/s)
[INFO] Downloading from central: https://repo.maven.apache.org/maven2/io/quarkus/quarkus-bootstrap-runner/3.37.3/quarkus-bootstrap-runner-3.37.3.pom
[INFO] Downloaded from central: https://repo.maven.apache.org/maven2/io/quarkus/quarkus-bootstrap-runner/3.37.3/quarkus-bootstrap-runner-3.37.3.pom (3.8 kB at 38 kB/s)
[INFO] Downloading from central: https://repo.maven.apache.org/maven2/org/crac/crac/1.5.0/crac-1.5.0.pom
[INFO] Downloaded from central: https://repo.maven.apache.org/maven2/org/crac/crac/1.5.0/crac-1.5.0.pom (4.6 kB at 46 kB/s)
[INFO] Downloading from central: https://repo.maven.apache.org/maven2/org/graalvm/sdk/nativeimage/23.1.2/nativeimage-23.1.2.pom
[INFO] Downloaded from central: https://repo.maven.apache.org/maven2/org/graalvm/sdk/nativeimage/23.1.2/nativeimage-23.1.2.pom (1.4 kB at 14 kB/s)
[INFO] Downloading from central: https://repo.maven.apache.org/maven2/org/graalvm/sdk/word/23.1.2/word-23.1.2.pom
[INFO] Downloaded from central: https://repo.maven.apache.org/maven2/org/graalvm/sdk/word/23.1.2/word-23.1.2.pom (1.2 kB at 12 kB/s)
[INFO] Downloading from central: https://repo.maven.apache.org/maven2/net/bytebuddy/byte-buddy-agent/1.18.8/byte-buddy-agent-1.18.8.pom
[INFO] Downloaded from central: https://repo.maven.apache.org/maven2/net/bytebuddy/byte-buddy-agent/1.18.8/byte-buddy-agent-1.18.8.pom (14 kB at 147 kB/s)
[INFO] Downloading from central: https://repo.maven.apache.org/maven2/net/bytebuddy/byte-buddy-parent/1.18.8/byte-buddy-parent-1.18.8.pom
[INFO] Downloaded from central: https://repo.maven.apache.org/maven2/net/bytebuddy/byte-buddy-parent/1.18.8/byte-buddy-parent-1.18.8.pom (68 kB at 631 kB/s)
[INFO] Downloading from central: https://repo.maven.apache.org/maven2/org/junit/platform/junit-platform-launcher/6.1.1/junit-platform-launcher-6.1.1.pom
[INFO] Downloaded from central: https://repo.maven.apache.org/maven2/org/junit/platform/junit-platform-launcher/6.1.1/junit-platform-launcher-6.1.1.pom (3.4 kB at 32 kB/s)
[INFO] Downloading from central: https://repo.maven.apache.org/maven2/org/junit/platform/junit-platform-engine/6.1.1/junit-platform-engine-6.1.1.pom
[INFO] Downloaded from central: https://repo.maven.apache.org/maven2/org/junit/platform/junit-platform-engine/6.1.1/junit-platform-engine-6.1.1.pom (3.5 kB at 34 kB/s)
[INFO] Downloading from central: https://repo.maven.apache.org/maven2/org/opentest4j/opentest4j/1.3.0/opentest4j-1.3.0.pom
[INFO] Downloaded from central: https://repo.maven.apache.org/maven2/org/opentest4j/opentest4j/1.3.0/opentest4j-1.3.0.pom (2.0 kB at 21 kB/s)
[INFO] Downloading from central: https://repo.maven.apache.org/maven2/org/junit/platform/junit-platform-commons/6.1.1/junit-platform-commons-6.1.1.pom
[INFO] Downloaded from central: https://repo.maven.apache.org/maven2/org/junit/platform/junit-platform-commons/6.1.1/junit-platform-commons-6.1.1.pom (3.2 kB at 30 kB/s)
[INFO] Downloading from central: https://repo.maven.apache.org/maven2/org/apiguardian/apiguardian-api/1.1.2/apiguardian-api-1.1.2.pom
[INFO] Downloaded from central: https://repo.maven.apache.org/maven2/org/apiguardian/apiguardian-api/1.1.2/apiguardian-api-1.1.2.pom (1.5 kB at 16 kB/s)
[INFO] Downloading from central: https://repo.maven.apache.org/maven2/org/junit/jupiter/junit-jupiter/6.1.1/junit-jupiter-6.1.1.pom
[INFO] Downloaded from central: https://repo.maven.apache.org/maven2/org/junit/jupiter/junit-jupiter/6.1.1/junit-jupiter-6.1.1.pom (3.4 kB at 33 kB/s)
[INFO] Downloading from central: https://repo.maven.apache.org/maven2/org/junit/jupiter/junit-jupiter-api/6.1.1/junit-jupiter-api-6.1.1.pom
[INFO] Downloaded from central: https://repo.maven.apache.org/maven2/org/junit/jupiter/junit-jupiter-api/6.1.1/junit-jupiter-api-6.1.1.pom (3.5 kB at 34 kB/s)
[INFO] Downloading from central: https://repo.maven.apache.org/maven2/org/junit/jupiter/junit-jupiter-params/6.1.1/junit-jupiter-params-6.1.1.pom
[INFO] Downloaded from central: https://repo.maven.apache.org/maven2/org/junit/jupiter/junit-jupiter-params/6.1.1/junit-jupiter-params-6.1.1.pom (3.3 kB at 30 kB/s)
[INFO] Downloading from central: https://repo.maven.apache.org/maven2/org/junit/jupiter/junit-jupiter-engine/6.1.1/junit-jupiter-engine-6.1.1.pom
[INFO] Downloaded from central: https://repo.maven.apache.org/maven2/org/junit/jupiter/junit-jupiter-engine/6.1.1/junit-jupiter-engine-6.1.1.pom (3.5 kB at 35 kB/s)
[INFO] Downloading from central: https://repo.maven.apache.org/maven2/io/quarkus/quarkus-project-core-extension-codestarts/3.37.3/quarkus-project-core-extension-codestarts-3.37.3.pom
[INFO] Downloaded from central: https://repo.maven.apache.org/maven2/io/quarkus/quarkus-project-core-extension-codestarts/3.37.3/quarkus-project-core-extension-codestarts-3.37.3.pom (11 kB at 120 kB/s)
[INFO] Downloading from central: https://repo.maven.apache.org/maven2/io/quarkus/quarkus-devtools-all/3.37.3/quarkus-devtools-all-3.37.3.pom
[INFO] Downloaded from central: https://repo.maven.apache.org/maven2/io/quarkus/quarkus-devtools-all/3.37.3/quarkus-devtools-all-3.37.3.pom (1.2 kB at 12 kB/s)
[INFO] Downloading from central: https://repo.maven.apache.org/maven2/io/quarkus/quarkus-devtools-common/3.37.3/quarkus-devtools-common-3.37.3.pom
[INFO] Downloaded from central: https://repo.maven.apache.org/maven2/io/quarkus/quarkus-devtools-common/3.37.3/quarkus-devtools-common-3.37.3.pom (5.0 kB at 56 kB/s)
[INFO] Downloading from central: https://repo.maven.apache.org/maven2/io/quarkus/quarkus-tools-parent/3.37.3/quarkus-tools-parent-3.37.3.pom
[INFO] Downloaded from central: https://repo.maven.apache.org/maven2/io/quarkus/quarkus-tools-parent/3.37.3/quarkus-tools-parent-3.37.3.pom (16 kB at 152 kB/s)
[INFO] Downloading from central: https://repo.maven.apache.org/maven2/com/fasterxml/jackson/jackson-bom/2.22.0/jackson-bom-2.22.0.pom
[INFO] Downloaded from central: https://repo.maven.apache.org/maven2/com/fasterxml/jackson/jackson-bom/2.22.0/jackson-bom-2.22.0.pom (20 kB at 189 kB/s)
[INFO] Downloading from central: https://repo.maven.apache.org/maven2/com/fasterxml/jackson/jackson-parent/2.22/jackson-parent-2.22.pom
[INFO] Downloaded from central: https://repo.maven.apache.org/maven2/com/fasterxml/jackson/jackson-parent/2.22/jackson-parent-2.22.pom (6.9 kB at 67 kB/s)
[INFO] Downloading from central: https://repo.maven.apache.org/maven2/com/fasterxml/oss-parent/79/oss-parent-79.pom
[INFO] Downloaded from central: https://repo.maven.apache.org/maven2/com/fasterxml/oss-parent/79/oss-parent-79.pom (24 kB at 257 kB/s)
[INFO] Downloading from central: https://repo.maven.apache.org/maven2/org/mockito/mockito-bom/5.21.0/mockito-bom-5.21.0.pom
[INFO] Downloaded from central: https://repo.maven.apache.org/maven2/org/mockito/mockito-bom/5.21.0/mockito-bom-5.21.0.pom (3.0 kB at 37 kB/s)
[INFO] Downloading from central: https://repo.maven.apache.org/maven2/io/quarkus/quarkus-devtools-registry-client/3.37.3/quarkus-devtools-registry-client-3.37.3.pom
[INFO] Downloaded from central: https://repo.maven.apache.org/maven2/io/quarkus/quarkus-devtools-registry-client/3.37.3/quarkus-devtools-registry-client-3.37.3.pom (2.2 kB at 23 kB/s)
[INFO] Downloading from central: https://repo.maven.apache.org/maven2/io/quarkus/quarkus-devtools-message-writer/3.37.3/quarkus-devtools-message-writer-3.37.3.pom
[INFO] Downloaded from central: https://repo.maven.apache.org/maven2/io/quarkus/quarkus-devtools-message-writer/3.37.3/quarkus-devtools-message-writer-3.37.3.pom (771 B at 7.9 kB/s)
[INFO] Downloading from central: https://repo.maven.apache.org/maven2/com/fasterxml/jackson/core/jackson-databind/2.22.0/jackson-databind-2.22.0.pom
[INFO] Downloaded from central: https://repo.maven.apache.org/maven2/com/fasterxml/jackson/core/jackson-databind/2.22.0/jackson-databind-2.22.0.pom (23 kB at 187 kB/s)
[INFO] Downloading from central: https://repo.maven.apache.org/maven2/com/fasterxml/jackson/jackson-base/2.22.0/jackson-base-2.22.0.pom
[INFO] Downloaded from central: https://repo.maven.apache.org/maven2/com/fasterxml/jackson/jackson-base/2.22.0/jackson-base-2.22.0.pom (13 kB at 123 kB/s)
[INFO] Downloading from central: https://repo.maven.apache.org/maven2/org/junit/junit-bom/5.14.3/junit-bom-5.14.3.pom
[INFO] Downloaded from central: https://repo.maven.apache.org/maven2/org/junit/junit-bom/5.14.3/junit-bom-5.14.3.pom (5.7 kB at 56 kB/s)
[INFO] Downloading from central: https://repo.maven.apache.org/maven2/com/fasterxml/jackson/core/jackson-annotations/2.22/jackson-annotations-2.22.pom
[INFO] Downloaded from central: https://repo.maven.apache.org/maven2/com/fasterxml/jackson/core/jackson-annotations/2.22/jackson-annotations-2.22.pom (7.2 kB at 63 kB/s)
[INFO] Downloading from central: https://repo.maven.apache.org/maven2/com/fasterxml/jackson/core/jackson-core/2.22.0/jackson-core-2.22.0.pom
[INFO] Downloaded from central: https://repo.maven.apache.org/maven2/com/fasterxml/jackson/core/jackson-core/2.22.0/jackson-core-2.22.0.pom (9.7 kB at 87 kB/s)
[INFO] Downloading from central: https://repo.maven.apache.org/maven2/com/fasterxml/jackson/dataformat/jackson-dataformat-yaml/2.22.0/jackson-dataformat-yaml-2.22.0.pom
[INFO] Downloaded from central: https://repo.maven.apache.org/maven2/com/fasterxml/jackson/dataformat/jackson-dataformat-yaml/2.22.0/jackson-dataformat-yaml-2.22.0.pom (3.0 kB at 26 kB/s)
[INFO] Downloading from central: https://repo.maven.apache.org/maven2/com/fasterxml/jackson/dataformat/jackson-dataformats-text/2.22.0/jackson-dataformats-text-2.22.0.pom
[INFO] Downloaded from central: https://repo.maven.apache.org/maven2/com/fasterxml/jackson/dataformat/jackson-dataformats-text/2.22.0/jackson-dataformats-text-2.22.0.pom (3.5 kB at 32 kB/s)
[INFO] Downloading from central: https://repo.maven.apache.org/maven2/org/yaml/snakeyaml/2.6/snakeyaml-2.6.pom
[INFO] Downloaded from central: https://repo.maven.apache.org/maven2/org/yaml/snakeyaml/2.6/snakeyaml-2.6.pom (21 kB at 217 kB/s)
[INFO] Downloading from central: https://repo.maven.apache.org/maven2/org/apache/maven/resolver/maven-resolver-api/1.9.27/maven-resolver-api-1.9.27.pom
[INFO] Downloaded from central: https://repo.maven.apache.org/maven2/org/apache/maven/resolver/maven-resolver-api/1.9.27/maven-resolver-api-1.9.27.pom (2.2 kB at 19 kB/s)
[INFO] Downloading from central: https://repo.maven.apache.org/maven2/org/apache/maven/resolver/maven-resolver/1.9.27/maven-resolver-1.9.27.pom
[INFO] Downloaded from central: https://repo.maven.apache.org/maven2/org/apache/maven/resolver/maven-resolver/1.9.27/maven-resolver-1.9.27.pom (25 kB at 210 kB/s)
[INFO] Downloading from central: https://repo.maven.apache.org/maven2/org/apache/maven/maven-parent/47/maven-parent-47.pom
[INFO] Downloaded from central: https://repo.maven.apache.org/maven2/org/apache/maven/maven-parent/47/maven-parent-47.pom (54 kB at 542 kB/s)
[INFO] Downloading from central: https://repo.maven.apache.org/maven2/org/apache/maven/resolver/maven-resolver-spi/1.9.27/maven-resolver-spi-1.9.27.pom
[INFO] Downloaded from central: https://repo.maven.apache.org/maven2/org/apache/maven/resolver/maven-resolver-spi/1.9.27/maven-resolver-spi-1.9.27.pom (2.1 kB at 20 kB/s)
[INFO] Downloading from central: https://repo.maven.apache.org/maven2/org/apache/maven/resolver/maven-resolver-util/1.9.27/maven-resolver-util-1.9.27.pom
[INFO] Downloaded from central: https://repo.maven.apache.org/maven2/org/apache/maven/resolver/maven-resolver-util/1.9.27/maven-resolver-util-1.9.27.pom (2.2 kB at 20 kB/s)
[INFO] Downloading from central: https://repo.maven.apache.org/maven2/org/apache/maven/resolver/maven-resolver-impl/1.9.27/maven-resolver-impl-1.9.27.pom
[INFO] Downloaded from central: https://repo.maven.apache.org/maven2/org/apache/maven/resolver/maven-resolver-impl/1.9.27/maven-resolver-impl-1.9.27.pom (4.2 kB at 36 kB/s)
[INFO] Downloading from central: https://repo.maven.apache.org/maven2/org/apache/maven/resolver/maven-resolver-named-locks/1.9.27/maven-resolver-named-locks-1.9.27.pom
[INFO] Downloaded from central: https://repo.maven.apache.org/maven2/org/apache/maven/resolver/maven-resolver-named-locks/1.9.27/maven-resolver-named-locks-1.9.27.pom (2.6 kB at 21 kB/s)
[INFO] Downloading from central: https://repo.maven.apache.org/maven2/org/apache/maven/resolver/maven-resolver-transport-http/1.9.25/maven-resolver-transport-http-1.9.25.pom
[INFO] Downloaded from central: https://repo.maven.apache.org/maven2/org/apache/maven/resolver/maven-resolver-transport-http/1.9.25/maven-resolver-transport-http-1.9.25.pom (5.2 kB at 46 kB/s)
[INFO] Downloading from central: https://repo.maven.apache.org/maven2/org/apache/maven/resolver/maven-resolver/1.9.25/maven-resolver-1.9.25.pom
[INFO] Downloaded from central: https://repo.maven.apache.org/maven2/org/apache/maven/resolver/maven-resolver/1.9.25/maven-resolver-1.9.25.pom (25 kB at 245 kB/s)
[INFO] Downloading from central: https://repo.maven.apache.org/maven2/org/apache/maven/maven-parent/45/maven-parent-45.pom
[INFO] Downloaded from central: https://repo.maven.apache.org/maven2/org/apache/maven/maven-parent/45/maven-parent-45.pom (53 kB at 539 kB/s)
[INFO] Downloading from central: https://repo.maven.apache.org/maven2/com/google/code/gson/gson/2.14.0/gson-2.14.0.pom
[INFO] Downloaded from central: https://repo.maven.apache.org/maven2/com/google/code/gson/gson/2.14.0/gson-2.14.0.pom (23 kB at 184 kB/s)
[INFO] Downloading from central: https://repo.maven.apache.org/maven2/com/google/code/gson/gson-parent/2.14.0/gson-parent-2.14.0.pom
[INFO] Downloaded from central: https://repo.maven.apache.org/maven2/com/google/code/gson/gson-parent/2.14.0/gson-parent-2.14.0.pom (27 kB at 234 kB/s)
[INFO] Downloading from central: https://repo.maven.apache.org/maven2/com/google/errorprone/error_prone_annotations/2.49.0/error_prone_annotations-2.49.0.pom
[INFO] Downloaded from central: https://repo.maven.apache.org/maven2/com/google/errorprone/error_prone_annotations/2.49.0/error_prone_annotations-2.49.0.pom (4.3 kB at 41 kB/s)
[INFO] Downloading from central: https://repo.maven.apache.org/maven2/com/google/errorprone/error_prone_parent/2.49.0/error_prone_parent-2.49.0.pom
[INFO] Downloaded from central: https://repo.maven.apache.org/maven2/com/google/errorprone/error_prone_parent/2.49.0/error_prone_parent-2.49.0.pom (16 kB at 157 kB/s)
[INFO] Downloading from central: https://repo.maven.apache.org/maven2/org/apache/maven/resolver/maven-resolver-transport-wagon/1.9.27/maven-resolver-transport-wagon-1.9.27.pom
[INFO] Downloaded from central: https://repo.maven.apache.org/maven2/org/apache/maven/resolver/maven-resolver-transport-wagon/1.9.27/maven-resolver-transport-wagon-1.9.27.pom (3.8 kB at 35 kB/s)
[INFO] Downloading from central: https://repo.maven.apache.org/maven2/org/apache/maven/wagon/wagon-provider-api/3.5.3/wagon-provider-api-3.5.3.pom
[INFO] Downloaded from central: https://repo.maven.apache.org/maven2/org/apache/maven/wagon/wagon-provider-api/3.5.3/wagon-provider-api-3.5.3.pom (1.9 kB at 16 kB/s)
[INFO] Downloading from central: https://repo.maven.apache.org/maven2/org/apache/maven/wagon/wagon/3.5.3/wagon-3.5.3.pom
[INFO] Downloaded from central: https://repo.maven.apache.org/maven2/org/apache/maven/wagon/wagon/3.5.3/wagon-3.5.3.pom (21 kB at 183 kB/s)
[INFO] Downloading from central: https://repo.maven.apache.org/maven2/org/apache/maven/maven-parent/34/maven-parent-34.pom
[INFO] Downloaded from central: https://repo.maven.apache.org/maven2/org/apache/maven/maven-parent/34/maven-parent-34.pom (43 kB at 412 kB/s)
[INFO] Downloading from central: https://repo.maven.apache.org/maven2/org/apache/apache/23/apache-23.pom
[INFO] Downloaded from central: https://repo.maven.apache.org/maven2/org/apache/apache/23/apache-23.pom (18 kB at 209 kB/s)
[INFO] Downloading from central: https://repo.maven.apache.org/maven2/org/apache/maven/wagon/wagon-file/3.5.3/wagon-file-3.5.3.pom
[INFO] Downloaded from central: https://repo.maven.apache.org/maven2/org/apache/maven/wagon/wagon-file/3.5.3/wagon-file-3.5.3.pom (1.8 kB at 16 kB/s)
[INFO] Downloading from central: https://repo.maven.apache.org/maven2/org/apache/maven/wagon/wagon-providers/3.5.3/wagon-providers-3.5.3.pom
[INFO] Downloaded from central: https://repo.maven.apache.org/maven2/org/apache/maven/wagon/wagon-providers/3.5.3/wagon-providers-3.5.3.pom (3.1 kB at 28 kB/s)
[INFO] Downloading from central: https://repo.maven.apache.org/maven2/org/apache/maven/wagon/wagon-http/3.5.3/wagon-http-3.5.3.pom
[INFO] Downloaded from central: https://repo.maven.apache.org/maven2/org/apache/maven/wagon/wagon-http/3.5.3/wagon-http-3.5.3.pom (6.1 kB at 54 kB/s)
[INFO] Downloading from central: https://repo.maven.apache.org/maven2/org/apache/maven/wagon/wagon-http-shared/3.5.3/wagon-http-shared-3.5.3.pom
[INFO] Downloaded from central: https://repo.maven.apache.org/maven2/org/apache/maven/wagon/wagon-http-shared/3.5.3/wagon-http-shared-3.5.3.pom (2.5 kB at 23 kB/s)
[INFO] Downloading from central: https://repo.maven.apache.org/maven2/io/quarkus/quarkus-devtools-base-codestarts/3.37.3/quarkus-devtools-base-codestarts-3.37.3.pom
[INFO] Downloaded from central: https://repo.maven.apache.org/maven2/io/quarkus/quarkus-devtools-base-codestarts/3.37.3/quarkus-devtools-base-codestarts-3.37.3.pom (1.7 kB at 17 kB/s)
[INFO] Downloading from central: https://repo.maven.apache.org/maven2/io/quarkus/quarkus-devtools-codestarts/3.37.3/quarkus-devtools-codestarts-3.37.3.pom
[INFO] Downloaded from central: https://repo.maven.apache.org/maven2/io/quarkus/quarkus-devtools-codestarts/3.37.3/quarkus-devtools-codestarts-3.37.3.pom (2.3 kB at 23 kB/s)
[INFO] Downloading from central: https://repo.maven.apache.org/maven2/io/quarkus/qute/qute-core/3.37.3/qute-core-3.37.3.pom
[INFO] Downloaded from central: https://repo.maven.apache.org/maven2/io/quarkus/qute/qute-core/3.37.3/qute-core-3.37.3.pom (1.5 kB at 13 kB/s)
[INFO] Downloading from central: https://repo.maven.apache.org/maven2/io/quarkus/qute/qute-parent/3.37.3/qute-parent-3.37.3.pom
[INFO] Downloaded from central: https://repo.maven.apache.org/maven2/io/quarkus/qute/qute-parent/3.37.3/qute-parent-3.37.3.pom (13 kB at 120 kB/s)
[INFO] Downloading from central: https://repo.maven.apache.org/maven2/io/smallrye/reactive/mutiny-bom/3.2.1/mutiny-bom-3.2.1.pom
[INFO] Downloaded from central: https://repo.maven.apache.org/maven2/io/smallrye/reactive/mutiny-bom/3.2.1/mutiny-bom-3.2.1.pom (3.8 kB at 37 kB/s)
[INFO] Downloading from central: https://repo.maven.apache.org/maven2/io/smallrye/reactive/mutiny/3.2.1/mutiny-3.2.1.pom
[INFO] Downloaded from central: https://repo.maven.apache.org/maven2/io/smallrye/reactive/mutiny/3.2.1/mutiny-3.2.1.pom (8.6 kB at 85 kB/s)
[INFO] Downloading from central: https://repo.maven.apache.org/maven2/io/smallrye/reactive/mutiny-project/3.2.1/mutiny-project-3.2.1.pom
[INFO] Downloaded from central: https://repo.maven.apache.org/maven2/io/smallrye/reactive/mutiny-project/3.2.1/mutiny-project-3.2.1.pom (26 kB at 240 kB/s)
[INFO] Downloading from central: https://repo.maven.apache.org/maven2/org/jctools/jctools-core/4.0.5/jctools-core-4.0.5.pom
[INFO] Downloaded from central: https://repo.maven.apache.org/maven2/org/jctools/jctools-core/4.0.5/jctools-core-4.0.5.pom (9.5 kB at 94 kB/s)
[INFO] Downloading from central: https://repo.maven.apache.org/maven2/io/fabric8/maven-model-helper/41/maven-model-helper-41.pom
[INFO] Downloaded from central: https://repo.maven.apache.org/maven2/io/fabric8/maven-model-helper/41/maven-model-helper-41.pom (14 kB at 157 kB/s)
[INFO] Downloading from central: https://repo.maven.apache.org/maven2/org/jdom/jdom2/2.0.6.1/jdom2-2.0.6.1.pom
[INFO] Downloaded from central: https://repo.maven.apache.org/maven2/org/jdom/jdom2/2.0.6.1/jdom2-2.0.6.1.pom (4.6 kB at 51 kB/s)
[INFO] Downloading from central: https://repo.maven.apache.org/maven2/io/smallrye/common/smallrye-common-version/2.18.1/smallrye-common-version-2.18.1.pom
[INFO] Downloaded from central: https://repo.maven.apache.org/maven2/io/smallrye/common/smallrye-common-version/2.18.1/smallrye-common-version-2.18.1.pom (3.2 kB at 33 kB/s)
[INFO] Downloading from central: https://repo.maven.apache.org/maven2/com/fasterxml/jackson/datatype/jackson-datatype-jdk8/2.22.0/jackson-datatype-jdk8-2.22.0.pom
[INFO] Downloaded from central: https://repo.maven.apache.org/maven2/com/fasterxml/jackson/datatype/jackson-datatype-jdk8/2.22.0/jackson-datatype-jdk8-2.22.0.pom (2.8 kB at 24 kB/s)
[INFO] Downloading from central: https://repo.maven.apache.org/maven2/com/fasterxml/jackson/module/jackson-modules-java8/2.22.0/jackson-modules-java8-2.22.0.pom
[INFO] Downloaded from central: https://repo.maven.apache.org/maven2/com/fasterxml/jackson/module/jackson-modules-java8/2.22.0/jackson-modules-java8-2.22.0.pom (3.1 kB at 28 kB/s)
[INFO] Downloading from central: https://repo.maven.apache.org/maven2/org/codejive/java-properties/0.0.7/java-properties-0.0.7.pom
[INFO] Downloaded from central: https://repo.maven.apache.org/maven2/org/codejive/java-properties/0.0.7/java-properties-0.0.7.pom (7.6 kB at 83 kB/s)
[INFO] Downloading from central: https://repo.maven.apache.org/maven2/io/quarkus/quarkus-analytics-common/3.37.3/quarkus-analytics-common-3.37.3.pom
[INFO] Downloaded from central: https://repo.maven.apache.org/maven2/io/quarkus/quarkus-analytics-common/3.37.3/quarkus-analytics-common-3.37.3.pom (3.1 kB at 32 kB/s)
[INFO] Downloading from central: https://repo.maven.apache.org/maven2/io/quarkus/quarkus-cyclonedx-generator/3.37.3/quarkus-cyclonedx-generator-3.37.3.pom
[INFO] Downloaded from central: https://repo.maven.apache.org/maven2/io/quarkus/quarkus-cyclonedx-generator/3.37.3/quarkus-cyclonedx-generator-3.37.3.pom (1.7 kB at 17 kB/s)
[INFO] Downloading from central: https://repo.maven.apache.org/maven2/io/quarkus/quarkus-cyclonedx-parent/3.37.3/quarkus-cyclonedx-parent-3.37.3.pom
[INFO] Downloaded from central: https://repo.maven.apache.org/maven2/io/quarkus/quarkus-cyclonedx-parent/3.37.3/quarkus-cyclonedx-parent-3.37.3.pom (849 B at 8.9 kB/s)
[INFO] Downloading from central: https://repo.maven.apache.org/maven2/org/cyclonedx/cyclonedx-core-java/12.2.0/cyclonedx-core-java-12.2.0.pom
[INFO] Downloaded from central: https://repo.maven.apache.org/maven2/org/cyclonedx/cyclonedx-core-java/12.2.0/cyclonedx-core-java-12.2.0.pom (15 kB at 142 kB/s)
[INFO] Downloading from central: https://repo.maven.apache.org/maven2/com/fasterxml/jackson/jackson-bom/2.21.1/jackson-bom-2.21.1.pom
[INFO] Downloaded from central: https://repo.maven.apache.org/maven2/com/fasterxml/jackson/jackson-bom/2.21.1/jackson-bom-2.21.1.pom (20 kB at 186 kB/s)
[INFO] Downloading from central: https://repo.maven.apache.org/maven2/com/fasterxml/jackson/jackson-parent/2.21/jackson-parent-2.21.pom
[INFO] Downloaded from central: https://repo.maven.apache.org/maven2/com/fasterxml/jackson/jackson-parent/2.21/jackson-parent-2.21.pom (6.9 kB at 74 kB/s)
[INFO] Downloading from central: https://repo.maven.apache.org/maven2/com/fasterxml/oss-parent/75/oss-parent-75.pom
[INFO] Downloaded from central: https://repo.maven.apache.org/maven2/com/fasterxml/oss-parent/75/oss-parent-75.pom (24 kB at 286 kB/s)
[INFO] Downloading from central: https://repo.maven.apache.org/maven2/org/apache/commons/commons-collections4/4.5.0/commons-collections4-4.5.0.pom
[INFO] Downloaded from central: https://repo.maven.apache.org/maven2/org/apache/commons/commons-collections4/4.5.0/commons-collections4-4.5.0.pom (26 kB at 250 kB/s)
[INFO] Downloading from central: https://repo.maven.apache.org/maven2/org/apache/commons/commons-parent/81/commons-parent-81.pom
[INFO] Downloaded from central: https://repo.maven.apache.org/maven2/org/apache/commons/commons-parent/81/commons-parent-81.pom (78 kB at 745 kB/s)
[INFO] Downloading from central: https://repo.maven.apache.org/maven2/org/apache/apache/33/apache-33.pom
[INFO] Downloaded from central: https://repo.maven.apache.org/maven2/org/apache/apache/33/apache-33.pom (24 kB at 295 kB/s)
[INFO] Downloading from central: https://repo.maven.apache.org/maven2/org/junit/junit-bom/5.11.4/junit-bom-5.11.4.pom
[INFO] Downloaded from central: https://repo.maven.apache.org/maven2/org/junit/junit-bom/5.11.4/junit-bom-5.11.4.pom (5.6 kB at 67 kB/s)
[INFO] Downloading from central: https://repo.maven.apache.org/maven2/com/github/package-url/packageurl-java/1.5.0/packageurl-java-1.5.0.pom
[INFO] Downloaded from central: https://repo.maven.apache.org/maven2/com/github/package-url/packageurl-java/1.5.0/packageurl-java-1.5.0.pom (12 kB at 108 kB/s)
[INFO] Downloading from central: https://repo.maven.apache.org/maven2/com/fasterxml/jackson/dataformat/jackson-dataformat-xml/2.22.0/jackson-dataformat-xml-2.22.0.pom
[INFO] Downloaded from central: https://repo.maven.apache.org/maven2/com/fasterxml/jackson/dataformat/jackson-dataformat-xml/2.22.0/jackson-dataformat-xml-2.22.0.pom (9.4 kB at 78 kB/s)
[INFO] Downloading from central: https://repo.maven.apache.org/maven2/org/codehaus/woodstox/stax2-api/4.3.0/stax2-api-4.3.0.pom
[INFO] Downloaded from central: https://repo.maven.apache.org/maven2/org/codehaus/woodstox/stax2-api/4.3.0/stax2-api-4.3.0.pom (5.1 kB at 48 kB/s)
[INFO] Downloading from central: https://repo.maven.apache.org/maven2/com/fasterxml/oss-parent/68/oss-parent-68.pom
[INFO] Downloaded from central: https://repo.maven.apache.org/maven2/com/fasterxml/oss-parent/68/oss-parent-68.pom (24 kB at 244 kB/s)
[INFO] Downloading from central: https://repo.maven.apache.org/maven2/com/fasterxml/woodstox/woodstox-core/7.2.0/woodstox-core-7.2.0.pom
[INFO] Downloaded from central: https://repo.maven.apache.org/maven2/com/fasterxml/woodstox/woodstox-core/7.2.0/woodstox-core-7.2.0.pom (10 kB at 92 kB/s)
[INFO] Downloading from central: https://repo.maven.apache.org/maven2/com/networknt/json-schema-validator/2.0.1/json-schema-validator-2.0.1.pom
[INFO] Downloaded from central: https://repo.maven.apache.org/maven2/com/networknt/json-schema-validator/2.0.1/json-schema-validator-2.0.1.pom (17 kB at 172 kB/s)
[INFO] Downloading from central: https://repo.maven.apache.org/maven2/com/ethlo/time/itu/1.14.0/itu-1.14.0.pom
[INFO] Downloaded from central: https://repo.maven.apache.org/maven2/com/ethlo/time/itu/1.14.0/itu-1.14.0.pom (18 kB at 155 kB/s)
[INFO] Downloading from central: https://repo.maven.apache.org/maven2/org/apache/maven/resolver/maven-resolver-connector-basic/1.9.27/maven-resolver-connector-basic-1.9.27.pom
[INFO] Downloaded from central: https://repo.maven.apache.org/maven2/org/apache/maven/resolver/maven-resolver-connector-basic/1.9.27/maven-resolver-connector-basic-1.9.27.pom (3.1 kB at 29 kB/s)
[INFO] Downloading from central: https://repo.maven.apache.org/maven2/org/freemarker/freemarker/2.3.34/freemarker-2.3.34.pom
[INFO] Downloaded from central: https://repo.maven.apache.org/maven2/org/freemarker/freemarker/2.3.34/freemarker-2.3.34.pom (3.4 kB at 36 kB/s)
[INFO] Downloading from central: https://repo.maven.apache.org/maven2/org/twdata/maven/mojo-executor/2.4.0/mojo-executor-2.4.0.pom
[INFO] Downloaded from central: https://repo.maven.apache.org/maven2/org/twdata/maven/mojo-executor/2.4.0/mojo-executor-2.4.0.pom (3.1 kB at 29 kB/s)
[INFO] Downloading from central: https://repo.maven.apache.org/maven2/org/twdata/maven/mojo-executor-parent/2.4.0/mojo-executor-parent-2.4.0.pom
[INFO] Downloaded from central: https://repo.maven.apache.org/maven2/org/twdata/maven/mojo-executor-parent/2.4.0/mojo-executor-parent-2.4.0.pom (11 kB at 107 kB/s)
[INFO] Downloading from central: https://repo.maven.apache.org/maven2/org/apache/maven/maven/3.3.1/maven-3.3.1.pom
[INFO] Downloaded from central: https://repo.maven.apache.org/maven2/org/apache/maven/maven/3.3.1/maven-3.3.1.pom (23 kB at 249 kB/s)
[INFO] Downloading from central: https://repo.maven.apache.org/maven2/org/apache/maven/maven-parent/26/maven-parent-26.pom
[INFO] Downloaded from central: https://repo.maven.apache.org/maven2/org/apache/maven/maven-parent/26/maven-parent-26.pom (40 kB at 419 kB/s)
[INFO] Downloading from central: https://repo.maven.apache.org/maven2/org/apache/apache/16/apache-16.pom
[INFO] Downloaded from central: https://repo.maven.apache.org/maven2/org/apache/apache/16/apache-16.pom (15 kB at 173 kB/s)
[INFO] Downloading from central: https://repo.maven.apache.org/maven2/io/quarkus/platform/quarkus-maven-plugin/3.37.3/quarkus-maven-plugin-3.37.3.jar
[INFO] Downloaded from central: https://repo.maven.apache.org/maven2/io/quarkus/platform/quarkus-maven-plugin/3.37.3/quarkus-maven-plugin-3.37.3.jar (932 kB at 5.5 MB/s)
[INFO] Downloading from central: https://repo.maven.apache.org/maven2/io/quarkus/quarkus-bootstrap-core/3.37.3/quarkus-bootstrap-core-3.37.3.jar
[INFO] Downloading from central: https://repo.maven.apache.org/maven2/io/quarkus/quarkus-classloader-commons/3.37.3/quarkus-classloader-commons-3.37.3.jar
[INFO] Downloading from central: https://repo.maven.apache.org/maven2/io/quarkus/quarkus-value-registry/3.37.3/quarkus-value-registry-3.37.3.jar
[INFO] Downloading from central: https://repo.maven.apache.org/maven2/io/quarkus/quarkus-bootstrap-app-model/3.37.3/quarkus-bootstrap-app-model-3.37.3.jar
[INFO] Downloading from central: https://repo.maven.apache.org/maven2/io/smallrye/classfile/jdk-classfile-backport/26/jdk-classfile-backport-26.jar
[INFO] Downloaded from central: https://repo.maven.apache.org/maven2/io/quarkus/quarkus-classloader-commons/3.37.3/quarkus-classloader-commons-3.37.3.jar (7.9 kB at 83 kB/s)
[INFO] Downloading from central: https://repo.maven.apache.org/maven2/org/jboss/logging/commons-logging-jboss-logging/2.0.0.Final/commons-logging-jboss-logging-2.0.0.Final.jar
[INFO] Downloaded from central: https://repo.maven.apache.org/maven2/io/quarkus/quarkus-value-registry/3.37.3/quarkus-value-registry-3.37.3.jar (11 kB at 68 kB/s)
[INFO] Downloading from central: https://repo.maven.apache.org/maven2/io/quarkus/quarkus-bootstrap-json/3.37.3/quarkus-bootstrap-json-3.37.3.jar
[INFO] Downloaded from central: https://repo.maven.apache.org/maven2/org/jboss/logging/commons-logging-jboss-logging/2.0.0.Final/commons-logging-jboss-logging-2.0.0.Final.jar (19 kB at 101 kB/s)
[INFO] Downloading from central: https://repo.maven.apache.org/maven2/io/smallrye/common/smallrye-common-io/2.18.1/smallrye-common-io-2.18.1.jar
[INFO] Downloaded from central: https://repo.maven.apache.org/maven2/io/quarkus/quarkus-bootstrap-core/3.37.3/quarkus-bootstrap-core-3.37.3.jar (127 kB at 640 kB/s)
[INFO] Downloading from central: https://repo.maven.apache.org/maven2/io/smallrye/common/smallrye-common-constraint/2.18.1/smallrye-common-constraint-2.18.1.jar
[INFO] Downloaded from central: https://repo.maven.apache.org/maven2/io/quarkus/quarkus-bootstrap-app-model/3.37.3/quarkus-bootstrap-app-model-3.37.3.jar (268 kB at 1.2 MB/s)
[INFO] Downloading from central: https://repo.maven.apache.org/maven2/io/quarkus/quarkus-bootstrap-maven-resolver/3.37.3/quarkus-bootstrap-maven-resolver-3.37.3.jar
[INFO] Downloaded from central: https://repo.maven.apache.org/maven2/io/quarkus/quarkus-bootstrap-json/3.37.3/quarkus-bootstrap-json-3.37.3.jar (33 kB at 148 kB/s)
[INFO] Downloading from central: https://repo.maven.apache.org/maven2/io/smallrye/beanbag/smallrye-beanbag-maven/1.6.1/smallrye-beanbag-maven-1.6.1.jar
[INFO] Downloaded from central: https://repo.maven.apache.org/maven2/io/smallrye/common/smallrye-common-io/2.18.1/smallrye-common-io-2.18.1.jar (56 kB at 211 kB/s)
[INFO] Downloading from central: https://repo.maven.apache.org/maven2/io/smallrye/beanbag/smallrye-beanbag-sisu/1.6.1/smallrye-beanbag-sisu-1.6.1.jar
[INFO] Downloaded from central: https://repo.maven.apache.org/maven2/io/smallrye/common/smallrye-common-constraint/2.18.1/smallrye-common-constraint-2.18.1.jar (14 kB at 51 kB/s)
[INFO] Downloading from central: https://repo.maven.apache.org/maven2/io/smallrye/beanbag/smallrye-beanbag/1.6.1/smallrye-beanbag-1.6.1.jar
[INFO] Downloaded from central: https://repo.maven.apache.org/maven2/io/smallrye/classfile/jdk-classfile-backport/26/jdk-classfile-backport-26.jar (967 kB at 3.4 MB/s)
[INFO] Downloading from central: https://repo.maven.apache.org/maven2/commons-codec/commons-codec/1.22.0/commons-codec-1.22.0.jar
[INFO] Downloaded from central: https://repo.maven.apache.org/maven2/io/quarkus/quarkus-bootstrap-maven-resolver/3.37.3/quarkus-bootstrap-maven-resolver-3.37.3.jar (218 kB at 699 kB/s)
[INFO] Downloading from central: https://repo.maven.apache.org/maven2/org/apache/httpcomponents/httpclient/4.5.14/httpclient-4.5.14.jar
[INFO] Downloaded from central: https://repo.maven.apache.org/maven2/io/smallrye/beanbag/smallrye-beanbag-maven/1.6.1/smallrye-beanbag-maven-1.6.1.jar (16 kB at 51 kB/s)
[INFO] Downloading from central: https://repo.maven.apache.org/maven2/org/apache/httpcomponents/httpcore/4.4.16/httpcore-4.4.16.jar
[INFO] Downloaded from central: https://repo.maven.apache.org/maven2/io/smallrye/beanbag/smallrye-beanbag/1.6.1/smallrye-beanbag-1.6.1.jar (38 kB at 112 kB/s)
[INFO] Downloading from central: https://repo.maven.apache.org/maven2/org/apache/maven/maven-artifact/3.9.16/maven-artifact-3.9.16.jar
[INFO] Downloaded from central: https://repo.maven.apache.org/maven2/io/smallrye/beanbag/smallrye-beanbag-sisu/1.6.1/smallrye-beanbag-sisu-1.6.1.jar (29 kB at 83 kB/s)
[INFO] Downloading from central: https://repo.maven.apache.org/maven2/org/apache/maven/maven-builder-support/3.9.16/maven-builder-support-3.9.16.jar
[INFO] Downloaded from central: https://repo.maven.apache.org/maven2/commons-codec/commons-codec/1.22.0/commons-codec-1.22.0.jar (420 kB at 1.1 MB/s)
[INFO] Downloading from central: https://repo.maven.apache.org/maven2/org/apache/maven/maven-model/3.9.16/maven-model-3.9.16.jar
[INFO] Downloaded from central: https://repo.maven.apache.org/maven2/org/apache/httpcomponents/httpcore/4.4.16/httpcore-4.4.16.jar (328 kB at 800 kB/s)
[INFO] Downloading from central: https://repo.maven.apache.org/maven2/org/apache/maven/maven-model-builder/3.9.16/maven-model-builder-3.9.16.jar
[INFO] Downloaded from central: https://repo.maven.apache.org/maven2/org/apache/maven/maven-artifact/3.9.16/maven-artifact-3.9.16.jar (59 kB at 139 kB/s)
[INFO] Downloading from central: https://repo.maven.apache.org/maven2/org/apache/maven/maven-repository-metadata/3.9.16/maven-repository-metadata-3.9.16.jar
[INFO] Downloaded from central: https://repo.maven.apache.org/maven2/org/apache/httpcomponents/httpclient/4.5.14/httpclient-4.5.14.jar (786 kB at 1.8 MB/s)
[INFO] Downloading from central: https://repo.maven.apache.org/maven2/org/apache/maven/maven-settings/3.9.16/maven-settings-3.9.16.jar
[INFO] Downloaded from central: https://repo.maven.apache.org/maven2/org/apache/maven/maven-builder-support/3.9.16/maven-builder-support-3.9.16.jar (14 kB at 33 kB/s)
[INFO] Downloading from central: https://repo.maven.apache.org/maven2/org/codehaus/plexus/plexus-interpolation/1.26/plexus-interpolation-1.26.jar
[INFO] Downloaded from central: https://repo.maven.apache.org/maven2/org/apache/maven/maven-model/3.9.16/maven-model-3.9.16.jar (218 kB at 467 kB/s)
[INFO] Downloading from central: https://repo.maven.apache.org/maven2/org/codehaus/plexus/plexus-xml/4.0.2/plexus-xml-4.0.2.jar
[INFO] Downloaded from central: https://repo.maven.apache.org/maven2/org/apache/maven/maven-model-builder/3.9.16/maven-model-builder-3.9.16.jar (209 kB at 428 kB/s)
[INFO] Downloading from central: https://repo.maven.apache.org/maven2/org/apache/maven/maven-xml-impl/4.0.0-alpha-7/maven-xml-impl-4.0.0-alpha-7.jar
[INFO] Downloaded from central: https://repo.maven.apache.org/maven2/org/apache/maven/maven-repository-metadata/3.9.16/maven-repository-metadata-3.9.16.jar (29 kB at 57 kB/s)
[INFO] Downloading from central: https://repo.maven.apache.org/maven2/org/apache/maven/maven-api-xml/4.0.0-alpha-7/maven-api-xml-4.0.0-alpha-7.jar
[INFO] Downloaded from central: https://repo.maven.apache.org/maven2/org/apache/maven/maven-settings/3.9.16/maven-settings-3.9.16.jar (45 kB at 87 kB/s)
[INFO] Downloading from central: https://repo.maven.apache.org/maven2/org/apache/maven/maven-api-meta/4.0.0-alpha-7/maven-api-meta-4.0.0-alpha-7.jar
[INFO] Downloaded from central: https://repo.maven.apache.org/maven2/org/codehaus/plexus/plexus-interpolation/1.26/plexus-interpolation-1.26.jar (85 kB at 160 kB/s)
[INFO] Downloading from central: https://repo.maven.apache.org/maven2/org/codehaus/plexus/plexus-cipher/2.0/plexus-cipher-2.0.jar
[INFO] Downloaded from central: https://repo.maven.apache.org/maven2/org/codehaus/plexus/plexus-xml/4.0.2/plexus-xml-4.0.2.jar (89 kB at 160 kB/s)
[INFO] Downloading from central: https://repo.maven.apache.org/maven2/org/codehaus/plexus/plexus-sec-dispatcher/2.0/plexus-sec-dispatcher-2.0.jar
[INFO] Downloaded from central: https://repo.maven.apache.org/maven2/org/apache/maven/maven-xml-impl/4.0.0-alpha-7/maven-xml-impl-4.0.0-alpha-7.jar (19 kB at 35 kB/s)
[INFO] Downloading from central: https://repo.maven.apache.org/maven2/io/quarkus/quarkus-fs-util/1.4.2/quarkus-fs-util-1.4.2.jar
[INFO] Downloaded from central: https://repo.maven.apache.org/maven2/org/apache/maven/maven-api-xml/4.0.0-alpha-7/maven-api-xml-4.0.0-alpha-7.jar (8.4 kB at 15 kB/s)
[INFO] Downloading from central: https://repo.maven.apache.org/maven2/org/jboss/logmanager/jboss-logmanager/3.2.2.Final/jboss-logmanager-3.2.2.Final.jar
[INFO] Downloaded from central: https://repo.maven.apache.org/maven2/org/apache/maven/maven-api-meta/4.0.0-alpha-7/maven-api-meta-4.0.0-alpha-7.jar (12 kB at 19 kB/s)
[INFO] Downloading from central: https://repo.maven.apache.org/maven2/io/smallrye/common/smallrye-common-cpu/2.18.1/smallrye-common-cpu-2.18.1.jar
[INFO] Downloaded from central: https://repo.maven.apache.org/maven2/org/codehaus/plexus/plexus-cipher/2.0/plexus-cipher-2.0.jar (13 kB at 21 kB/s)
[INFO] Downloading from central: https://repo.maven.apache.org/maven2/io/smallrye/common/smallrye-common-expression/2.18.1/smallrye-common-expression-2.18.1.jar
[INFO] Downloaded from central: https://repo.maven.apache.org/maven2/org/codehaus/plexus/plexus-sec-dispatcher/2.0/plexus-sec-dispatcher-2.0.jar (24 kB at 37 kB/s)
[INFO] Downloading from central: https://repo.maven.apache.org/maven2/io/smallrye/common/smallrye-common-net/2.18.1/smallrye-common-net-2.18.1.jar
[INFO] Downloaded from central: https://repo.maven.apache.org/maven2/io/quarkus/quarkus-fs-util/1.4.2/quarkus-fs-util-1.4.2.jar (73 kB at 112 kB/s)
[INFO] Downloading from central: https://repo.maven.apache.org/maven2/io/smallrye/common/smallrye-common-ref/2.18.1/smallrye-common-ref-2.18.1.jar
[INFO] Downloaded from central: https://repo.maven.apache.org/maven2/io/smallrye/common/smallrye-common-cpu/2.18.1/smallrye-common-cpu-2.18.1.jar (17 kB at 25 kB/s)
[INFO] Downloading from central: https://repo.maven.apache.org/maven2/org/jboss/logging/jboss-logging/3.6.3.Final/jboss-logging-3.6.3.Final.jar
[INFO] Downloaded from central: https://repo.maven.apache.org/maven2/io/smallrye/common/smallrye-common-expression/2.18.1/smallrye-common-expression-2.18.1.jar (22 kB at 31 kB/s)
[INFO] Downloading from central: https://repo.maven.apache.org/maven2/org/slf4j/slf4j-api/2.0.18/slf4j-api-2.0.18.jar
[INFO] Downloaded from central: https://repo.maven.apache.org/maven2/io/smallrye/common/smallrye-common-ref/2.18.1/smallrye-common-ref-2.18.1.jar (16 kB at 23 kB/s)
[INFO] Downloading from central: https://repo.maven.apache.org/maven2/io/quarkus/quarkus-bootstrap-maven4-resolver/3.37.3/quarkus-bootstrap-maven4-resolver-3.37.3.jar
[INFO] Downloaded from central: https://repo.maven.apache.org/maven2/io/smallrye/common/smallrye-common-net/2.18.1/smallrye-common-net-2.18.1.jar (35 kB at 48 kB/s)
[INFO] Downloading from central: https://repo.maven.apache.org/maven2/org/apache/maven/maven-embedder/3.9.16/maven-embedder-3.9.16.jar
[INFO] Downloaded from central: https://repo.maven.apache.org/maven2/org/jboss/logmanager/jboss-logmanager/3.2.2.Final/jboss-logmanager-3.2.2.Final.jar (808 kB at 1.1 MB/s)
[INFO] Downloading from central: https://repo.maven.apache.org/maven2/org/apache/maven/shared/maven-shared-utils/3.4.2/maven-shared-utils-3.4.2.jar
[INFO] Downloaded from central: https://repo.maven.apache.org/maven2/org/jboss/logging/jboss-logging/3.6.3.Final/jboss-logging-3.6.3.Final.jar (63 kB at 82 kB/s)
[INFO] Downloading from central: https://repo.maven.apache.org/maven2/com/google/inject/guice/5.1.0/guice-5.1.0-classes.jar
[INFO] Downloaded from central: https://repo.maven.apache.org/maven2/org/slf4j/slf4j-api/2.0.18/slf4j-api-2.0.18.jar (70 kB at 91 kB/s)
[INFO] Downloading from central: https://repo.maven.apache.org/maven2/aopalliance/aopalliance/1.0/aopalliance-1.0.jar
[INFO] Downloaded from central: https://repo.maven.apache.org/maven2/io/quarkus/quarkus-bootstrap-maven4-resolver/3.37.3/quarkus-bootstrap-maven4-resolver-3.37.3.jar (7.7 kB at 9.5 kB/s)
[INFO] Downloading from central: https://repo.maven.apache.org/maven2/com/google/guava/guava/33.6.0-jre/guava-33.6.0-jre.jar
[INFO] Downloaded from central: https://repo.maven.apache.org/maven2/org/apache/maven/maven-embedder/3.9.16/maven-embedder-3.9.16.jar (117 kB at 143 kB/s)
[INFO] Downloading from central: https://repo.maven.apache.org/maven2/com/google/guava/failureaccess/1.0.1/failureaccess-1.0.1.jar
[INFO] Downloaded from central: https://repo.maven.apache.org/maven2/aopalliance/aopalliance/1.0/aopalliance-1.0.jar (4.5 kB at 5.2 kB/s)
[INFO] Downloading from central: https://repo.maven.apache.org/maven2/javax/annotation/javax.annotation-api/1.3.2/javax.annotation-api-1.3.2.jar
[INFO] Downloaded from central: https://repo.maven.apache.org/maven2/org/apache/maven/shared/maven-shared-utils/3.4.2/maven-shared-utils-3.4.2.jar (151 kB at 173 kB/s)
[INFO] Downloading from central: https://repo.maven.apache.org/maven2/org/codehaus/plexus/plexus-classworlds/2.6.0/plexus-classworlds-2.6.0.jar
[INFO] Downloaded from central: https://repo.maven.apache.org/maven2/com/google/inject/guice/5.1.0/guice-5.1.0-classes.jar (657 kB at 752 kB/s)
[INFO] Downloading from central: https://repo.maven.apache.org/maven2/commons-cli/commons-cli/1.11.0/commons-cli-1.11.0.jar
[INFO] Downloaded from central: https://repo.maven.apache.org/maven2/com/google/guava/failureaccess/1.0.1/failureaccess-1.0.1.jar (4.6 kB at 5.2 kB/s)
[INFO] Downloading from central: https://repo.maven.apache.org/maven2/org/eclipse/sisu/org.eclipse.sisu.plexus/1.0.0/org.eclipse.sisu.plexus-1.0.0.jar
[INFO] Downloaded from central: https://repo.maven.apache.org/maven2/javax/annotation/javax.annotation-api/1.3.2/javax.annotation-api-1.3.2.jar (27 kB at 28 kB/s)
[INFO] Downloading from central: https://repo.maven.apache.org/maven2/org/apache/maven/maven-settings-builder/3.9.16/maven-settings-builder-3.9.16.jar
[INFO] Downloaded from central: https://repo.maven.apache.org/maven2/commons-cli/commons-cli/1.11.0/commons-cli-1.11.0.jar (110 kB at 114 kB/s)
[INFO] Downloading from central: https://repo.maven.apache.org/maven2/org/apache/maven/maven-resolver-provider/3.9.16/maven-resolver-provider-3.9.16.jar
[INFO] Downloaded from central: https://repo.maven.apache.org/maven2/org/codehaus/plexus/plexus-classworlds/2.6.0/plexus-classworlds-2.6.0.jar (53 kB at 55 kB/s)
[INFO] Downloading from central: https://repo.maven.apache.org/maven2/io/quarkus/quarkus-core-deployment/3.37.3/quarkus-core-deployment-3.37.3.jar
[INFO] Downloaded from central: https://repo.maven.apache.org/maven2/org/eclipse/sisu/org.eclipse.sisu.plexus/1.0.0/org.eclipse.sisu.plexus-1.0.0.jar (216 kB at 217 kB/s)
[INFO] Downloading from central: https://repo.maven.apache.org/maven2/org/aesh/readline/2.6.3/readline-2.6.3.jar
[INFO] Downloaded from central: https://repo.maven.apache.org/maven2/com/google/guava/guava/33.6.0-jre/guava-33.6.0-jre.jar (3.1 MB at 3.1 MB/s)
[INFO] Downloading from central: https://repo.maven.apache.org/maven2/org/jline/jansi/4.2.1/jansi-4.2.1.jar
[INFO] Downloaded from central: https://repo.maven.apache.org/maven2/org/apache/maven/maven-settings-builder/3.9.16/maven-settings-builder-3.9.16.jar (42 kB at 41 kB/s)
[INFO] Downloading from central: https://repo.maven.apache.org/maven2/org/aesh/aesh/2.8.2/aesh-2.8.2.jar
[INFO] Downloaded from central: https://repo.maven.apache.org/maven2/org/apache/maven/maven-resolver-provider/3.9.16/maven-resolver-provider-3.9.16.jar (79 kB at 76 kB/s)
[INFO] Downloading from central: https://repo.maven.apache.org/maven2/org/apache/commons/commons-lang3/3.20.0/commons-lang3-3.20.0.jar
[INFO] Downloaded from central: https://repo.maven.apache.org/maven2/org/aesh/readline/2.6.3/readline-2.6.3.jar (335 kB at 305 kB/s)
[INFO] Downloading from central: https://repo.maven.apache.org/maven2/org/apache/commons/commons-compress/1.28.0/commons-compress-1.28.0.jar
[INFO] Downloaded from central: https://repo.maven.apache.org/maven2/io/quarkus/quarkus-core-deployment/3.37.3/quarkus-core-deployment-3.37.3.jar (1.7 MB at 1.5 MB/s)
[INFO] Downloading from central: https://repo.maven.apache.org/maven2/commons-io/commons-io/2.22.0/commons-io-2.22.0.jar
[INFO] Downloaded from central: https://repo.maven.apache.org/maven2/org/jline/jansi/4.2.1/jansi-4.2.1.jar (664 kB at 593 kB/s)
[INFO] Downloading from central: https://repo.maven.apache.org/maven2/org/wildfly/common/wildfly-common/2.0.1/wildfly-common-2.0.1.jar
[INFO] Downloaded from central: https://repo.maven.apache.org/maven2/org/aesh/aesh/2.8.2/aesh-2.8.2.jar (362 kB at 320 kB/s)
[INFO] Downloading from central: https://repo.maven.apache.org/maven2/io/quarkus/gizmo/gizmo/1.10.1/gizmo-1.10.1.jar
[INFO] Downloaded from central: https://repo.maven.apache.org/maven2/org/apache/commons/commons-lang3/3.20.0/commons-lang3-3.20.0.jar (714 kB at 612 kB/s)
[INFO] Downloading from central: https://repo.maven.apache.org/maven2/org/ow2/asm/asm-util/9.10.1/asm-util-9.10.1.jar
[INFO] Downloaded from central: https://repo.maven.apache.org/maven2/org/wildfly/common/wildfly-common/2.0.1/wildfly-common-2.0.1.jar (263 kB at 216 kB/s)
[INFO] Downloaded from central: https://repo.maven.apache.org/maven2/commons-io/commons-io/2.22.0/commons-io-2.22.0.jar (609 kB at 501 kB/s)
[INFO] Downloading from central: https://repo.maven.apache.org/maven2/org/ow2/asm/asm-analysis/9.10.1/asm-analysis-9.10.1.jar
[INFO] Downloading from central: https://repo.maven.apache.org/maven2/io/quarkus/gizmo/gizmo2/2.1.1/gizmo2-2.1.1.jar
[INFO] Downloaded from central: https://repo.maven.apache.org/maven2/org/apache/commons/commons-compress/1.28.0/commons-compress-1.28.0.jar (1.1 MB at 909 kB/s)
[INFO] Downloading from central: https://repo.maven.apache.org/maven2/io/smallrye/common/smallrye-common-resource/2.18.1/smallrye-common-resource-2.18.1.jar
[INFO] Downloaded from central: https://repo.maven.apache.org/maven2/io/quarkus/gizmo/gizmo/1.10.1/gizmo-1.10.1.jar (188 kB at 151 kB/s)
[INFO] Downloading from central: https://repo.maven.apache.org/maven2/io/smallrye/jandex/3.6.0/jandex-3.6.0.jar
[INFO] Downloaded from central: https://repo.maven.apache.org/maven2/org/ow2/asm/asm-util/9.10.1/asm-util-9.10.1.jar (96 kB at 76 kB/s)
[INFO] Downloading from central: https://repo.maven.apache.org/maven2/io/smallrye/jandex-gizmo2/3.6.0/jandex-gizmo2-3.6.0.jar
[INFO] Downloaded from central: https://repo.maven.apache.org/maven2/io/smallrye/common/smallrye-common-resource/2.18.1/smallrye-common-resource-2.18.1.jar (30 kB at 23 kB/s)
[INFO] Downloading from central: https://repo.maven.apache.org/maven2/io/smallrye/common/smallrye-common-os/2.18.1/smallrye-common-os-2.18.1.jar
[INFO] Downloaded from central: https://repo.maven.apache.org/maven2/org/ow2/asm/asm-analysis/9.10.1/asm-analysis-9.10.1.jar (35 kB at 27 kB/s)
[INFO] Downloading from central: https://repo.maven.apache.org/maven2/io/smallrye/common/smallrye-common-process/2.18.1/smallrye-common-process-2.18.1.jar
[INFO] Downloaded from central: https://repo.maven.apache.org/maven2/io/quarkus/gizmo/gizmo2/2.1.1/gizmo2-2.1.1.jar (564 kB at 425 kB/s)
[INFO] Downloading from central: https://repo.maven.apache.org/maven2/io/smallrye/common/smallrye-common-function/2.18.1/smallrye-common-function-2.18.1.jar
[INFO] Downloaded from central: https://repo.maven.apache.org/maven2/io/smallrye/jandex/3.6.0/jandex-3.6.0.jar (408 kB at 307 kB/s)
[INFO] Downloading from central: https://repo.maven.apache.org/maven2/org/ow2/asm/asm/9.10.1/asm-9.10.1.jar
[INFO] Downloaded from central: https://repo.maven.apache.org/maven2/io/smallrye/jandex-gizmo2/3.6.0/jandex-gizmo2-3.6.0.jar (18 kB at 13 kB/s)
[INFO] Downloading from central: https://repo.maven.apache.org/maven2/org/ow2/asm/asm-commons/9.10.1/asm-commons-9.10.1.jar
[INFO] Downloaded from central: https://repo.maven.apache.org/maven2/io/smallrye/common/smallrye-common-os/2.18.1/smallrye-common-os-2.18.1.jar (9.6 kB at 6.9 kB/s)
[INFO] Downloading from central: https://repo.maven.apache.org/maven2/org/ow2/asm/asm-tree/9.10.1/asm-tree-9.10.1.jar
[INFO] Downloaded from central: https://repo.maven.apache.org/maven2/io/smallrye/common/smallrye-common-process/2.18.1/smallrye-common-process-2.18.1.jar (83 kB at 59 kB/s)
[INFO] Downloading from central: https://repo.maven.apache.org/maven2/io/quarkus/quarkus-development-mode-spi/3.37.3/quarkus-development-mode-spi-3.37.3.jar
[INFO] Downloaded from central: https://repo.maven.apache.org/maven2/org/ow2/asm/asm-commons/9.10.1/asm-commons-9.10.1.jar (75 kB at 53 kB/s)
[INFO] Downloading from central: https://repo.maven.apache.org/maven2/io/quarkus/quarkus-hibernate-validator-spi/3.37.3/quarkus-hibernate-validator-spi-3.37.3.jar
[INFO] Downloaded from central: https://repo.maven.apache.org/maven2/org/ow2/asm/asm/9.10.1/asm-9.10.1.jar (126 kB at 89 kB/s)
[INFO] Downloading from central: https://repo.maven.apache.org/maven2/io/quarkus/quarkus-class-change-agent/3.37.3/quarkus-class-change-agent-3.37.3.jar
[INFO] Downloaded from central: https://repo.maven.apache.org/maven2/io/smallrye/common/smallrye-common-function/2.18.1/smallrye-common-function-2.18.1.jar (64 kB at 45 kB/s)
[INFO] Downloading from central: https://repo.maven.apache.org/maven2/org/eclipse/sisu/org.eclipse.sisu.inject/1.0.0/org.eclipse.sisu.inject-1.0.0.jar
[INFO] Downloaded from central: https://repo.maven.apache.org/maven2/org/ow2/asm/asm-tree/9.10.1/asm-tree-9.10.1.jar (52 kB at 35 kB/s)
[INFO] Downloading from central: https://repo.maven.apache.org/maven2/io/quarkus/quarkus-core/3.37.3/quarkus-core-3.37.3.jar
[INFO] Downloaded from central: https://repo.maven.apache.org/maven2/io/quarkus/quarkus-development-mode-spi/3.37.3/quarkus-development-mode-spi-3.37.3.jar (55 kB at 37 kB/s)
[INFO] Downloading from central: https://repo.maven.apache.org/maven2/jakarta/annotation/jakarta.annotation-api/3.0.0/jakarta.annotation-api-3.0.0.jar
[INFO] Downloaded from central: https://repo.maven.apache.org/maven2/io/quarkus/quarkus-class-change-agent/3.37.3/quarkus-class-change-agent-3.37.3.jar (7.4 kB at 4.9 kB/s)
[INFO] Downloading from central: https://repo.maven.apache.org/maven2/jakarta/inject/jakarta.inject-api/2.0.1/jakarta.inject-api-2.0.1.jar
[INFO] Downloaded from central: https://repo.maven.apache.org/maven2/io/quarkus/quarkus-hibernate-validator-spi/3.37.3/quarkus-hibernate-validator-spi-3.37.3.jar (9.3 kB at 6.2 kB/s)
[INFO] Downloading from central: https://repo.maven.apache.org/maven2/io/smallrye/config/smallrye-config/3.17.2/smallrye-config-3.17.2.jar
[INFO] Downloaded from central: https://repo.maven.apache.org/maven2/org/eclipse/sisu/org.eclipse.sisu.inject/1.0.0/org.eclipse.sisu.inject-1.0.0.jar (304 kB at 199 kB/s)
[INFO] Downloading from central: https://repo.maven.apache.org/maven2/io/smallrye/config/smallrye-config-core/3.17.2/smallrye-config-core-3.17.2.jar
[INFO] Downloaded from central: https://repo.maven.apache.org/maven2/jakarta/annotation/jakarta.annotation-api/3.0.0/jakarta.annotation-api-3.0.0.jar (26 kB at 17 kB/s)
[INFO] Downloading from central: https://repo.maven.apache.org/maven2/org/eclipse/microprofile/config/microprofile-config-api/3.1.1/microprofile-config-api-3.1.1.jar
[INFO] Downloaded from central: https://repo.maven.apache.org/maven2/jakarta/inject/jakarta.inject-api/2.0.1/jakarta.inject-api-2.0.1.jar (11 kB at 6.7 kB/s)
[INFO] Downloading from central: https://repo.maven.apache.org/maven2/io/smallrye/common/smallrye-common-classloader/2.18.1/smallrye-common-classloader-2.18.1.jar
[INFO] Downloaded from central: https://repo.maven.apache.org/maven2/io/smallrye/config/smallrye-config/3.17.2/smallrye-config-3.17.2.jar (36 kB at 23 kB/s)
[INFO] Downloading from central: https://repo.maven.apache.org/maven2/io/smallrye/config/smallrye-config-common/3.17.2/smallrye-config-common-3.17.2.jar
[INFO] Downloaded from central: https://repo.maven.apache.org/maven2/io/quarkus/quarkus-core/3.37.3/quarkus-core-3.37.3.jar (551 kB at 345 kB/s)
[INFO] Downloading from central: https://repo.maven.apache.org/maven2/org/jboss/threads/jboss-threads/3.9.2/jboss-threads-3.9.2.jar
[INFO] Downloaded from central: https://repo.maven.apache.org/maven2/io/smallrye/config/smallrye-config-core/3.17.2/smallrye-config-core-3.17.2.jar (384 kB at 234 kB/s)
[INFO] Downloading from central: https://repo.maven.apache.org/maven2/io/smallrye/common/smallrye-common-annotation/2.18.1/smallrye-common-annotation-2.18.1.jar
[INFO] Downloaded from central: https://repo.maven.apache.org/maven2/io/smallrye/common/smallrye-common-classloader/2.18.1/smallrye-common-classloader-2.18.1.jar (11 kB at 6.6 kB/s)
[INFO] Downloading from central: https://repo.maven.apache.org/maven2/io/quarkus/quarkus-bootstrap-runner/3.37.3/quarkus-bootstrap-runner-3.37.3.jar
[INFO] Downloaded from central: https://repo.maven.apache.org/maven2/io/smallrye/config/smallrye-config-common/3.17.2/smallrye-config-common-3.17.2.jar (15 kB at 9.0 kB/s)
[INFO] Downloading from central: https://repo.maven.apache.org/maven2/org/crac/crac/1.5.0/crac-1.5.0.jar
[INFO] Downloaded from central: https://repo.maven.apache.org/maven2/org/eclipse/microprofile/config/microprofile-config-api/3.1.1/microprofile-config-api-3.1.1.jar (18 kB at 11 kB/s)
[INFO] Downloading from central: https://repo.maven.apache.org/maven2/io/quarkus/quarkus-builder/3.37.3/quarkus-builder-3.37.3.jar
[INFO] Downloaded from central: https://repo.maven.apache.org/maven2/org/jboss/threads/jboss-threads/3.9.2/jboss-threads-3.9.2.jar (133 kB at 78 kB/s)
[INFO] Downloading from central: https://repo.maven.apache.org/maven2/org/graalvm/sdk/nativeimage/23.1.2/nativeimage-23.1.2.jar
[INFO] Downloaded from central: https://repo.maven.apache.org/maven2/io/smallrye/common/smallrye-common-annotation/2.18.1/smallrye-common-annotation-2.18.1.jar (12 kB at 6.9 kB/s)
[INFO] Downloading from central: https://repo.maven.apache.org/maven2/org/graalvm/sdk/word/23.1.2/word-23.1.2.jar
[INFO] Downloaded from central: https://repo.maven.apache.org/maven2/io/quarkus/quarkus-bootstrap-runner/3.37.3/quarkus-bootstrap-runner-3.37.3.jar (92 kB at 53 kB/s)
[INFO] Downloading from central: https://repo.maven.apache.org/maven2/net/bytebuddy/byte-buddy-agent/1.18.8/byte-buddy-agent-1.18.8.jar
[INFO] Downloaded from central: https://repo.maven.apache.org/maven2/org/crac/crac/1.5.0/crac-1.5.0.jar (13 kB at 7.6 kB/s)
[INFO] Downloading from central: https://repo.maven.apache.org/maven2/org/junit/platform/junit-platform-launcher/6.1.1/junit-platform-launcher-6.1.1.jar
[INFO] Downloaded from central: https://repo.maven.apache.org/maven2/io/quarkus/quarkus-builder/3.37.3/quarkus-builder-3.37.3.jar (94 kB at 53 kB/s)
[INFO] Downloading from central: https://repo.maven.apache.org/maven2/org/junit/platform/junit-platform-engine/6.1.1/junit-platform-engine-6.1.1.jar
[INFO] Downloaded from central: https://repo.maven.apache.org/maven2/org/graalvm/sdk/nativeimage/23.1.2/nativeimage-23.1.2.jar (217 kB at 122 kB/s)
[INFO] Downloading from central: https://repo.maven.apache.org/maven2/org/opentest4j/opentest4j/1.3.0/opentest4j-1.3.0.jar
[INFO] Downloaded from central: https://repo.maven.apache.org/maven2/org/graalvm/sdk/word/23.1.2/word-23.1.2.jar (22 kB at 12 kB/s)
[INFO] Downloading from central: https://repo.maven.apache.org/maven2/org/junit/platform/junit-platform-commons/6.1.1/junit-platform-commons-6.1.1.jar
[INFO] Downloaded from central: https://repo.maven.apache.org/maven2/net/bytebuddy/byte-buddy-agent/1.18.8/byte-buddy-agent-1.18.8.jar (267 kB at 145 kB/s)
[INFO] Downloading from central: https://repo.maven.apache.org/maven2/org/apiguardian/apiguardian-api/1.1.2/apiguardian-api-1.1.2.jar
[INFO] Downloaded from central: https://repo.maven.apache.org/maven2/org/junit/platform/junit-platform-launcher/6.1.1/junit-platform-launcher-6.1.1.jar (253 kB at 137 kB/s)
[INFO] Downloading from central: https://repo.maven.apache.org/maven2/org/jspecify/jspecify/1.0.0/jspecify-1.0.0.jar
[INFO] Downloaded from central: https://repo.maven.apache.org/maven2/org/opentest4j/opentest4j/1.3.0/opentest4j-1.3.0.jar (14 kB at 7.7 kB/s)
[INFO] Downloading from central: https://repo.maven.apache.org/maven2/org/junit/jupiter/junit-jupiter/6.1.1/junit-jupiter-6.1.1.jar
[INFO] Downloaded from central: https://repo.maven.apache.org/maven2/org/junit/platform/junit-platform-engine/6.1.1/junit-platform-engine-6.1.1.jar (324 kB at 174 kB/s)
[INFO] Downloading from central: https://repo.maven.apache.org/maven2/org/junit/jupiter/junit-jupiter-api/6.1.1/junit-jupiter-api-6.1.1.jar
[INFO] Downloaded from central: https://repo.maven.apache.org/maven2/org/junit/platform/junit-platform-commons/6.1.1/junit-platform-commons-6.1.1.jar (176 kB at 92 kB/s)
[INFO] Downloading from central: https://repo.maven.apache.org/maven2/org/junit/jupiter/junit-jupiter-params/6.1.1/junit-jupiter-params-6.1.1.jar
[INFO] Downloaded from central: https://repo.maven.apache.org/maven2/org/apiguardian/apiguardian-api/1.1.2/apiguardian-api-1.1.2.jar (6.8 kB at 3.6 kB/s)
[INFO] Downloading from central: https://repo.maven.apache.org/maven2/org/junit/jupiter/junit-jupiter-engine/6.1.1/junit-jupiter-engine-6.1.1.jar
[INFO] Downloaded from central: https://repo.maven.apache.org/maven2/org/jspecify/jspecify/1.0.0/jspecify-1.0.0.jar (3.8 kB at 2.0 kB/s)
[INFO] Downloading from central: https://repo.maven.apache.org/maven2/io/quarkus/quarkus-project-core-extension-codestarts/3.37.3/quarkus-project-core-extension-codestarts-3.37.3.jar
[INFO] Downloaded from central: https://repo.maven.apache.org/maven2/org/junit/jupiter/junit-jupiter/6.1.1/junit-jupiter-6.1.1.jar (6.4 kB at 3.3 kB/s)
[INFO] Downloading from central: https://repo.maven.apache.org/maven2/io/quarkus/quarkus-devtools-common/3.37.3/quarkus-devtools-common-3.37.3.jar
[INFO] Downloaded from central: https://repo.maven.apache.org/maven2/org/junit/jupiter/junit-jupiter-api/6.1.1/junit-jupiter-api-6.1.1.jar (313 kB at 160 kB/s)
[INFO] Downloading from central: https://repo.maven.apache.org/maven2/io/quarkus/quarkus-devtools-registry-client/3.37.3/quarkus-devtools-registry-client-3.37.3.jar
[INFO] Downloaded from central: https://repo.maven.apache.org/maven2/org/junit/jupiter/junit-jupiter-engine/6.1.1/junit-jupiter-engine-6.1.1.jar (353 kB at 177 kB/s)
[INFO] Downloading from central: https://repo.maven.apache.org/maven2/io/quarkus/quarkus-devtools-base-codestarts/3.37.3/quarkus-devtools-base-codestarts-3.37.3.jar
[INFO] Downloaded from central: https://repo.maven.apache.org/maven2/org/junit/jupiter/junit-jupiter-params/6.1.1/junit-jupiter-params-6.1.1.jar (303 kB at 152 kB/s)
[INFO] Downloading from central: https://repo.maven.apache.org/maven2/io/quarkus/quarkus-devtools-codestarts/3.37.3/quarkus-devtools-codestarts-3.37.3.jar
[INFO] Downloaded from central: https://repo.maven.apache.org/maven2/io/quarkus/quarkus-project-core-extension-codestarts/3.37.3/quarkus-project-core-extension-codestarts-3.37.3.jar (326 kB at 162 kB/s)
[INFO] Downloading from central: https://repo.maven.apache.org/maven2/io/quarkus/qute/qute-core/3.37.3/qute-core-3.37.3.jar
[INFO] Downloaded from central: https://repo.maven.apache.org/maven2/io/quarkus/quarkus-devtools-common/3.37.3/quarkus-devtools-common-3.37.3.jar (423 kB at 209 kB/s)
[INFO] Downloading from central: https://repo.maven.apache.org/maven2/io/smallrye/reactive/mutiny/3.2.1/mutiny-3.2.1.jar
[INFO] Downloaded from central: https://repo.maven.apache.org/maven2/io/quarkus/quarkus-devtools-registry-client/3.37.3/quarkus-devtools-registry-client-3.37.3.jar (237 kB at 117 kB/s)
[INFO] Downloading from central: https://repo.maven.apache.org/maven2/org/jctools/jctools-core/4.0.5/jctools-core-4.0.5.jar
[INFO] Downloaded from central: https://repo.maven.apache.org/maven2/io/quarkus/quarkus-devtools-base-codestarts/3.37.3/quarkus-devtools-base-codestarts-3.37.3.jar (391 kB at 190 kB/s)
[INFO] Downloading from central: https://repo.maven.apache.org/maven2/io/smallrye/common/smallrye-common-version/2.18.1/smallrye-common-version-2.18.1.jar
[INFO] Downloaded from central: https://repo.maven.apache.org/maven2/io/quarkus/quarkus-devtools-codestarts/3.37.3/quarkus-devtools-codestarts-3.37.3.jar (93 kB at 45 kB/s)
[INFO] Downloading from central: https://repo.maven.apache.org/maven2/io/fabric8/maven-model-helper/41/maven-model-helper-41.jar
[INFO] Downloaded from central: https://repo.maven.apache.org/maven2/io/quarkus/qute/qute-core/3.37.3/qute-core-3.37.3.jar (397 kB at 188 kB/s)
[INFO] Downloading from central: https://repo.maven.apache.org/maven2/org/jdom/jdom2/2.0.6.1/jdom2-2.0.6.1.jar
[INFO] Downloaded from central: https://repo.maven.apache.org/maven2/org/jctools/jctools-core/4.0.5/jctools-core-4.0.5.jar (494 kB at 231 kB/s)
[INFO] Downloading from central: https://repo.maven.apache.org/maven2/com/fasterxml/jackson/dataformat/jackson-dataformat-yaml/2.22.0/jackson-dataformat-yaml-2.22.0.jar
[INFO] Downloaded from central: https://repo.maven.apache.org/maven2/io/smallrye/reactive/mutiny/3.2.1/mutiny-3.2.1.jar (925 kB at 430 kB/s)
[INFO] Downloading from central: https://repo.maven.apache.org/maven2/org/yaml/snakeyaml/2.6/snakeyaml-2.6.jar
[INFO] Downloaded from central: https://repo.maven.apache.org/maven2/io/smallrye/common/smallrye-common-version/2.18.1/smallrye-common-version-2.18.1.jar (34 kB at 16 kB/s)
[INFO] Downloading from central: https://repo.maven.apache.org/maven2/com/fasterxml/jackson/datatype/jackson-datatype-jdk8/2.22.0/jackson-datatype-jdk8-2.22.0.jar
[INFO] Downloaded from central: https://repo.maven.apache.org/maven2/io/fabric8/maven-model-helper/41/maven-model-helper-41.jar (37 kB at 17 kB/s)
[INFO] Downloading from central: https://repo.maven.apache.org/maven2/org/apache/maven/maven-plugin-api/3.9.16/maven-plugin-api-3.9.16.jar
[INFO] Downloaded from central: https://repo.maven.apache.org/maven2/org/jdom/jdom2/2.0.6.1/jdom2-2.0.6.1.jar (328 kB at 148 kB/s)
[INFO] Downloading from central: https://repo.maven.apache.org/maven2/org/apache/maven/maven-core/3.9.16/maven-core-3.9.16.jar
[INFO] Downloaded from central: https://repo.maven.apache.org/maven2/com/fasterxml/jackson/dataformat/jackson-dataformat-yaml/2.22.0/jackson-dataformat-yaml-2.22.0.jar (61 kB at 27 kB/s)
[INFO] Downloading from central: https://repo.maven.apache.org/maven2/org/apache/maven/resolver/maven-resolver-impl/1.9.27/maven-resolver-impl-1.9.27.jar
[INFO] Downloaded from central: https://repo.maven.apache.org/maven2/org/yaml/snakeyaml/2.6/snakeyaml-2.6.jar (340 kB at 152 kB/s)
[INFO] Downloading from central: https://repo.maven.apache.org/maven2/org/apache/maven/resolver/maven-resolver-named-locks/1.9.27/maven-resolver-named-locks-1.9.27.jar
[INFO] Downloaded from central: https://repo.maven.apache.org/maven2/com/fasterxml/jackson/datatype/jackson-datatype-jdk8/2.22.0/jackson-datatype-jdk8-2.22.0.jar (36 kB at 16 kB/s)
[INFO] Downloading from central: https://repo.maven.apache.org/maven2/org/apache/maven/resolver/maven-resolver-api/1.9.27/maven-resolver-api-1.9.27.jar
[INFO] Downloaded from central: https://repo.maven.apache.org/maven2/org/apache/maven/maven-plugin-api/3.9.16/maven-plugin-api-3.9.16.jar (48 kB at 21 kB/s)
[INFO] Downloading from central: https://repo.maven.apache.org/maven2/org/apache/maven/resolver/maven-resolver-spi/1.9.27/maven-resolver-spi-1.9.27.jar
[INFO] Downloaded from central: https://repo.maven.apache.org/maven2/org/apache/maven/maven-core/3.9.16/maven-core-3.9.16.jar (722 kB at 313 kB/s)
[INFO] Downloading from central: https://repo.maven.apache.org/maven2/org/apache/maven/resolver/maven-resolver-util/1.9.27/maven-resolver-util-1.9.27.jar
[INFO] Downloaded from central: https://repo.maven.apache.org/maven2/org/apache/maven/resolver/maven-resolver-named-locks/1.9.27/maven-resolver-named-locks-1.9.27.jar (38 kB at 16 kB/s)
[INFO] Downloading from central: https://repo.maven.apache.org/maven2/org/codehaus/plexus/plexus-component-annotations/2.1.0/plexus-component-annotations-2.1.0.jar
[INFO] Downloaded from central: https://repo.maven.apache.org/maven2/org/apache/maven/resolver/maven-resolver-spi/1.9.27/maven-resolver-spi-1.9.27.jar (52 kB at 22 kB/s)
[INFO] Downloading from central: https://repo.maven.apache.org/maven2/jakarta/enterprise/jakarta.enterprise.cdi-api/4.1.0/jakarta.enterprise.cdi-api-4.1.0.jar
[INFO] Downloaded from central: https://repo.maven.apache.org/maven2/org/apache/maven/resolver/maven-resolver-api/1.9.27/maven-resolver-api-1.9.27.jar (158 kB at 68 kB/s)
[INFO] Downloading from central: https://repo.maven.apache.org/maven2/jakarta/enterprise/jakarta.enterprise.lang-model/4.1.0/jakarta.enterprise.lang-model-4.1.0.jar
[INFO] Downloaded from central: https://repo.maven.apache.org/maven2/jakarta/enterprise/jakarta.enterprise.cdi-api/4.1.0/jakarta.enterprise.cdi-api-4.1.0.jar (160 kB at 66 kB/s)
[INFO] Downloading from central: https://repo.maven.apache.org/maven2/jakarta/el/jakarta.el-api/6.0.1/jakarta.el-api-6.0.1.jar
[INFO] Downloaded from central: https://repo.maven.apache.org/maven2/org/apache/maven/resolver/maven-resolver-util/1.9.27/maven-resolver-util-1.9.27.jar (197 kB at 82 kB/s)
[INFO] Downloading from central: https://repo.maven.apache.org/maven2/jakarta/interceptor/jakarta.interceptor-api/2.2.0/jakarta.interceptor-api-2.2.0.jar
[INFO] Downloaded from central: https://repo.maven.apache.org/maven2/org/codehaus/plexus/plexus-component-annotations/2.1.0/plexus-component-annotations-2.1.0.jar (4.2 kB at 1.8 kB/s)
[INFO] Downloading from central: https://repo.maven.apache.org/maven2/org/codejive/java-properties/0.0.7/java-properties-0.0.7.jar
[INFO] Downloaded from central: https://repo.maven.apache.org/maven2/jakarta/enterprise/jakarta.enterprise.lang-model/4.1.0/jakarta.enterprise.lang-model-4.1.0.jar (28 kB at 11 kB/s)
[INFO] Downloading from central: https://repo.maven.apache.org/maven2/io/quarkus/quarkus-analytics-common/3.37.3/quarkus-analytics-common-3.37.3.jar
[INFO] Downloaded from central: https://repo.maven.apache.org/maven2/org/apache/maven/resolver/maven-resolver-impl/1.9.27/maven-resolver-impl-1.9.27.jar (327 kB at 133 kB/s)
[INFO] Downloading from central: https://repo.maven.apache.org/maven2/io/quarkus/quarkus-devtools-message-writer/3.37.3/quarkus-devtools-message-writer-3.37.3.jar
[INFO] Downloaded from central: https://repo.maven.apache.org/maven2/jakarta/interceptor/jakarta.interceptor-api/2.2.0/jakarta.interceptor-api-2.2.0.jar (24 kB at 9.6 kB/s)
[INFO] Downloading from central: https://repo.maven.apache.org/maven2/io/quarkus/quarkus-cyclonedx-generator/3.37.3/quarkus-cyclonedx-generator-3.37.3.jar
[INFO] Downloaded from central: https://repo.maven.apache.org/maven2/jakarta/el/jakarta.el-api/6.0.1/jakarta.el-api-6.0.1.jar (93 kB at 37 kB/s)
[INFO] Downloading from central: https://repo.maven.apache.org/maven2/org/cyclonedx/cyclonedx-core-java/12.2.0/cyclonedx-core-java-12.2.0.jar
[INFO] Downloaded from central: https://repo.maven.apache.org/maven2/io/quarkus/quarkus-analytics-common/3.37.3/quarkus-analytics-common-3.37.3.jar (62 kB at 25 kB/s)
[INFO] Downloading from central: https://repo.maven.apache.org/maven2/org/apache/commons/commons-collections4/4.5.0/commons-collections4-4.5.0.jar
[INFO] Downloaded from central: https://repo.maven.apache.org/maven2/org/codejive/java-properties/0.0.7/java-properties-0.0.7.jar (27 kB at 11 kB/s)
[INFO] Downloading from central: https://repo.maven.apache.org/maven2/com/github/package-url/packageurl-java/1.5.0/packageurl-java-1.5.0.jar
[INFO] Downloaded from central: https://repo.maven.apache.org/maven2/io/quarkus/quarkus-devtools-message-writer/3.37.3/quarkus-devtools-message-writer-3.37.3.jar (13 kB at 4.9 kB/s)
[INFO] Downloading from central: https://repo.maven.apache.org/maven2/com/fasterxml/jackson/dataformat/jackson-dataformat-xml/2.22.0/jackson-dataformat-xml-2.22.0.jar
[INFO] Downloaded from central: https://repo.maven.apache.org/maven2/io/quarkus/quarkus-cyclonedx-generator/3.37.3/quarkus-cyclonedx-generator-3.37.3.jar (23 kB at 9.0 kB/s)
[INFO] Downloading from central: https://repo.maven.apache.org/maven2/org/codehaus/woodstox/stax2-api/4.3.0/stax2-api-4.3.0.jar
[INFO] Downloaded from central: https://repo.maven.apache.org/maven2/com/github/package-url/packageurl-java/1.5.0/packageurl-java-1.5.0.jar (17 kB at 6.5 kB/s)
[INFO] Downloading from central: https://repo.maven.apache.org/maven2/com/fasterxml/woodstox/woodstox-core/7.2.0/woodstox-core-7.2.0.jar
[INFO] Downloaded from central: https://repo.maven.apache.org/maven2/org/apache/commons/commons-collections4/4.5.0/commons-collections4-4.5.0.jar (899 kB at 342 kB/s)
[INFO] Downloading from central: https://repo.maven.apache.org/maven2/com/networknt/json-schema-validator/2.0.1/json-schema-validator-2.0.1.jar
[INFO] Downloaded from central: https://repo.maven.apache.org/maven2/com/fasterxml/jackson/dataformat/jackson-dataformat-xml/2.22.0/jackson-dataformat-xml-2.22.0.jar (136 kB at 51 kB/s)
[INFO] Downloading from central: https://repo.maven.apache.org/maven2/com/ethlo/time/itu/1.14.0/itu-1.14.0.jar
[INFO] Downloaded from central: https://repo.maven.apache.org/maven2/org/codehaus/woodstox/stax2-api/4.3.0/stax2-api-4.3.0.jar (194 kB at 72 kB/s)
[INFO] Downloading from central: https://repo.maven.apache.org/maven2/javax/inject/javax.inject/1/javax.inject-1.jar
[INFO] Downloaded from central: https://repo.maven.apache.org/maven2/org/cyclonedx/cyclonedx-core-java/12.2.0/cyclonedx-core-java-12.2.0.jar (2.7 MB at 1.0 MB/s)
[INFO] Downloading from central: https://repo.maven.apache.org/maven2/org/freemarker/freemarker/2.3.34/freemarker-2.3.34.jar
[INFO] Downloaded from central: https://repo.maven.apache.org/maven2/com/networknt/json-schema-validator/2.0.1/json-schema-validator-2.0.1.jar (577 kB at 212 kB/s)
[INFO] Downloading from central: https://repo.maven.apache.org/maven2/org/eclipse/parsson/parsson/1.1.9/parsson-1.1.9.jar
[INFO] Downloaded from central: https://repo.maven.apache.org/maven2/com/fasterxml/woodstox/woodstox-core/7.2.0/woodstox-core-7.2.0.jar (1.6 MB at 592 kB/s)
[INFO] Downloading from central: https://repo.maven.apache.org/maven2/jakarta/json/jakarta.json-api/2.1.3/jakarta.json-api-2.1.3.jar
[INFO] Downloaded from central: https://repo.maven.apache.org/maven2/com/ethlo/time/itu/1.14.0/itu-1.14.0.jar (58 kB at 21 kB/s)
[INFO] Downloading from central: https://repo.maven.apache.org/maven2/com/fasterxml/jackson/core/jackson-databind/2.22.0/jackson-databind-2.22.0.jar
[INFO] Downloaded from central: https://repo.maven.apache.org/maven2/javax/inject/javax.inject/1/javax.inject-1.jar (2.5 kB at 903 B/s)
[INFO] Downloading from central: https://repo.maven.apache.org/maven2/com/fasterxml/jackson/core/jackson-annotations/2.22/jackson-annotations-2.22.jar
[INFO] Downloaded from central: https://repo.maven.apache.org/maven2/org/eclipse/parsson/parsson/1.1.9/parsson-1.1.9.jar (127 kB at 45 kB/s)
[INFO] Downloading from central: https://repo.maven.apache.org/maven2/com/fasterxml/jackson/core/jackson-core/2.22.0/jackson-core-2.22.0.jar
[INFO] Downloaded from central: https://repo.maven.apache.org/maven2/org/freemarker/freemarker/2.3.34/freemarker-2.3.34.jar (1.9 MB at 667 kB/s)
[INFO] Downloading from central: https://repo.maven.apache.org/maven2/org/twdata/maven/mojo-executor/2.4.0/mojo-executor-2.4.0.jar
[INFO] Downloaded from central: https://repo.maven.apache.org/maven2/jakarta/json/jakarta.json-api/2.1.3/jakarta.json-api-2.1.3.jar (49 kB at 17 kB/s)
[INFO] Downloading from central: https://repo.maven.apache.org/maven2/org/codehaus/plexus/plexus-utils/3.6.1/plexus-utils-3.6.1.jar
[INFO] Downloaded from central: https://repo.maven.apache.org/maven2/com/fasterxml/jackson/core/jackson-annotations/2.22/jackson-annotations-2.22.jar (84 kB at 30 kB/s)
[INFO] Downloading from central: https://repo.maven.apache.org/maven2/org/jboss/slf4j/slf4j-jboss-logmanager/2.0.2.Final/slf4j-jboss-logmanager-2.0.2.Final.jar
[INFO] Downloaded from central: https://repo.maven.apache.org/maven2/com/fasterxml/jackson/core/jackson-databind/2.22.0/jackson-databind-2.22.0.jar (1.7 MB at 589 kB/s)
[INFO] Downloaded from central: https://repo.maven.apache.org/maven2/org/twdata/maven/mojo-executor/2.4.0/mojo-executor-2.4.0.jar (13 kB at 4.5 kB/s)
[INFO] Downloaded from central: https://repo.maven.apache.org/maven2/org/codehaus/plexus/plexus-utils/3.6.1/plexus-utils-3.6.1.jar (272 kB at 93 kB/s)
[INFO] Downloaded from central: https://repo.maven.apache.org/maven2/com/fasterxml/jackson/core/jackson-core/2.22.0/jackson-core-2.22.0.jar (594 kB at 202 kB/s)
[INFO] Downloaded from central: https://repo.maven.apache.org/maven2/org/jboss/slf4j/slf4j-jboss-logmanager/2.0.2.Final/slf4j-jboss-logmanager-2.0.2.Final.jar (15 kB at 5.0 kB/s)
[basquin-injector] instrumented fixture (com.basquin:basquin-quarkus:0.3.0 from http://localhost:8010/)
[INFO] 
[INFO] ---------------------< com.basquin.spike:fixture >----------------------
[INFO] Building fixture 1.0.0-SNAPSHOT
[INFO]   from pom.xml
[INFO] ------------------------------[ quarkus ]-------------------------------
[INFO] Downloading from central: https://repo.maven.apache.org/maven2/org/apache/maven/plugins/maven-failsafe-plugin/3.5.6/maven-failsafe-plugin-3.5.6.pom
[INFO] Downloaded from central: https://repo.maven.apache.org/maven2/org/apache/maven/plugins/maven-failsafe-plugin/3.5.6/maven-failsafe-plugin-3.5.6.pom (11 kB at 139 kB/s)
[INFO] Downloading from central: https://repo.maven.apache.org/maven2/org/apache/maven/surefire/surefire/3.5.6/surefire-3.5.6.pom
[INFO] Downloaded from central: https://repo.maven.apache.org/maven2/org/apache/maven/surefire/surefire/3.5.6/surefire-3.5.6.pom (19 kB at 246 kB/s)
[INFO] Downloading from central: https://repo.maven.apache.org/maven2/org/apache/maven/plugins/maven-failsafe-plugin/3.5.6/maven-failsafe-plugin-3.5.6.jar
[INFO] Downloaded from central: https://repo.maven.apache.org/maven2/org/apache/maven/plugins/maven-failsafe-plugin/3.5.6/maven-failsafe-plugin-3.5.6.jar (58 kB at 780 kB/s)
[INFO] Downloading from central: https://repo.maven.apache.org/maven2/org/apache/maven/plugins/maven-clean-plugin/3.2.0/maven-clean-plugin-3.2.0.pom
[INFO] Downloaded from central: https://repo.maven.apache.org/maven2/org/apache/maven/plugins/maven-clean-plugin/3.2.0/maven-clean-plugin-3.2.0.pom (5.3 kB at 65 kB/s)
[INFO] Downloading from central: https://repo.maven.apache.org/maven2/org/apache/maven/plugins/maven-plugins/35/maven-plugins-35.pom
[INFO] Downloaded from central: https://repo.maven.apache.org/maven2/org/apache/maven/plugins/maven-plugins/35/maven-plugins-35.pom (9.9 kB at 132 kB/s)
[INFO] Downloading from central: https://repo.maven.apache.org/maven2/org/apache/maven/maven-parent/35/maven-parent-35.pom
[INFO] Downloaded from central: https://repo.maven.apache.org/maven2/org/apache/maven/maven-parent/35/maven-parent-35.pom (45 kB at 686 kB/s)
[INFO] Downloading from central: https://repo.maven.apache.org/maven2/org/apache/apache/25/apache-25.pom
[INFO] Downloaded from central: https://repo.maven.apache.org/maven2/org/apache/apache/25/apache-25.pom (21 kB at 302 kB/s)
[INFO] Downloading from central: https://repo.maven.apache.org/maven2/org/apache/maven/plugins/maven-clean-plugin/3.2.0/maven-clean-plugin-3.2.0.jar
[INFO] Downloaded from central: https://repo.maven.apache.org/maven2/org/apache/maven/plugins/maven-clean-plugin/3.2.0/maven-clean-plugin-3.2.0.jar (36 kB at 446 kB/s)
[INFO] Downloading from central: https://repo.maven.apache.org/maven2/org/apache/maven/plugins/maven-resources-plugin/3.3.1/maven-resources-plugin-3.3.1.pom
[INFO] Downloaded from central: https://repo.maven.apache.org/maven2/org/apache/maven/plugins/maven-resources-plugin/3.3.1/maven-resources-plugin-3.3.1.pom (8.2 kB at 109 kB/s)
[INFO] Downloading from central: https://repo.maven.apache.org/maven2/org/apache/maven/plugins/maven-plugins/39/maven-plugins-39.pom
[INFO] Downloaded from central: https://repo.maven.apache.org/maven2/org/apache/maven/plugins/maven-plugins/39/maven-plugins-39.pom (8.1 kB at 108 kB/s)
[INFO] Downloading from central: https://repo.maven.apache.org/maven2/org/apache/maven/plugins/maven-resources-plugin/3.3.1/maven-resources-plugin-3.3.1.jar
[INFO] Downloaded from central: https://repo.maven.apache.org/maven2/org/apache/maven/plugins/maven-resources-plugin/3.3.1/maven-resources-plugin-3.3.1.jar (31 kB at 455 kB/s)
[INFO] Downloading from central: https://repo.maven.apache.org/maven2/org/apache/maven/plugins/maven-compiler-plugin/3.15.0/maven-compiler-plugin-3.15.0.pom
[INFO] Downloaded from central: https://repo.maven.apache.org/maven2/org/apache/maven/plugins/maven-compiler-plugin/3.15.0/maven-compiler-plugin-3.15.0.pom (9.5 kB at 121 kB/s)
[INFO] Downloading from central: https://repo.maven.apache.org/maven2/org/apache/maven/plugins/maven-plugins/47/maven-plugins-47.pom
[INFO] Downloaded from central: https://repo.maven.apache.org/maven2/org/apache/maven/plugins/maven-plugins/47/maven-plugins-47.pom (7.2 kB at 90 kB/s)
[INFO] Downloading from central: https://repo.maven.apache.org/maven2/org/apache/maven/plugins/maven-compiler-plugin/3.15.0/maven-compiler-plugin-3.15.0.jar
[INFO] Downloaded from central: https://repo.maven.apache.org/maven2/org/apache/maven/plugins/maven-compiler-plugin/3.15.0/maven-compiler-plugin-3.15.0.jar (84 kB at 1.2 MB/s)
[INFO] Downloading from central: https://repo.maven.apache.org/maven2/org/jacoco/jacoco-maven-plugin/0.8.15/jacoco-maven-plugin-0.8.15.pom
[INFO] Downloaded from central: https://repo.maven.apache.org/maven2/org/jacoco/jacoco-maven-plugin/0.8.15/jacoco-maven-plugin-0.8.15.pom (4.9 kB at 67 kB/s)
[INFO] Downloading from central: https://repo.maven.apache.org/maven2/org/jacoco/org.jacoco.build/0.8.15/org.jacoco.build-0.8.15.pom
[INFO] Downloaded from central: https://repo.maven.apache.org/maven2/org/jacoco/org.jacoco.build/0.8.15/org.jacoco.build-0.8.15.pom (50 kB at 576 kB/s)
[INFO] Downloading from central: https://repo.maven.apache.org/maven2/org/ow2/asm/asm-bom/9.10.1/asm-bom-9.10.1.pom
[INFO] Downloaded from central: https://repo.maven.apache.org/maven2/org/ow2/asm/asm-bom/9.10.1/asm-bom-9.10.1.pom (3.3 kB at 50 kB/s)
[INFO] Downloading from central: https://repo.maven.apache.org/maven2/org/jacoco/jacoco-maven-plugin/0.8.15/jacoco-maven-plugin-0.8.15.jar
[INFO] Downloaded from central: https://repo.maven.apache.org/maven2/org/jacoco/jacoco-maven-plugin/0.8.15/jacoco-maven-plugin-0.8.15.jar (58 kB at 813 kB/s)
[INFO] Downloading from central: https://repo.maven.apache.org/maven2/org/apache/maven/plugins/maven-surefire-plugin/3.5.6/maven-surefire-plugin-3.5.6.pom
[INFO] Downloaded from central: https://repo.maven.apache.org/maven2/org/apache/maven/plugins/maven-surefire-plugin/3.5.6/maven-surefire-plugin-3.5.6.pom (4.9 kB at 67 kB/s)
[INFO] Downloading from central: https://repo.maven.apache.org/maven2/org/apache/maven/plugins/maven-surefire-plugin/3.5.6/maven-surefire-plugin-3.5.6.jar
[INFO] Downloaded from central: https://repo.maven.apache.org/maven2/org/apache/maven/plugins/maven-surefire-plugin/3.5.6/maven-surefire-plugin-3.5.6.jar (47 kB at 600 kB/s)
[INFO] Downloading from central: https://repo.maven.apache.org/maven2/io/quarkus/quarkus-rest/3.37.3/quarkus-rest-3.37.3.pom
[INFO] Downloaded from central: https://repo.maven.apache.org/maven2/io/quarkus/quarkus-rest/3.37.3/quarkus-rest-3.37.3.pom (3.6 kB at 55 kB/s)
[INFO] Downloading from central: https://repo.maven.apache.org/maven2/io/quarkus/quarkus-rest-parent/3.37.3/quarkus-rest-parent-3.37.3.pom
[INFO] Downloaded from central: https://repo.maven.apache.org/maven2/io/quarkus/quarkus-rest-parent/3.37.3/quarkus-rest-parent-3.37.3.pom (813 B at 11 kB/s)
[INFO] Downloading from central: https://repo.maven.apache.org/maven2/io/quarkus/quarkus-rest-parent-aggregator/3.37.3/quarkus-rest-parent-aggregator-3.37.3.pom
[INFO] Downloaded from central: https://repo.maven.apache.org/maven2/io/quarkus/quarkus-rest-parent-aggregator/3.37.3/quarkus-rest-parent-aggregator-3.37.3.pom (1.6 kB at 23 kB/s)
[INFO] Downloading from central: https://repo.maven.apache.org/maven2/io/quarkus/quarkus-rest-common/3.37.3/quarkus-rest-common-3.37.3.pom
[INFO] Downloaded from central: https://repo.maven.apache.org/maven2/io/quarkus/quarkus-rest-common/3.37.3/quarkus-rest-common-3.37.3.pom (2.4 kB at 40 kB/s)
[INFO] Downloading from central: https://repo.maven.apache.org/maven2/io/quarkus/quarkus-rest-common-parent/3.37.3/quarkus-rest-common-parent-3.37.3.pom
[INFO] Downloaded from central: https://repo.maven.apache.org/maven2/io/quarkus/quarkus-rest-common-parent/3.37.3/quarkus-rest-common-parent-3.37.3.pom (792 B at 12 kB/s)
[INFO] Downloading from central: https://repo.maven.apache.org/maven2/io/quarkus/resteasy/reactive/resteasy-reactive-common/3.37.3/resteasy-reactive-common-3.37.3.pom
[INFO] Downloaded from central: https://repo.maven.apache.org/maven2/io/quarkus/resteasy/reactive/resteasy-reactive-common/3.37.3/resteasy-reactive-common-3.37.3.pom (2.3 kB at 25 kB/s)
[INFO] Downloading from central: https://repo.maven.apache.org/maven2/io/quarkus/resteasy/reactive/resteasy-reactive-common-parent/3.37.3/resteasy-reactive-common-parent-3.37.3.pom
[INFO] Downloaded from central: https://repo.maven.apache.org/maven2/io/quarkus/resteasy/reactive/resteasy-reactive-common-parent/3.37.3/resteasy-reactive-common-parent-3.37.3.pom (764 B at 8.2 kB/s)
[INFO] Downloading from central: https://repo.maven.apache.org/maven2/io/quarkus/resteasy/reactive/resteasy-reactive-parent/3.37.3/resteasy-reactive-parent-3.37.3.pom
[INFO] Downloaded from central: https://repo.maven.apache.org/maven2/io/quarkus/resteasy/reactive/resteasy-reactive-parent/3.37.3/resteasy-reactive-parent-3.37.3.pom (28 kB at 265 kB/s)
[INFO] Downloading from central: https://repo.maven.apache.org/maven2/io/smallrye/stork/stork-bom/2.7.9/stork-bom-2.7.9.pom
[INFO] Downloaded from central: https://repo.maven.apache.org/maven2/io/smallrye/stork/stork-bom/2.7.9/stork-bom-2.7.9.pom (7.0 kB at 89 kB/s)
[INFO] Downloading from central: https://repo.maven.apache.org/maven2/io/quarkus/resteasy/reactive/resteasy-reactive-common-types/3.37.3/resteasy-reactive-common-types-3.37.3.pom
[INFO] Downloaded from central: https://repo.maven.apache.org/maven2/io/quarkus/resteasy/reactive/resteasy-reactive-common-types/3.37.3/resteasy-reactive-common-types-3.37.3.pom (790 B at 9.4 kB/s)
[INFO] Downloading from central: https://repo.maven.apache.org/maven2/jakarta/ws/rs/jakarta.ws.rs-api/3.1.0/jakarta.ws.rs-api-3.1.0.pom
[INFO] Downloaded from central: https://repo.maven.apache.org/maven2/jakarta/ws/rs/jakarta.ws.rs-api/3.1.0/jakarta.ws.rs-api-3.1.0.pom (18 kB at 203 kB/s)
[INFO] Downloading from central: https://repo.maven.apache.org/maven2/jakarta/ws/rs/all/3.1.0/all-3.1.0.pom
[INFO] Downloaded from central: https://repo.maven.apache.org/maven2/jakarta/ws/rs/all/3.1.0/all-3.1.0.pom (2.8 kB at 35 kB/s)
[INFO] Downloading from central: https://repo.maven.apache.org/maven2/org/eclipse/ee4j/project/1.0.7/project-1.0.7.pom
[INFO] Downloaded from central: https://repo.maven.apache.org/maven2/org/eclipse/ee4j/project/1.0.7/project-1.0.7.pom (14 kB at 203 kB/s)
[INFO] Downloading from central: https://repo.maven.apache.org/maven2/org/reactivestreams/reactive-streams/1.0.4/reactive-streams-1.0.4.pom
[INFO] Downloaded from central: https://repo.maven.apache.org/maven2/org/reactivestreams/reactive-streams/1.0.4/reactive-streams-1.0.4.pom (1.1 kB at 16 kB/s)
[INFO] Downloading from central: https://repo.maven.apache.org/maven2/io/smallrye/reactive/mutiny-zero-flow-adapters/1.2.1/mutiny-zero-flow-adapters-1.2.1.pom
[INFO] Downloaded from central: https://repo.maven.apache.org/maven2/io/smallrye/reactive/mutiny-zero-flow-adapters/1.2.1/mutiny-zero-flow-adapters-1.2.1.pom (2.4 kB at 35 kB/s)
[INFO] Downloading from central: https://repo.maven.apache.org/maven2/io/smallrye/reactive/mutiny-zero-parent/1.2.1/mutiny-zero-parent-1.2.1.pom
[INFO] Downloaded from central: https://repo.maven.apache.org/maven2/io/smallrye/reactive/mutiny-zero-parent/1.2.1/mutiny-zero-parent-1.2.1.pom (11 kB at 170 kB/s)
[INFO] Downloading from central: https://repo.maven.apache.org/maven2/io/quarkus/quarkus-mutiny/3.37.3/quarkus-mutiny-3.37.3.pom
[INFO] Downloaded from central: https://repo.maven.apache.org/maven2/io/quarkus/quarkus-mutiny/3.37.3/quarkus-mutiny-3.37.3.pom (3.0 kB at 48 kB/s)
[INFO] Downloading from central: https://repo.maven.apache.org/maven2/io/quarkus/quarkus-mutiny-parent/3.37.3/quarkus-mutiny-parent-3.37.3.pom
[INFO] Downloaded from central: https://repo.maven.apache.org/maven2/io/quarkus/quarkus-mutiny-parent/3.37.3/quarkus-mutiny-parent-3.37.3.pom (734 B at 11 kB/s)
[INFO] Downloading from central: https://repo.maven.apache.org/maven2/io/quarkus/quarkus-ide-launcher/3.37.3/quarkus-ide-launcher-3.37.3.pom
[INFO] Downloaded from central: https://repo.maven.apache.org/maven2/io/quarkus/quarkus-ide-launcher/3.37.3/quarkus-ide-launcher-3.37.3.pom (5.2 kB at 81 kB/s)
[INFO] Downloading from central: https://repo.maven.apache.org/maven2/io/quarkus/quarkus-smallrye-context-propagation/3.37.3/quarkus-smallrye-context-propagation-3.37.3.pom
[INFO] Downloaded from central: https://repo.maven.apache.org/maven2/io/quarkus/quarkus-smallrye-context-propagation/3.37.3/quarkus-smallrye-context-propagation-3.37.3.pom (2.6 kB at 39 kB/s)
[INFO] Downloading from central: https://repo.maven.apache.org/maven2/io/quarkus/quarkus-smallrye-context-propagation-parent/3.37.3/quarkus-smallrye-context-propagation-parent-3.37.3.pom
[INFO] Downloaded from central: https://repo.maven.apache.org/maven2/io/quarkus/quarkus-smallrye-context-propagation-parent/3.37.3/quarkus-smallrye-context-propagation-parent-3.37.3.pom (808 B at 12 kB/s)
[INFO] Downloading from central: https://repo.maven.apache.org/maven2/io/smallrye/smallrye-context-propagation/2.3.0/smallrye-context-propagation-2.3.0.pom
[INFO] Downloaded from central: https://repo.maven.apache.org/maven2/io/smallrye/smallrye-context-propagation/2.3.0/smallrye-context-propagation-2.3.0.pom (1.6 kB at 24 kB/s)
[INFO] Downloading from central: https://repo.maven.apache.org/maven2/io/smallrye/smallrye-context-propagation-parent/2.3.0/smallrye-context-propagation-parent-2.3.0.pom
[INFO] Downloaded from central: https://repo.maven.apache.org/maven2/io/smallrye/smallrye-context-propagation-parent/2.3.0/smallrye-context-propagation-parent-2.3.0.pom (8.6 kB at 120 kB/s)
[INFO] Downloading from central: https://repo.maven.apache.org/maven2/io/smallrye/smallrye-parent/46/smallrye-parent-46.pom
[INFO] Downloaded from central: https://repo.maven.apache.org/maven2/io/smallrye/smallrye-parent/46/smallrye-parent-46.pom (6.0 kB at 87 kB/s)
[INFO] Downloading from central: https://repo.maven.apache.org/maven2/org/junit/junit-bom/5.11.0/junit-bom-5.11.0.pom
[INFO] Downloaded from central: https://repo.maven.apache.org/maven2/org/junit/junit-bom/5.11.0/junit-bom-5.11.0.pom (5.6 kB at 90 kB/s)
[INFO] Downloading from central: https://repo.maven.apache.org/maven2/org/eclipse/microprofile/context-propagation/microprofile-context-propagation-api/1.3/microprofile-context-propagation-api-1.3.pom
[INFO] Downloaded from central: https://repo.maven.apache.org/maven2/org/eclipse/microprofile/context-propagation/microprofile-context-propagation-api/1.3/microprofile-context-propagation-api-1.3.pom (6.4 kB at 81 kB/s)
[INFO] Downloading from central: https://repo.maven.apache.org/maven2/org/eclipse/microprofile/context-propagation/microprofile-context-propagation-parent/1.3/microprofile-context-propagation-parent-1.3.pom
[INFO] Downloaded from central: https://repo.maven.apache.org/maven2/org/eclipse/microprofile/context-propagation/microprofile-context-propagation-parent/1.3/microprofile-context-propagation-parent-1.3.pom (37 kB at 476 kB/s)
[INFO] Downloading from central: https://repo.maven.apache.org/maven2/io/smallrye/smallrye-context-propagation-api/2.3.0/smallrye-context-propagation-api-2.3.0.pom
[INFO] Downloaded from central: https://repo.maven.apache.org/maven2/io/smallrye/smallrye-context-propagation-api/2.3.0/smallrye-context-propagation-api-2.3.0.pom (967 B at 13 kB/s)
[INFO] Downloading from central: https://repo.maven.apache.org/maven2/io/smallrye/smallrye-context-propagation-storage/2.3.0/smallrye-context-propagation-storage-2.3.0.pom
[INFO] Downloaded from central: https://repo.maven.apache.org/maven2/io/smallrye/smallrye-context-propagation-storage/2.3.0/smallrye-context-propagation-storage-2.3.0.pom (1.1 kB at 16 kB/s)
[INFO] Downloading from central: https://repo.maven.apache.org/maven2/io/quarkus/quarkus-arc/3.37.3/quarkus-arc-3.37.3.pom
[INFO] Downloaded from central: https://repo.maven.apache.org/maven2/io/quarkus/quarkus-arc/3.37.3/quarkus-arc-3.37.3.pom (2.5 kB at 33 kB/s)
[INFO] Downloading from central: https://repo.maven.apache.org/maven2/io/quarkus/quarkus-arc-parent/3.37.3/quarkus-arc-parent-3.37.3.pom
[INFO] Downloaded from central: https://repo.maven.apache.org/maven2/io/quarkus/quarkus-arc-parent/3.37.3/quarkus-arc-parent-3.37.3.pom (858 B at 13 kB/s)
[INFO] Downloading from central: https://repo.maven.apache.org/maven2/io/quarkus/arc/arc/3.37.3/arc-3.37.3.pom
[INFO] Downloaded from central: https://repo.maven.apache.org/maven2/io/quarkus/arc/arc/3.37.3/arc-3.37.3.pom (2.1 kB at 27 kB/s)
[INFO] Downloading from central: https://repo.maven.apache.org/maven2/io/quarkus/arc/arc-parent/3.37.3/arc-parent-3.37.3.pom
[INFO] Downloaded from central: https://repo.maven.apache.org/maven2/io/quarkus/arc/arc-parent/3.37.3/arc-parent-3.37.3.pom (16 kB at 219 kB/s)
[INFO] Downloading from central: https://repo.maven.apache.org/maven2/org/jetbrains/kotlinx/kotlinx-coroutines-bom/1.11.0/kotlinx-coroutines-bom-1.11.0.pom
[INFO] Downloaded from central: https://repo.maven.apache.org/maven2/org/jetbrains/kotlinx/kotlinx-coroutines-bom/1.11.0/kotlinx-coroutines-bom-1.11.0.pom (4.3 kB at 54 kB/s)
[INFO] Downloading from central: https://repo.maven.apache.org/maven2/jakarta/transaction/jakarta.transaction-api/2.0.1/jakarta.transaction-api-2.0.1.pom
[INFO] Downloaded from central: https://repo.maven.apache.org/maven2/jakarta/transaction/jakarta.transaction-api/2.0.1/jakarta.transaction-api-2.0.1.pom (14 kB at 195 kB/s)
[INFO] Downloading from central: https://repo.maven.apache.org/maven2/io/smallrye/reactive/mutiny-smallrye-context-propagation/3.2.1/mutiny-smallrye-context-propagation-3.2.1.pom
[INFO] Downloaded from central: https://repo.maven.apache.org/maven2/io/smallrye/reactive/mutiny-smallrye-context-propagation/3.2.1/mutiny-smallrye-context-propagation-3.2.1.pom (3.7 kB at 54 kB/s)
[INFO] Downloading from central: https://repo.maven.apache.org/maven2/io/quarkus/quarkus-vertx/3.37.3/quarkus-vertx-3.37.3.pom
[INFO] Downloaded from central: https://repo.maven.apache.org/maven2/io/quarkus/quarkus-vertx/3.37.3/quarkus-vertx-3.37.3.pom (5.0 kB at 71 kB/s)
[INFO] Downloading from central: https://repo.maven.apache.org/maven2/io/quarkus/quarkus-vertx-parent/3.37.3/quarkus-vertx-parent-3.37.3.pom
[INFO] Downloaded from central: https://repo.maven.apache.org/maven2/io/quarkus/quarkus-vertx-parent/3.37.3/quarkus-vertx-parent-3.37.3.pom (853 B at 12 kB/s)
[INFO] Downloading from central: https://repo.maven.apache.org/maven2/io/quarkus/quarkus-netty/3.37.3/quarkus-netty-3.37.3.pom
[INFO] Downloaded from central: https://repo.maven.apache.org/maven2/io/quarkus/quarkus-netty/3.37.3/quarkus-netty-3.37.3.pom (3.4 kB at 55 kB/s)
[INFO] Downloading from central: https://repo.maven.apache.org/maven2/io/quarkus/quarkus-netty-parent/3.37.3/quarkus-netty-parent-3.37.3.pom
[INFO] Downloaded from central: https://repo.maven.apache.org/maven2/io/quarkus/quarkus-netty-parent/3.37.3/quarkus-netty-parent-3.37.3.pom (734 B at 12 kB/s)
[INFO] Downloading from central: https://repo.maven.apache.org/maven2/io/netty/netty-codec/4.1.135.Final/netty-codec-4.1.135.Final.pom
[INFO] Downloaded from central: https://repo.maven.apache.org/maven2/io/netty/netty-codec/4.1.135.Final/netty-codec-4.1.135.Final.pom (6.1 kB at 86 kB/s)
[INFO] Downloading from central: https://repo.maven.apache.org/maven2/io/netty/netty-parent/4.1.135.Final/netty-parent-4.1.135.Final.pom
[INFO] Downloaded from central: https://repo.maven.apache.org/maven2/io/netty/netty-parent/4.1.135.Final/netty-parent-4.1.135.Final.pom (101 kB at 1.1 MB/s)
[INFO] Downloading from central: https://repo.maven.apache.org/maven2/io/netty/netty-common/4.1.135.Final/netty-common-4.1.135.Final.pom
[INFO] Downloaded from central: https://repo.maven.apache.org/maven2/io/netty/netty-common/4.1.135.Final/netty-common-4.1.135.Final.pom (10 kB at 144 kB/s)
[INFO] Downloading from central: https://repo.maven.apache.org/maven2/io/netty/netty-buffer/4.1.135.Final/netty-buffer-4.1.135.Final.pom
[INFO] Downloaded from central: https://repo.maven.apache.org/maven2/io/netty/netty-buffer/4.1.135.Final/netty-buffer-4.1.135.Final.pom (2.2 kB at 30 kB/s)
[INFO] Downloading from central: https://repo.maven.apache.org/maven2/io/netty/netty-transport/4.1.135.Final/netty-transport-4.1.135.Final.pom
[INFO] Downloaded from central: https://repo.maven.apache.org/maven2/io/netty/netty-transport/4.1.135.Final/netty-transport-4.1.135.Final.pom (2.9 kB at 40 kB/s)
[INFO] Downloading from central: https://repo.maven.apache.org/maven2/io/netty/netty-resolver/4.1.135.Final/netty-resolver-4.1.135.Final.pom
[INFO] Downloaded from central: https://repo.maven.apache.org/maven2/io/netty/netty-resolver/4.1.135.Final/netty-resolver-4.1.135.Final.pom (2.2 kB at 29 kB/s)
[INFO] Downloading from central: https://repo.maven.apache.org/maven2/io/netty/netty-codec-http/4.1.135.Final/netty-codec-http-4.1.135.Final.pom
[INFO] Downloaded from central: https://repo.maven.apache.org/maven2/io/netty/netty-codec-http/4.1.135.Final/netty-codec-http-4.1.135.Final.pom (5.0 kB at 68 kB/s)
[INFO] Downloading from central: https://repo.maven.apache.org/maven2/io/netty/netty-handler/4.1.135.Final/netty-handler-4.1.135.Final.pom
[INFO] Downloaded from central: https://repo.maven.apache.org/maven2/io/netty/netty-handler/4.1.135.Final/netty-handler-4.1.135.Final.pom (5.4 kB at 68 kB/s)
[INFO] Downloading from central: https://repo.maven.apache.org/maven2/io/netty/netty-transport-native-unix-common/4.1.135.Final/netty-transport-native-unix-common-4.1.135.Final.pom
[INFO] Downloaded from central: https://repo.maven.apache.org/maven2/io/netty/netty-transport-native-unix-common/4.1.135.Final/netty-transport-native-unix-common-4.1.135.Final.pom (34 kB at 411 kB/s)
[INFO] Downloading from central: https://repo.maven.apache.org/maven2/io/netty/netty-codec-http2/4.1.135.Final/netty-codec-http2-4.1.135.Final.pom
[INFO] Downloaded from central: https://repo.maven.apache.org/maven2/io/netty/netty-codec-http2/4.1.135.Final/netty-codec-http2-4.1.135.Final.pom (6.5 kB at 85 kB/s)
[INFO] Downloading from central: https://repo.maven.apache.org/maven2/io/netty/netty-codec-haproxy/4.1.135.Final/netty-codec-haproxy-4.1.135.Final.pom
[INFO] Downloaded from central: https://repo.maven.apache.org/maven2/io/netty/netty-codec-haproxy/4.1.135.Final/netty-codec-haproxy-4.1.135.Final.pom (3.0 kB at 41 kB/s)
[INFO] Downloading from central: https://repo.maven.apache.org/maven2/io/smallrye/common/smallrye-common-vertx-context/2.18.1/smallrye-common-vertx-context-2.18.1.pom
[INFO] Downloaded from central: https://repo.maven.apache.org/maven2/io/smallrye/common/smallrye-common-vertx-context/2.18.1/smallrye-common-vertx-context-2.18.1.pom (2.7 kB at 43 kB/s)
[INFO] Downloading from central: https://repo.maven.apache.org/maven2/io/vertx/vertx-core/4.5.28/vertx-core-4.5.28.pom
[INFO] Downloaded from central: https://repo.maven.apache.org/maven2/io/vertx/vertx-core/4.5.28/vertx-core-4.5.28.pom (39 kB at 429 kB/s)
[INFO] Downloading from central: https://repo.maven.apache.org/maven2/io/vertx/vertx-parent/22/vertx-parent-22.pom
[INFO] Downloaded from central: https://repo.maven.apache.org/maven2/io/vertx/vertx-parent/22/vertx-parent-22.pom (17 kB at 233 kB/s)
[INFO] Downloading from central: https://repo.maven.apache.org/maven2/io/vertx/vertx-dependencies/4.5.28/vertx-dependencies-4.5.28.pom
[INFO] Downloaded from central: https://repo.maven.apache.org/maven2/io/vertx/vertx-dependencies/4.5.28/vertx-dependencies-4.5.28.pom (34 kB at 474 kB/s)
[INFO] Downloading from basquin-injected: http://localhost:8010/io/netty/netty-bom/4.1.135.Final/netty-bom-4.1.135.Final.pom
[INFO] Downloading from central: https://repo.maven.apache.org/maven2/io/netty/netty-bom/4.1.135.Final/netty-bom-4.1.135.Final.pom
[INFO] Downloaded from central: https://repo.maven.apache.org/maven2/io/netty/netty-bom/4.1.135.Final/netty-bom-4.1.135.Final.pom (15 kB at 184 kB/s)
[INFO] Downloading from basquin-injected: http://localhost:8010/org/sonatype/oss/oss-parent/7/oss-parent-7.pom
[INFO] Downloading from central: https://repo.maven.apache.org/maven2/org/sonatype/oss/oss-parent/7/oss-parent-7.pom
[INFO] Downloaded from central: https://repo.maven.apache.org/maven2/org/sonatype/oss/oss-parent/7/oss-parent-7.pom (4.8 kB at 59 kB/s)
[INFO] Downloading from basquin-injected: http://localhost:8010/com/fasterxml/jackson/jackson-bom/2.21.4/jackson-bom-2.21.4.pom
[INFO] Downloading from central: https://repo.maven.apache.org/maven2/com/fasterxml/jackson/jackson-bom/2.21.4/jackson-bom-2.21.4.pom
[INFO] Downloaded from central: https://repo.maven.apache.org/maven2/com/fasterxml/jackson/jackson-bom/2.21.4/jackson-bom-2.21.4.pom (20 kB at 316 kB/s)
[INFO] Downloading from central: https://repo.maven.apache.org/maven2/io/netty/netty-handler-proxy/4.1.135.Final/netty-handler-proxy-4.1.135.Final.pom
[INFO] Downloaded from central: https://repo.maven.apache.org/maven2/io/netty/netty-handler-proxy/4.1.135.Final/netty-handler-proxy-4.1.135.Final.pom (4.2 kB at 55 kB/s)
[INFO] Downloading from central: https://repo.maven.apache.org/maven2/io/netty/netty-codec-socks/4.1.135.Final/netty-codec-socks-4.1.135.Final.pom
[INFO] Downloaded from central: https://repo.maven.apache.org/maven2/io/netty/netty-codec-socks/4.1.135.Final/netty-codec-socks-4.1.135.Final.pom (3.1 kB at 44 kB/s)
[INFO] Downloading from central: https://repo.maven.apache.org/maven2/io/netty/netty-resolver-dns/4.1.135.Final/netty-resolver-dns-4.1.135.Final.pom
[INFO] Downloaded from central: https://repo.maven.apache.org/maven2/io/netty/netty-resolver-dns/4.1.135.Final/netty-resolver-dns-4.1.135.Final.pom (3.8 kB at 44 kB/s)
[INFO] Downloading from central: https://repo.maven.apache.org/maven2/io/netty/netty-codec-dns/4.1.135.Final/netty-codec-dns-4.1.135.Final.pom
[INFO] Downloaded from central: https://repo.maven.apache.org/maven2/io/netty/netty-codec-dns/4.1.135.Final/netty-codec-dns-4.1.135.Final.pom (3.3 kB at 44 kB/s)
[INFO] Downloading from central: https://repo.maven.apache.org/maven2/io/netty/netty-tcnative-classes/2.0.77.Final/netty-tcnative-classes-2.0.77.Final.pom
[INFO] Downloaded from central: https://repo.maven.apache.org/maven2/io/netty/netty-tcnative-classes/2.0.77.Final/netty-tcnative-classes-2.0.77.Final.pom (2.0 kB at 27 kB/s)
[INFO] Downloading from central: https://repo.maven.apache.org/maven2/io/netty/netty-tcnative-parent/2.0.77.Final/netty-tcnative-parent-2.0.77.Final.pom
[INFO] Downloaded from central: https://repo.maven.apache.org/maven2/io/netty/netty-tcnative-parent/2.0.77.Final/netty-tcnative-parent-2.0.77.Final.pom (44 kB at 526 kB/s)
[INFO] Downloading from central: https://repo.maven.apache.org/maven2/io/quarkus/quarkus-virtual-threads/3.37.3/quarkus-virtual-threads-3.37.3.pom
[INFO] Downloaded from central: https://repo.maven.apache.org/maven2/io/quarkus/quarkus-virtual-threads/3.37.3/quarkus-virtual-threads-3.37.3.pom (2.8 kB at 41 kB/s)
[INFO] Downloading from central: https://repo.maven.apache.org/maven2/io/quarkus/quarkus-virtual-threads-parent/3.37.3/quarkus-virtual-threads-parent-3.37.3.pom
[INFO] Downloaded from central: https://repo.maven.apache.org/maven2/io/quarkus/quarkus-virtual-threads-parent/3.37.3/quarkus-virtual-threads-parent-3.37.3.pom (753 B at 12 kB/s)
[INFO] Downloading from central: https://repo.maven.apache.org/maven2/io/quarkus/quarkus-vertx-latebound-mdc-provider/3.37.3/quarkus-vertx-latebound-mdc-provider-3.37.3.pom
[INFO] Downloaded from central: https://repo.maven.apache.org/maven2/io/quarkus/quarkus-vertx-latebound-mdc-provider/3.37.3/quarkus-vertx-latebound-mdc-provider-3.37.3.pom (850 B at 14 kB/s)
[INFO] Downloading from central: https://repo.maven.apache.org/maven2/io/smallrye/reactive/smallrye-mutiny-vertx-core/3.22.2/smallrye-mutiny-vertx-core-3.22.2.pom
[INFO] Downloaded from central: https://repo.maven.apache.org/maven2/io/smallrye/reactive/smallrye-mutiny-vertx-core/3.22.2/smallrye-mutiny-vertx-core-3.22.2.pom (6.8 kB at 116 kB/s)
[INFO] Downloading from central: https://repo.maven.apache.org/maven2/io/smallrye/reactive/vertx-mutiny-clients/3.22.2/vertx-mutiny-clients-3.22.2.pom
[INFO] Downloaded from central: https://repo.maven.apache.org/maven2/io/smallrye/reactive/vertx-mutiny-clients/3.22.2/vertx-mutiny-clients-3.22.2.pom (6.8 kB at 103 kB/s)
[INFO] Downloading from central: https://repo.maven.apache.org/maven2/io/smallrye/reactive/smallrye-mutiny-vertx-bindings-projects/3.22.2/smallrye-mutiny-vertx-bindings-projects-3.22.2.pom
[INFO] Downloaded from central: https://repo.maven.apache.org/maven2/io/smallrye/reactive/smallrye-mutiny-vertx-bindings-projects/3.22.2/smallrye-mutiny-vertx-bindings-projects-3.22.2.pom (17 kB at 267 kB/s)
[INFO] Downloading from central: https://repo.maven.apache.org/maven2/io/vertx/vertx-dependencies/4.5.26/vertx-dependencies-4.5.26.pom
[INFO] Downloaded from central: https://repo.maven.apache.org/maven2/io/vertx/vertx-dependencies/4.5.26/vertx-dependencies-4.5.26.pom (34 kB at 426 kB/s)
[INFO] Downloading from basquin-injected: http://localhost:8010/io/netty/netty-bom/4.1.132.Final/netty-bom-4.1.132.Final.pom
[INFO] Downloading from central: https://repo.maven.apache.org/maven2/io/netty/netty-bom/4.1.132.Final/netty-bom-4.1.132.Final.pom
[INFO] Downloaded from central: https://repo.maven.apache.org/maven2/io/netty/netty-bom/4.1.132.Final/netty-bom-4.1.132.Final.pom (15 kB at 197 kB/s)
[INFO] Downloading from basquin-injected: http://localhost:8010/com/fasterxml/jackson/jackson-bom/2.18.6/jackson-bom-2.18.6.pom
[INFO] Downloading from central: https://repo.maven.apache.org/maven2/com/fasterxml/jackson/jackson-bom/2.18.6/jackson-bom-2.18.6.pom
[INFO] Downloaded from central: https://repo.maven.apache.org/maven2/com/fasterxml/jackson/jackson-bom/2.18.6/jackson-bom-2.18.6.pom (19 kB at 277 kB/s)
[INFO] Downloading from basquin-injected: http://localhost:8010/com/fasterxml/jackson/jackson-parent/2.18.4/jackson-parent-2.18.4.pom
[INFO] Downloading from central: https://repo.maven.apache.org/maven2/com/fasterxml/jackson/jackson-parent/2.18.4/jackson-parent-2.18.4.pom
[INFO] Downloaded from central: https://repo.maven.apache.org/maven2/com/fasterxml/jackson/jackson-parent/2.18.4/jackson-parent-2.18.4.pom (7.2 kB at 109 kB/s)
[INFO] Downloading from basquin-injected: http://localhost:8010/com/fasterxml/oss-parent/69/oss-parent-69.pom
[INFO] Downloading from central: https://repo.maven.apache.org/maven2/com/fasterxml/oss-parent/69/oss-parent-69.pom
[INFO] Downloaded from central: https://repo.maven.apache.org/maven2/com/fasterxml/oss-parent/69/oss-parent-69.pom (24 kB at 348 kB/s)
[INFO] Downloading from central: https://repo.maven.apache.org/maven2/org/testcontainers/testcontainers-bom/1.21.4/testcontainers-bom-1.21.4.pom
[INFO] Downloaded from central: https://repo.maven.apache.org/maven2/org/testcontainers/testcontainers-bom/1.21.4/testcontainers-bom-1.21.4.pom (12 kB at 163 kB/s)
[INFO] Downloading from central: https://repo.maven.apache.org/maven2/io/smallrye/reactive/smallrye-mutiny-vertx-runtime/3.22.2/smallrye-mutiny-vertx-runtime-3.22.2.pom
[INFO] Downloaded from central: https://repo.maven.apache.org/maven2/io/smallrye/reactive/smallrye-mutiny-vertx-runtime/3.22.2/smallrye-mutiny-vertx-runtime-3.22.2.pom (1.4 kB at 19 kB/s)
[INFO] Downloading from central: https://repo.maven.apache.org/maven2/io/smallrye/smallrye-fault-tolerance-vertx/6.11.1/smallrye-fault-tolerance-vertx-6.11.1.pom
[INFO] Downloaded from central: https://repo.maven.apache.org/maven2/io/smallrye/smallrye-fault-tolerance-vertx/6.11.1/smallrye-fault-tolerance-vertx-6.11.1.pom (3.9 kB at 51 kB/s)
[INFO] Downloading from central: https://repo.maven.apache.org/maven2/io/smallrye/smallrye-fault-tolerance-implementation-parent/6.11.1/smallrye-fault-tolerance-implementation-parent-6.11.1.pom
[INFO] Downloaded from central: https://repo.maven.apache.org/maven2/io/smallrye/smallrye-fault-tolerance-implementation-parent/6.11.1/smallrye-fault-tolerance-implementation-parent-6.11.1.pom (1.7 kB at 25 kB/s)
[INFO] Downloading from central: https://repo.maven.apache.org/maven2/io/smallrye/smallrye-fault-tolerance-parent/6.11.1/smallrye-fault-tolerance-parent-6.11.1.pom
[INFO] Downloaded from central: https://repo.maven.apache.org/maven2/io/smallrye/smallrye-fault-tolerance-parent/6.11.1/smallrye-fault-tolerance-parent-6.11.1.pom (21 kB at 304 kB/s)
[INFO] Downloading from central: https://repo.maven.apache.org/maven2/io/smallrye/smallrye-build-parent/45/smallrye-build-parent-45.pom
[INFO] Downloaded from central: https://repo.maven.apache.org/maven2/io/smallrye/smallrye-build-parent/45/smallrye-build-parent-45.pom (63 kB at 912 kB/s)
[INFO] Downloading from central: https://repo.maven.apache.org/maven2/io/quarkus/quarkus-security-runtime-spi/3.37.3/quarkus-security-runtime-spi-3.37.3.pom
[INFO] Downloaded from central: https://repo.maven.apache.org/maven2/io/quarkus/quarkus-security-runtime-spi/3.37.3/quarkus-security-runtime-spi-3.37.3.pom (1.7 kB at 27 kB/s)
[INFO] Downloading from central: https://repo.maven.apache.org/maven2/io/quarkus/quarkus-security-parent/3.37.3/quarkus-security-parent-3.37.3.pom
[INFO] Downloaded from central: https://repo.maven.apache.org/maven2/io/quarkus/quarkus-security-parent/3.37.3/quarkus-security-parent-3.37.3.pom (840 B at 12 kB/s)
[INFO] Downloading from central: https://repo.maven.apache.org/maven2/io/quarkus/security/quarkus-security/2.3.2/quarkus-security-2.3.2.pom
[INFO] Downloaded from central: https://repo.maven.apache.org/maven2/io/quarkus/security/quarkus-security/2.3.2/quarkus-security-2.3.2.pom (4.5 kB at 60 kB/s)
[INFO] Downloading from central: https://repo.maven.apache.org/maven2/io/quarkus/quarkus-jsonp/3.37.3/quarkus-jsonp-3.37.3.pom
[INFO] Downloaded from central: https://repo.maven.apache.org/maven2/io/quarkus/quarkus-jsonp/3.37.3/quarkus-jsonp-3.37.3.pom (2.7 kB at 43 kB/s)
[INFO] Downloading from central: https://repo.maven.apache.org/maven2/io/quarkus/quarkus-jsonp-parent/3.37.3/quarkus-jsonp-parent-3.37.3.pom
[INFO] Downloaded from central: https://repo.maven.apache.org/maven2/io/quarkus/quarkus-jsonp-parent/3.37.3/quarkus-jsonp-parent-3.37.3.pom (733 B at 12 kB/s)
[INFO] Downloading from central: https://repo.maven.apache.org/maven2/io/quarkus/resteasy/reactive/resteasy-reactive-vertx/3.37.3/resteasy-reactive-vertx-3.37.3.pom
[INFO] Downloaded from central: https://repo.maven.apache.org/maven2/io/quarkus/resteasy/reactive/resteasy-reactive-vertx/3.37.3/resteasy-reactive-vertx-3.37.3.pom (4.2 kB at 49 kB/s)
[INFO] Downloading from central: https://repo.maven.apache.org/maven2/io/quarkus/resteasy/reactive/resteasy-reactive-server-parent/3.37.3/resteasy-reactive-server-parent-3.37.3.pom
[INFO] Downloaded from central: https://repo.maven.apache.org/maven2/io/quarkus/resteasy/reactive/resteasy-reactive-server-parent/3.37.3/resteasy-reactive-server-parent-3.37.3.pom (828 B at 7.0 kB/s)
[INFO] Downloading from central: https://repo.maven.apache.org/maven2/io/vertx/vertx-web/4.5.28/vertx-web-4.5.28.pom
[INFO] Downloaded from central: https://repo.maven.apache.org/maven2/io/vertx/vertx-web/4.5.28/vertx-web-4.5.28.pom (5.1 kB at 68 kB/s)
[INFO] Downloading from central: https://repo.maven.apache.org/maven2/io/vertx/vertx-web-parent/4.5.28/vertx-web-parent-4.5.28.pom
[INFO] Downloaded from central: https://repo.maven.apache.org/maven2/io/vertx/vertx-web-parent/4.5.28/vertx-web-parent-4.5.28.pom (3.3 kB at 46 kB/s)
[INFO] Downloading from central: https://repo.maven.apache.org/maven2/io/vertx/vertx-ext-parent/42/vertx-ext-parent-42.pom
[INFO] Downloaded from central: https://repo.maven.apache.org/maven2/io/vertx/vertx-ext-parent/42/vertx-ext-parent-42.pom (7.9 kB at 97 kB/s)
[INFO] Downloading from central: https://repo.maven.apache.org/maven2/io/vertx/vertx-ext/42/vertx-ext-42.pom
[INFO] Downloaded from central: https://repo.maven.apache.org/maven2/io/vertx/vertx-ext/42/vertx-ext-42.pom (1.7 kB at 23 kB/s)
[INFO] Downloading from central: https://repo.maven.apache.org/maven2/io/vertx/vertx-web-common/4.5.28/vertx-web-common-4.5.28.pom
[INFO] Downloaded from central: https://repo.maven.apache.org/maven2/io/vertx/vertx-web-common/4.5.28/vertx-web-common-4.5.28.pom (522 B at 7.8 kB/s)
[INFO] Downloading from central: https://repo.maven.apache.org/maven2/io/vertx/vertx-auth-common/4.5.28/vertx-auth-common-4.5.28.pom
[INFO] Downloaded from central: https://repo.maven.apache.org/maven2/io/vertx/vertx-auth-common/4.5.28/vertx-auth-common-4.5.28.pom (2.0 kB at 27 kB/s)
[INFO] Downloading from central: https://repo.maven.apache.org/maven2/io/vertx/vertx-auth-parent/4.5.28/vertx-auth-parent-4.5.28.pom
[INFO] Downloaded from central: https://repo.maven.apache.org/maven2/io/vertx/vertx-auth-parent/4.5.28/vertx-auth-parent-4.5.28.pom (3.0 kB at 37 kB/s)
[INFO] Downloading from central: https://repo.maven.apache.org/maven2/io/vertx/vertx-bridge-common/4.5.28/vertx-bridge-common-4.5.28.pom
[INFO] Downloaded from central: https://repo.maven.apache.org/maven2/io/vertx/vertx-bridge-common/4.5.28/vertx-bridge-common-4.5.28.pom (3.8 kB at 52 kB/s)
[INFO] Downloading from central: https://repo.maven.apache.org/maven2/io/quarkus/resteasy/reactive/resteasy-reactive/3.37.3/resteasy-reactive-3.37.3.pom
[INFO] Downloaded from central: https://repo.maven.apache.org/maven2/io/quarkus/resteasy/reactive/resteasy-reactive/3.37.3/resteasy-reactive-3.37.3.pom (1.9 kB at 22 kB/s)
[INFO] Downloading from central: https://repo.maven.apache.org/maven2/io/quarkus/vertx/utils/quarkus-vertx-utils/3.37.3/quarkus-vertx-utils-3.37.3.pom
[INFO] Downloaded from central: https://repo.maven.apache.org/maven2/io/quarkus/vertx/utils/quarkus-vertx-utils/3.37.3/quarkus-vertx-utils-3.37.3.pom (1.3 kB at 15 kB/s)
[INFO] Downloading from central: https://repo.maven.apache.org/maven2/jakarta/xml/bind/jakarta.xml.bind-api/4.0.5/jakarta.xml.bind-api-4.0.5.pom
[INFO] Downloaded from central: https://repo.maven.apache.org/maven2/jakarta/xml/bind/jakarta.xml.bind-api/4.0.5/jakarta.xml.bind-api-4.0.5.pom (13 kB at 148 kB/s)
[INFO] Downloading from central: https://repo.maven.apache.org/maven2/jakarta/xml/bind/jakarta.xml.bind-api-parent/4.0.5/jakarta.xml.bind-api-parent-4.0.5.pom
[INFO] Downloaded from central: https://repo.maven.apache.org/maven2/jakarta/xml/bind/jakarta.xml.bind-api-parent/4.0.5/jakarta.xml.bind-api-parent-4.0.5.pom (9.1 kB at 108 kB/s)
[INFO] Downloading from central: https://repo.maven.apache.org/maven2/jakarta/activation/jakarta.activation-api/2.1.4/jakarta.activation-api-2.1.4.pom
[INFO] Downloaded from central: https://repo.maven.apache.org/maven2/jakarta/activation/jakarta.activation-api/2.1.4/jakarta.activation-api-2.1.4.pom (19 kB at 237 kB/s)
[INFO] Downloading from central: https://repo.maven.apache.org/maven2/io/quarkus/quarkus-vertx-http/3.37.3/quarkus-vertx-http-3.37.3.pom
[INFO] Downloaded from central: https://repo.maven.apache.org/maven2/io/quarkus/quarkus-vertx-http/3.37.3/quarkus-vertx-http-3.37.3.pom (5.7 kB at 86 kB/s)
[INFO] Downloading from central: https://repo.maven.apache.org/maven2/io/quarkus/quarkus-vertx-http-parent/3.37.3/quarkus-vertx-http-parent-3.37.3.pom
[INFO] Downloaded from central: https://repo.maven.apache.org/maven2/io/quarkus/quarkus-vertx-http-parent/3.37.3/quarkus-vertx-http-parent-3.37.3.pom (785 B at 12 kB/s)
[INFO] Downloading from central: https://repo.maven.apache.org/maven2/io/quarkus/quarkus-tls-registry/3.37.3/quarkus-tls-registry-3.37.3.pom
[INFO] Downloaded from central: https://repo.maven.apache.org/maven2/io/quarkus/quarkus-tls-registry/3.37.3/quarkus-tls-registry-3.37.3.pom (2.8 kB at 41 kB/s)
[INFO] Downloading from central: https://repo.maven.apache.org/maven2/io/quarkus/quarkus-tls-registry-parent/3.37.3/quarkus-tls-registry-parent-3.37.3.pom
[INFO] Downloaded from central: https://repo.maven.apache.org/maven2/io/quarkus/quarkus-tls-registry-parent/3.37.3/quarkus-tls-registry-parent-3.37.3.pom (846 B at 12 kB/s)
[INFO] Downloading from central: https://repo.maven.apache.org/maven2/io/quarkus/quarkus-tls-registry-spi/3.37.3/quarkus-tls-registry-spi-3.37.3.pom
[INFO] Downloaded from central: https://repo.maven.apache.org/maven2/io/quarkus/quarkus-tls-registry-spi/3.37.3/quarkus-tls-registry-spi-3.37.3.pom (1.0 kB at 16 kB/s)
[INFO] Downloading from central: https://repo.maven.apache.org/maven2/io/quarkus/quarkus-credentials/3.37.3/quarkus-credentials-3.37.3.pom
[INFO] Downloaded from central: https://repo.maven.apache.org/maven2/io/quarkus/quarkus-credentials/3.37.3/quarkus-credentials-3.37.3.pom (742 B at 11 kB/s)
[INFO] Downloading from central: https://repo.maven.apache.org/maven2/io/quarkus/quarkus-credentials-parent/3.37.3/quarkus-credentials-parent-3.37.3.pom
[INFO] Downloaded from central: https://repo.maven.apache.org/maven2/io/quarkus/quarkus-credentials-parent/3.37.3/quarkus-credentials-parent-3.37.3.pom (745 B at 12 kB/s)
[INFO] Downloading from central: https://repo.maven.apache.org/maven2/io/smallrye/certs/smallrye-private-key-pem-parser/0.9.3/smallrye-private-key-pem-parser-0.9.3.pom
[INFO] Downloaded from central: https://repo.maven.apache.org/maven2/io/smallrye/certs/smallrye-private-key-pem-parser/0.9.3/smallrye-private-key-pem-parser-0.9.3.pom (2.5 kB at 34 kB/s)
[INFO] Downloading from central: https://repo.maven.apache.org/maven2/io/smallrye/certs/smallrye-certificate-generator-parent/0.9.3/smallrye-certificate-generator-parent-0.9.3.pom
[INFO] Downloaded from central: https://repo.maven.apache.org/maven2/io/smallrye/certs/smallrye-certificate-generator-parent/0.9.3/smallrye-certificate-generator-parent-0.9.3.pom (5.8 kB at 60 kB/s)
[INFO] Downloading from central: https://repo.maven.apache.org/maven2/org/junit/junit-bom/5.12.1/junit-bom-5.12.1.pom
[INFO] Downloaded from central: https://repo.maven.apache.org/maven2/org/junit/junit-bom/5.12.1/junit-bom-5.12.1.pom (5.6 kB at 88 kB/s)
[INFO] Downloading from central: https://repo.maven.apache.org/maven2/io/smallrye/reactive/smallrye-mutiny-vertx-web/3.22.2/smallrye-mutiny-vertx-web-3.22.2.pom
[INFO] Downloaded from central: https://repo.maven.apache.org/maven2/io/smallrye/reactive/smallrye-mutiny-vertx-web/3.22.2/smallrye-mutiny-vertx-web-3.22.2.pom (8.0 kB at 120 kB/s)
[INFO] Downloading from central: https://repo.maven.apache.org/maven2/io/smallrye/reactive/smallrye-mutiny-vertx-web-common/3.22.2/smallrye-mutiny-vertx-web-common-3.22.2.pom
[INFO] Downloaded from central: https://repo.maven.apache.org/maven2/io/smallrye/reactive/smallrye-mutiny-vertx-web-common/3.22.2/smallrye-mutiny-vertx-web-common-3.22.2.pom (4.7 kB at 73 kB/s)
[INFO] Downloading from central: https://repo.maven.apache.org/maven2/io/smallrye/reactive/smallrye-mutiny-vertx-auth-common/3.22.2/smallrye-mutiny-vertx-auth-common-3.22.2.pom
[INFO] Downloaded from central: https://repo.maven.apache.org/maven2/io/smallrye/reactive/smallrye-mutiny-vertx-auth-common/3.22.2/smallrye-mutiny-vertx-auth-common-3.22.2.pom (4.7 kB at 71 kB/s)
[INFO] Downloading from central: https://repo.maven.apache.org/maven2/io/smallrye/reactive/smallrye-mutiny-vertx-bridge-common/3.22.2/smallrye-mutiny-vertx-bridge-common-3.22.2.pom
[INFO] Downloaded from central: https://repo.maven.apache.org/maven2/io/smallrye/reactive/smallrye-mutiny-vertx-bridge-common/3.22.2/smallrye-mutiny-vertx-bridge-common-3.22.2.pom (4.7 kB at 67 kB/s)
[INFO] Downloading from central: https://repo.maven.apache.org/maven2/io/smallrye/reactive/smallrye-mutiny-vertx-uri-template/3.22.2/smallrye-mutiny-vertx-uri-template-3.22.2.pom
[INFO] Downloaded from central: https://repo.maven.apache.org/maven2/io/smallrye/reactive/smallrye-mutiny-vertx-uri-template/3.22.2/smallrye-mutiny-vertx-uri-template-3.22.2.pom (4.9 kB at 65 kB/s)
[INFO] Downloading from central: https://repo.maven.apache.org/maven2/io/vertx/vertx-uri-template/4.5.28/vertx-uri-template-4.5.28.pom
[INFO] Downloaded from central: https://repo.maven.apache.org/maven2/io/vertx/vertx-uri-template/4.5.28/vertx-uri-template-4.5.28.pom (3.5 kB at 48 kB/s)
[INFO] Downloading from central: https://repo.maven.apache.org/maven2/com/aayushatharva/brotli4j/brotli4j/1.23.0/brotli4j-1.23.0.pom
[INFO] Downloaded from central: https://repo.maven.apache.org/maven2/com/aayushatharva/brotli4j/brotli4j/1.23.0/brotli4j-1.23.0.pom (8.9 kB at 97 kB/s)
[INFO] Downloading from central: https://repo.maven.apache.org/maven2/com/aayushatharva/brotli4j/brotli4j-parent/1.23.0/brotli4j-parent-1.23.0.pom
[INFO] Downloaded from central: https://repo.maven.apache.org/maven2/com/aayushatharva/brotli4j/brotli4j-parent/1.23.0/brotli4j-parent-1.23.0.pom (8.0 kB at 94 kB/s)
[INFO] Downloading from central: https://repo.maven.apache.org/maven2/com/aayushatharva/brotli4j/service/1.23.0/service-1.23.0.pom
[INFO] Downloaded from central: https://repo.maven.apache.org/maven2/com/aayushatharva/brotli4j/service/1.23.0/service-1.23.0.pom (2.0 kB at 25 kB/s)
[INFO] Downloading from central: https://repo.maven.apache.org/maven2/com/aayushatharva/brotli4j/native-linux-x86_64/1.23.0/native-linux-x86_64-1.23.0.pom
[INFO] Downloaded from central: https://repo.maven.apache.org/maven2/com/aayushatharva/brotli4j/native-linux-x86_64/1.23.0/native-linux-x86_64-1.23.0.pom (4.7 kB at 56 kB/s)
[INFO] Downloading from central: https://repo.maven.apache.org/maven2/com/aayushatharva/brotli4j/natives/1.23.0/natives-1.23.0.pom
[INFO] Downloaded from central: https://repo.maven.apache.org/maven2/com/aayushatharva/brotli4j/natives/1.23.0/natives-1.23.0.pom (6.1 kB at 33 kB/s)
[INFO] Downloading from central: https://repo.maven.apache.org/maven2/io/quarkus/quarkus-junit/3.37.3/quarkus-junit-3.37.3.pom
[INFO] Downloaded from central: https://repo.maven.apache.org/maven2/io/quarkus/quarkus-junit/3.37.3/quarkus-junit-3.37.3.pom (2.3 kB at 37 kB/s)
[INFO] Downloading from central: https://repo.maven.apache.org/maven2/io/quarkus/quarkus-test-framework/3.37.3/quarkus-test-framework-3.37.3.pom
[INFO] Downloaded from central: https://repo.maven.apache.org/maven2/io/quarkus/quarkus-test-framework/3.37.3/quarkus-test-framework-3.37.3.pom (3.1 kB at 50 kB/s)
[INFO] Downloading from central: https://repo.maven.apache.org/maven2/io/quarkus/quarkus-test-common/3.37.3/quarkus-test-common-3.37.3.pom
[INFO] Downloaded from central: https://repo.maven.apache.org/maven2/io/quarkus/quarkus-test-common/3.37.3/quarkus-test-common-3.37.3.pom (3.3 kB at 54 kB/s)
[INFO] Downloading from central: https://repo.maven.apache.org/maven2/io/quarkus/quarkus-bootstrap-gradle-resolver/3.37.3/quarkus-bootstrap-gradle-resolver-3.37.3.pom
[INFO] Downloaded from central: https://repo.maven.apache.org/maven2/io/quarkus/quarkus-bootstrap-gradle-resolver/3.37.3/quarkus-bootstrap-gradle-resolver-3.37.3.pom (4.7 kB at 65 kB/s)
[INFO] Downloading from central: https://repo.maven.apache.org/maven2/io/quarkus/quarkus-junit-config/3.37.3/quarkus-junit-config-3.37.3.pom
[INFO] Downloaded from central: https://repo.maven.apache.org/maven2/io/quarkus/quarkus-junit-config/3.37.3/quarkus-junit-config-3.37.3.pom (1.2 kB at 16 kB/s)
[INFO] Downloading from central: https://repo.maven.apache.org/maven2/io/quarkus/quarkus-junit-common/3.37.3/quarkus-junit-common-3.37.3.pom
[INFO] Downloaded from central: https://repo.maven.apache.org/maven2/io/quarkus/quarkus-junit-common/3.37.3/quarkus-junit-common-3.37.3.pom (1.3 kB at 19 kB/s)
[INFO] Downloading from central: https://repo.maven.apache.org/maven2/org/jacoco/org.jacoco.agent/0.8.15/org.jacoco.agent-0.8.15.pom
[INFO] Downloaded from central: https://repo.maven.apache.org/maven2/org/jacoco/org.jacoco.agent/0.8.15/org.jacoco.agent-0.8.15.pom (4.3 kB at 56 kB/s)
[INFO] Downloading from central: https://repo.maven.apache.org/maven2/com/basquin/basquin-quarkus/0.3.0/basquin-quarkus-0.3.0.pom
[INFO] Downloading from basquin-injected: http://localhost:8010/com/basquin/basquin-quarkus/0.3.0/basquin-quarkus-0.3.0.pom
[INFO] Downloaded from basquin-injected: http://localhost:8010/com/basquin/basquin-quarkus/0.3.0/basquin-quarkus-0.3.0.pom (1.1 kB at 21 kB/s)
[INFO] Downloading from central: https://repo.maven.apache.org/maven2/com/basquin/basquin-core/0.3.0/basquin-core-0.3.0.pom
[INFO] Downloading from basquin-injected: http://localhost:8010/com/basquin/basquin-core/0.3.0/basquin-core-0.3.0.pom
[INFO] Downloaded from basquin-injected: http://localhost:8010/com/basquin/basquin-core/0.3.0/basquin-core-0.3.0.pom (1.3 kB at 27 kB/s)
[INFO] Downloading from central: https://repo.maven.apache.org/maven2/io/quarkus/quarkus-rest/3.37.3/quarkus-rest-3.37.3.jar
[INFO] Downloaded from central: https://repo.maven.apache.org/maven2/io/quarkus/quarkus-rest/3.37.3/quarkus-rest-3.37.3.jar (133 kB at 2.0 MB/s)
[INFO] Downloading from central: https://repo.maven.apache.org/maven2/io/quarkus/quarkus-rest-common/3.37.3/quarkus-rest-common-3.37.3.jar
[INFO] Downloading from central: https://repo.maven.apache.org/maven2/io/quarkus/resteasy/reactive/resteasy-reactive-common/3.37.3/resteasy-reactive-common-3.37.3.jar
[INFO] Downloading from central: https://repo.maven.apache.org/maven2/io/quarkus/resteasy/reactive/resteasy-reactive-common-types/3.37.3/resteasy-reactive-common-types-3.37.3.jar
[INFO] Downloading from central: https://repo.maven.apache.org/maven2/org/reactivestreams/reactive-streams/1.0.4/reactive-streams-1.0.4.jar
[INFO] Downloading from central: https://repo.maven.apache.org/maven2/io/smallrye/reactive/mutiny-zero-flow-adapters/1.2.1/mutiny-zero-flow-adapters-1.2.1.jar
[INFO] Downloaded from central: https://repo.maven.apache.org/maven2/io/quarkus/quarkus-rest-common/3.37.3/quarkus-rest-common-3.37.3.jar (21 kB at 278 kB/s)
[INFO] Downloading from central: https://repo.maven.apache.org/maven2/io/quarkus/quarkus-mutiny/3.37.3/quarkus-mutiny-3.37.3.jar
[INFO] Downloaded from central: https://repo.maven.apache.org/maven2/org/reactivestreams/reactive-streams/1.0.4/reactive-streams-1.0.4.jar (12 kB at 135 kB/s)
[INFO] Downloading from central: https://repo.maven.apache.org/maven2/io/quarkus/quarkus-smallrye-context-propagation/3.37.3/quarkus-smallrye-context-propagation-3.37.3.jar
[INFO] Downloaded from central: https://repo.maven.apache.org/maven2/io/quarkus/resteasy/reactive/resteasy-reactive-common-types/3.37.3/resteasy-reactive-common-types-3.37.3.jar (7.1 kB at 82 kB/s)
[INFO] Downloading from central: https://repo.maven.apache.org/maven2/io/smallrye/smallrye-context-propagation/2.3.0/smallrye-context-propagation-2.3.0.jar
[INFO] Downloaded from central: https://repo.maven.apache.org/maven2/io/smallrye/reactive/mutiny-zero-flow-adapters/1.2.1/mutiny-zero-flow-adapters-1.2.1.jar (15 kB at 172 kB/s)
[INFO] Downloading from central: https://repo.maven.apache.org/maven2/io/smallrye/smallrye-context-propagation-api/2.3.0/smallrye-context-propagation-api-2.3.0.jar
[INFO] Downloaded from central: https://repo.maven.apache.org/maven2/io/quarkus/resteasy/reactive/resteasy-reactive-common/3.37.3/resteasy-reactive-common-3.37.3.jar (323 kB at 3.2 MB/s)
[INFO] Downloading from central: https://repo.maven.apache.org/maven2/io/smallrye/smallrye-context-propagation-storage/2.3.0/smallrye-context-propagation-storage-2.3.0.jar
[INFO] Downloaded from central: https://repo.maven.apache.org/maven2/io/quarkus/quarkus-mutiny/3.37.3/quarkus-mutiny-3.37.3.jar (13 kB at 88 kB/s)
[INFO] Downloading from central: https://repo.maven.apache.org/maven2/io/smallrye/reactive/mutiny-smallrye-context-propagation/3.2.1/mutiny-smallrye-context-propagation-3.2.1.jar
[INFO] Downloaded from central: https://repo.maven.apache.org/maven2/io/quarkus/quarkus-smallrye-context-propagation/3.37.3/quarkus-smallrye-context-propagation-3.37.3.jar (18 kB at 113 kB/s)
[INFO] Downloading from central: https://repo.maven.apache.org/maven2/io/quarkus/quarkus-vertx/3.37.3/quarkus-vertx-3.37.3.jar
[INFO] Downloaded from central: https://repo.maven.apache.org/maven2/io/smallrye/smallrye-context-propagation/2.3.0/smallrye-context-propagation-2.3.0.jar (90 kB at 555 kB/s)
[INFO] Downloading from central: https://repo.maven.apache.org/maven2/io/quarkus/quarkus-netty/3.37.3/quarkus-netty-3.37.3.jar
[INFO] Downloaded from central: https://repo.maven.apache.org/maven2/io/smallrye/smallrye-context-propagation-api/2.3.0/smallrye-context-propagation-api-2.3.0.jar (8.7 kB at 53 kB/s)
[INFO] Downloading from central: https://repo.maven.apache.org/maven2/io/netty/netty-codec/4.1.135.Final/netty-codec-4.1.135.Final.jar
[INFO] Downloaded from central: https://repo.maven.apache.org/maven2/io/smallrye/smallrye-context-propagation-storage/2.3.0/smallrye-context-propagation-storage-2.3.0.jar (8.5 kB at 47 kB/s)
[INFO] Downloading from central: https://repo.maven.apache.org/maven2/io/netty/netty-codec-haproxy/4.1.135.Final/netty-codec-haproxy-4.1.135.Final.jar
[INFO] Downloaded from central: https://repo.maven.apache.org/maven2/io/smallrye/reactive/mutiny-smallrye-context-propagation/3.2.1/mutiny-smallrye-context-propagation-3.2.1.jar (21 kB at 100 kB/s)
[INFO] Downloading from central: https://repo.maven.apache.org/maven2/io/quarkus/quarkus-vertx-latebound-mdc-provider/3.37.3/quarkus-vertx-latebound-mdc-provider-3.37.3.jar
[INFO] Downloaded from central: https://repo.maven.apache.org/maven2/io/quarkus/quarkus-vertx/3.37.3/quarkus-vertx-3.37.3.jar (147 kB at 623 kB/s)
[INFO] Downloading from central: https://repo.maven.apache.org/maven2/io/smallrye/smallrye-fault-tolerance-vertx/6.11.1/smallrye-fault-tolerance-vertx-6.11.1.jar
[INFO] Downloaded from central: https://repo.maven.apache.org/maven2/io/quarkus/quarkus-netty/3.37.3/quarkus-netty-3.37.3.jar (68 kB at 286 kB/s)
[INFO] Downloading from central: https://repo.maven.apache.org/maven2/io/quarkus/resteasy/reactive/resteasy-reactive-vertx/3.37.3/resteasy-reactive-vertx-3.37.3.jar
[INFO] Downloaded from central: https://repo.maven.apache.org/maven2/io/netty/netty-codec/4.1.135.Final/netty-codec-4.1.135.Final.jar (359 kB at 1.4 MB/s)
[INFO] Downloading from central: https://repo.maven.apache.org/maven2/io/vertx/vertx-web/4.5.28/vertx-web-4.5.28.jar
[INFO] Downloaded from central: https://repo.maven.apache.org/maven2/io/netty/netty-codec-haproxy/4.1.135.Final/netty-codec-haproxy-4.1.135.Final.jar (38 kB at 148 kB/s)
[INFO] Downloading from central: https://repo.maven.apache.org/maven2/io/vertx/vertx-web-common/4.5.28/vertx-web-common-4.5.28.jar
[INFO] Downloaded from central: https://repo.maven.apache.org/maven2/io/quarkus/quarkus-vertx-latebound-mdc-provider/3.37.3/quarkus-vertx-latebound-mdc-provider-3.37.3.jar (9.9 kB at 36 kB/s)
[INFO] Downloading from central: https://repo.maven.apache.org/maven2/io/vertx/vertx-auth-common/4.5.28/vertx-auth-common-4.5.28.jar
[INFO] Downloaded from central: https://repo.maven.apache.org/maven2/io/smallrye/smallrye-fault-tolerance-vertx/6.11.1/smallrye-fault-tolerance-vertx-6.11.1.jar (9.6 kB at 31 kB/s)
[INFO] Downloading from central: https://repo.maven.apache.org/maven2/io/vertx/vertx-bridge-common/4.5.28/vertx-bridge-common-4.5.28.jar
[INFO] Downloaded from central: https://repo.maven.apache.org/maven2/io/vertx/vertx-web-common/4.5.28/vertx-web-common-4.5.28.jar (32 kB at 95 kB/s)
[INFO] Downloading from central: https://repo.maven.apache.org/maven2/io/smallrye/reactive/smallrye-mutiny-vertx-core/3.22.2/smallrye-mutiny-vertx-core-3.22.2.jar
[INFO] Downloaded from central: https://repo.maven.apache.org/maven2/io/vertx/vertx-web/4.5.28/vertx-web-4.5.28.jar (363 kB at 1.1 MB/s)
[INFO] Downloading from central: https://repo.maven.apache.org/maven2/io/smallrye/reactive/smallrye-mutiny-vertx-runtime/3.22.2/smallrye-mutiny-vertx-runtime-3.22.2.jar
[INFO] Downloaded from central: https://repo.maven.apache.org/maven2/io/quarkus/resteasy/reactive/resteasy-reactive-vertx/3.37.3/resteasy-reactive-vertx-3.37.3.jar (50 kB at 147 kB/s)
[INFO] Downloading from central: https://repo.maven.apache.org/maven2/io/quarkus/resteasy/reactive/resteasy-reactive/3.37.3/resteasy-reactive-3.37.3.jar
[INFO] Downloaded from central: https://repo.maven.apache.org/maven2/io/vertx/vertx-auth-common/4.5.28/vertx-auth-common-4.5.28.jar (134 kB at 372 kB/s)
[INFO] Downloading from central: https://repo.maven.apache.org/maven2/io/quarkus/vertx/utils/quarkus-vertx-utils/3.37.3/quarkus-vertx-utils-3.37.3.jar
[INFO] Downloaded from central: https://repo.maven.apache.org/maven2/io/vertx/vertx-bridge-common/4.5.28/vertx-bridge-common-4.5.28.jar (11 kB at 29 kB/s)
[INFO] Downloading from central: https://repo.maven.apache.org/maven2/jakarta/ws/rs/jakarta.ws.rs-api/3.1.0/jakarta.ws.rs-api-3.1.0.jar
[INFO] Downloaded from central: https://repo.maven.apache.org/maven2/io/smallrye/reactive/smallrye-mutiny-vertx-runtime/3.22.2/smallrye-mutiny-vertx-runtime-3.22.2.jar (29 kB at 69 kB/s)
[INFO] Downloading from central: https://repo.maven.apache.org/maven2/jakarta/xml/bind/jakarta.xml.bind-api/4.0.5/jakarta.xml.bind-api-4.0.5.jar
[INFO] Downloaded from central: https://repo.maven.apache.org/maven2/io/smallrye/reactive/smallrye-mutiny-vertx-core/3.22.2/smallrye-mutiny-vertx-core-3.22.2.jar (341 kB at 815 kB/s)
[INFO] Downloading from central: https://repo.maven.apache.org/maven2/jakarta/activation/jakarta.activation-api/2.1.4/jakarta.activation-api-2.1.4.jar
[INFO] Downloaded from central: https://repo.maven.apache.org/maven2/io/quarkus/vertx/utils/quarkus-vertx-utils/3.37.3/quarkus-vertx-utils-3.37.3.jar (23 kB at 52 kB/s)
[INFO] Downloading from central: https://repo.maven.apache.org/maven2/io/quarkus/quarkus-vertx-http/3.37.3/quarkus-vertx-http-3.37.3.jar
[INFO] Downloaded from central: https://repo.maven.apache.org/maven2/io/quarkus/resteasy/reactive/resteasy-reactive/3.37.3/resteasy-reactive-3.37.3.jar (548 kB at 1.2 MB/s)
[INFO] Downloading from central: https://repo.maven.apache.org/maven2/io/quarkus/quarkus-security-runtime-spi/3.37.3/quarkus-security-runtime-spi-3.37.3.jar
[INFO] Downloaded from central: https://repo.maven.apache.org/maven2/jakarta/ws/rs/jakarta.ws.rs-api/3.1.0/jakarta.ws.rs-api-3.1.0.jar (155 kB at 334 kB/s)
[INFO] Downloading from central: https://repo.maven.apache.org/maven2/io/quarkus/quarkus-tls-registry/3.37.3/quarkus-tls-registry-3.37.3.jar
[INFO] Downloaded from central: https://repo.maven.apache.org/maven2/jakarta/activation/jakarta.activation-api/2.1.4/jakarta.activation-api-2.1.4.jar (67 kB at 137 kB/s)
[INFO] Downloading from central: https://repo.maven.apache.org/maven2/io/quarkus/quarkus-tls-registry-spi/3.37.3/quarkus-tls-registry-spi-3.37.3.jar
[INFO] Downloaded from central: https://repo.maven.apache.org/maven2/jakarta/xml/bind/jakarta.xml.bind-api/4.0.5/jakarta.xml.bind-api-4.0.5.jar (131 kB at 258 kB/s)
[INFO] Downloading from central: https://repo.maven.apache.org/maven2/io/smallrye/certs/smallrye-private-key-pem-parser/0.9.3/smallrye-private-key-pem-parser-0.9.3.jar
[INFO] Downloaded from central: https://repo.maven.apache.org/maven2/io/quarkus/quarkus-security-runtime-spi/3.37.3/quarkus-security-runtime-spi-3.37.3.jar (29 kB at 56 kB/s)
[INFO] Downloading from central: https://repo.maven.apache.org/maven2/io/quarkus/quarkus-credentials/3.37.3/quarkus-credentials-3.37.3.jar
[INFO] Downloaded from central: https://repo.maven.apache.org/maven2/io/quarkus/quarkus-tls-registry/3.37.3/quarkus-tls-registry-3.37.3.jar (96 kB at 181 kB/s)
[INFO] Downloading from central: https://repo.maven.apache.org/maven2/io/smallrye/common/smallrye-common-vertx-context/2.18.1/smallrye-common-vertx-context-2.18.1.jar
[INFO] Downloaded from central: https://repo.maven.apache.org/maven2/io/quarkus/quarkus-vertx-http/3.37.3/quarkus-vertx-http-3.37.3.jar (753 kB at 1.4 MB/s)
[INFO] Downloading from central: https://repo.maven.apache.org/maven2/io/quarkus/security/quarkus-security/2.3.2/quarkus-security-2.3.2.jar
[INFO] Downloaded from central: https://repo.maven.apache.org/maven2/io/quarkus/quarkus-tls-registry-spi/3.37.3/quarkus-tls-registry-spi-3.37.3.jar (13 kB at 23 kB/s)
[INFO] Downloading from central: https://repo.maven.apache.org/maven2/io/smallrye/reactive/smallrye-mutiny-vertx-web/3.22.2/smallrye-mutiny-vertx-web-3.22.2.jar
[INFO] Downloaded from central: https://repo.maven.apache.org/maven2/io/quarkus/quarkus-credentials/3.37.3/quarkus-credentials-3.37.3.jar (8.5 kB at 14 kB/s)
[INFO] Downloading from central: https://repo.maven.apache.org/maven2/io/smallrye/reactive/smallrye-mutiny-vertx-web-common/3.22.2/smallrye-mutiny-vertx-web-common-3.22.2.jar
[INFO] Downloaded from central: https://repo.maven.apache.org/maven2/io/smallrye/certs/smallrye-private-key-pem-parser/0.9.3/smallrye-private-key-pem-parser-0.9.3.jar (20 kB at 34 kB/s)
[INFO] Downloading from central: https://repo.maven.apache.org/maven2/io/smallrye/reactive/smallrye-mutiny-vertx-auth-common/3.22.2/smallrye-mutiny-vertx-auth-common-3.22.2.jar
[INFO] Downloaded from central: https://repo.maven.apache.org/maven2/io/smallrye/common/smallrye-common-vertx-context/2.18.1/smallrye-common-vertx-context-2.18.1.jar (7.2 kB at 12 kB/s)
[INFO] Downloading from central: https://repo.maven.apache.org/maven2/io/smallrye/reactive/smallrye-mutiny-vertx-bridge-common/3.22.2/smallrye-mutiny-vertx-bridge-common-3.22.2.jar
[INFO] Downloaded from central: https://repo.maven.apache.org/maven2/io/quarkus/security/quarkus-security/2.3.2/quarkus-security-2.3.2.jar (22 kB at 36 kB/s)
[INFO] Downloading from central: https://repo.maven.apache.org/maven2/io/smallrye/reactive/smallrye-mutiny-vertx-uri-template/3.22.2/smallrye-mutiny-vertx-uri-template-3.22.2.jar
[INFO] Downloaded from central: https://repo.maven.apache.org/maven2/io/smallrye/reactive/smallrye-mutiny-vertx-web/3.22.2/smallrye-mutiny-vertx-web-3.22.2.jar (150 kB at 236 kB/s)
[INFO] Downloading from central: https://repo.maven.apache.org/maven2/io/vertx/vertx-uri-template/4.5.28/vertx-uri-template-4.5.28.jar
[INFO] Downloaded from central: https://repo.maven.apache.org/maven2/io/smallrye/reactive/smallrye-mutiny-vertx-web-common/3.22.2/smallrye-mutiny-vertx-web-common-3.22.2.jar (19 kB at 29 kB/s)
[INFO] Downloading from central: https://repo.maven.apache.org/maven2/com/aayushatharva/brotli4j/brotli4j/1.23.0/brotli4j-1.23.0.jar
[INFO] Downloaded from central: https://repo.maven.apache.org/maven2/io/smallrye/reactive/smallrye-mutiny-vertx-auth-common/3.22.2/smallrye-mutiny-vertx-auth-common-3.22.2.jar (42 kB at 63 kB/s)
[INFO] Downloading from central: https://repo.maven.apache.org/maven2/com/aayushatharva/brotli4j/service/1.23.0/service-1.23.0.jar
[INFO] Downloaded from central: https://repo.maven.apache.org/maven2/io/smallrye/reactive/smallrye-mutiny-vertx-bridge-common/3.22.2/smallrye-mutiny-vertx-bridge-common-3.22.2.jar (6.4 kB at 9.6 kB/s)
[INFO] Downloading from central: https://repo.maven.apache.org/maven2/com/aayushatharva/brotli4j/native-linux-x86_64/1.23.0/native-linux-x86_64-1.23.0.jar
[INFO] Downloaded from central: https://repo.maven.apache.org/maven2/io/smallrye/reactive/smallrye-mutiny-vertx-uri-template/3.22.2/smallrye-mutiny-vertx-uri-template-3.22.2.jar (7.8 kB at 11 kB/s)
[INFO] Downloading from central: https://repo.maven.apache.org/maven2/io/quarkus/quarkus-jsonp/3.37.3/quarkus-jsonp-3.37.3.jar
[INFO] Downloaded from central: https://repo.maven.apache.org/maven2/io/vertx/vertx-uri-template/4.5.28/vertx-uri-template-4.5.28.jar (35 kB at 49 kB/s)
[INFO] Downloading from central: https://repo.maven.apache.org/maven2/io/quarkus/quarkus-virtual-threads/3.37.3/quarkus-virtual-threads-3.37.3.jar
[INFO] Downloaded from central: https://repo.maven.apache.org/maven2/com/aayushatharva/brotli4j/service/1.23.0/service-1.23.0.jar (3.4 kB at 4.6 kB/s)
[INFO] Downloading from central: https://repo.maven.apache.org/maven2/io/vertx/vertx-core/4.5.28/vertx-core-4.5.28.jar
[INFO] Downloaded from central: https://repo.maven.apache.org/maven2/com/aayushatharva/brotli4j/brotli4j/1.23.0/brotli4j-1.23.0.jar (47 kB at 64 kB/s)
[INFO] Downloading from central: https://repo.maven.apache.org/maven2/io/netty/netty-common/4.1.135.Final/netty-common-4.1.135.Final.jar
[INFO] Downloaded from central: https://repo.maven.apache.org/maven2/io/quarkus/quarkus-jsonp/3.37.3/quarkus-jsonp-3.37.3.jar (7.5 kB at 10.0 kB/s)
[INFO] Downloading from central: https://repo.maven.apache.org/maven2/io/netty/netty-buffer/4.1.135.Final/netty-buffer-4.1.135.Final.jar
[INFO] Downloaded from central: https://repo.maven.apache.org/maven2/com/aayushatharva/brotli4j/native-linux-x86_64/1.23.0/native-linux-x86_64-1.23.0.jar (444 kB at 579 kB/s)
[INFO] Downloading from central: https://repo.maven.apache.org/maven2/io/netty/netty-transport/4.1.135.Final/netty-transport-4.1.135.Final.jar
[INFO] Downloaded from central: https://repo.maven.apache.org/maven2/io/quarkus/quarkus-virtual-threads/3.37.3/quarkus-virtual-threads-3.37.3.jar (25 kB at 32 kB/s)
[INFO] Downloading from central: https://repo.maven.apache.org/maven2/io/netty/netty-handler/4.1.135.Final/netty-handler-4.1.135.Final.jar
[INFO] Downloaded from central: https://repo.maven.apache.org/maven2/io/netty/netty-buffer/4.1.135.Final/netty-buffer-4.1.135.Final.jar (359 kB at 425 kB/s)
[INFO] Downloading from central: https://repo.maven.apache.org/maven2/io/netty/netty-transport-native-unix-common/4.1.135.Final/netty-transport-native-unix-common-4.1.135.Final.jar
[INFO] Downloaded from central: https://repo.maven.apache.org/maven2/io/netty/netty-common/4.1.135.Final/netty-common-4.1.135.Final.jar (739 kB at 867 kB/s)
[INFO] Downloading from central: https://repo.maven.apache.org/maven2/io/netty/netty-handler-proxy/4.1.135.Final/netty-handler-proxy-4.1.135.Final.jar
[INFO] Downloaded from central: https://repo.maven.apache.org/maven2/io/netty/netty-transport/4.1.135.Final/netty-transport-4.1.135.Final.jar (522 kB at 605 kB/s)
[INFO] Downloading from central: https://repo.maven.apache.org/maven2/io/netty/netty-codec-socks/4.1.135.Final/netty-codec-socks-4.1.135.Final.jar
[INFO] Downloaded from central: https://repo.maven.apache.org/maven2/io/vertx/vertx-core/4.5.28/vertx-core-4.5.28.jar (1.7 MB at 1.9 MB/s)
[INFO] Downloading from central: https://repo.maven.apache.org/maven2/io/netty/netty-codec-http/4.1.135.Final/netty-codec-http-4.1.135.Final.jar
[INFO] Downloaded from central: https://repo.maven.apache.org/maven2/io/netty/netty-handler/4.1.135.Final/netty-handler-4.1.135.Final.jar (587 kB at 667 kB/s)
[INFO] Downloading from central: https://repo.maven.apache.org/maven2/io/netty/netty-codec-http2/4.1.135.Final/netty-codec-http2-4.1.135.Final.jar
[INFO] Downloaded from central: https://repo.maven.apache.org/maven2/io/netty/netty-transport-native-unix-common/4.1.135.Final/netty-transport-native-unix-common-4.1.135.Final.jar (44 kB at 49 kB/s)
[INFO] Downloading from central: https://repo.maven.apache.org/maven2/io/netty/netty-resolver/4.1.135.Final/netty-resolver-4.1.135.Final.jar
[INFO] Downloaded from central: https://repo.maven.apache.org/maven2/io/netty/netty-handler-proxy/4.1.135.Final/netty-handler-proxy-4.1.135.Final.jar (26 kB at 28 kB/s)
[INFO] Downloading from central: https://repo.maven.apache.org/maven2/io/netty/netty-resolver-dns/4.1.135.Final/netty-resolver-dns-4.1.135.Final.jar
[INFO] Downloaded from central: https://repo.maven.apache.org/maven2/io/netty/netty-codec-socks/4.1.135.Final/netty-codec-socks-4.1.135.Final.jar (121 kB at 129 kB/s)
[INFO] Downloading from central: https://repo.maven.apache.org/maven2/io/netty/netty-codec-dns/4.1.135.Final/netty-codec-dns-4.1.135.Final.jar
[INFO] Downloaded from central: https://repo.maven.apache.org/maven2/io/netty/netty-codec-http/4.1.135.Final/netty-codec-http-4.1.135.Final.jar (691 kB at 713 kB/s)
[INFO] Downloading from central: https://repo.maven.apache.org/maven2/io/netty/netty-tcnative-classes/2.0.77.Final/netty-tcnative-classes-2.0.77.Final.jar
[INFO] Downloaded from central: https://repo.maven.apache.org/maven2/io/netty/netty-codec-http2/4.1.135.Final/netty-codec-http2-4.1.135.Final.jar (503 kB at 516 kB/s)
[INFO] Downloading from central: https://repo.maven.apache.org/maven2/io/quarkus/quarkus-arc/3.37.3/quarkus-arc-3.37.3.jar
[INFO] Downloaded from central: https://repo.maven.apache.org/maven2/io/netty/netty-resolver/4.1.135.Final/netty-resolver-4.1.135.Final.jar (38 kB at 39 kB/s)
[INFO] Downloading from central: https://repo.maven.apache.org/maven2/io/quarkus/arc/arc/3.37.3/arc-3.37.3.jar
[INFO] Downloaded from central: https://repo.maven.apache.org/maven2/io/netty/netty-resolver-dns/4.1.135.Final/netty-resolver-dns-4.1.135.Final.jar (189 kB at 188 kB/s)
[INFO] Downloading from central: https://repo.maven.apache.org/maven2/jakarta/transaction/jakarta.transaction-api/2.0.1/jakarta.transaction-api-2.0.1.jar
[INFO] Downloaded from central: https://repo.maven.apache.org/maven2/io/netty/netty-codec-dns/4.1.135.Final/netty-codec-dns-4.1.135.Final.jar (68 kB at 68 kB/s)
[INFO] Downloading from central: https://repo.maven.apache.org/maven2/io/quarkus/quarkus-ide-launcher/3.37.3/quarkus-ide-launcher-3.37.3.jar
[INFO] Downloaded from central: https://repo.maven.apache.org/maven2/io/quarkus/quarkus-arc/3.37.3/quarkus-arc-3.37.3.jar (71 kB at 67 kB/s)
[INFO] Downloading from central: https://repo.maven.apache.org/maven2/org/eclipse/microprofile/context-propagation/microprofile-context-propagation-api/1.3/microprofile-context-propagation-api-1.3.jar
[INFO] Downloaded from central: https://repo.maven.apache.org/maven2/io/netty/netty-tcnative-classes/2.0.77.Final/netty-tcnative-classes-2.0.77.Final.jar (37 kB at 35 kB/s)
[INFO] Downloading from central: https://repo.maven.apache.org/maven2/io/quarkus/quarkus-junit/3.37.3/quarkus-junit-3.37.3.jar
[INFO] Downloaded from central: https://repo.maven.apache.org/maven2/io/quarkus/arc/arc/3.37.3/arc-3.37.3.jar (289 kB at 271 kB/s)
[INFO] Downloading from central: https://repo.maven.apache.org/maven2/io/quarkus/quarkus-test-common/3.37.3/quarkus-test-common-3.37.3.jar
[INFO] Downloaded from central: https://repo.maven.apache.org/maven2/jakarta/transaction/jakarta.transaction-api/2.0.1/jakarta.transaction-api-2.0.1.jar (29 kB at 26 kB/s)
[INFO] Downloading from central: https://repo.maven.apache.org/maven2/org/apache/maven/resolver/maven-resolver-transport-http/1.9.25/maven-resolver-transport-http-1.9.25.jar
[INFO] Downloaded from central: https://repo.maven.apache.org/maven2/io/quarkus/quarkus-test-common/3.37.3/quarkus-test-common-3.37.3.jar (148 kB at 130 kB/s)
[INFO] Downloading from central: https://repo.maven.apache.org/maven2/com/google/code/gson/gson/2.14.0/gson-2.14.0.jar
[INFO] Downloaded from central: https://repo.maven.apache.org/maven2/org/eclipse/microprofile/context-propagation/microprofile-context-propagation-api/1.3/microprofile-context-propagation-api-1.3.jar (16 kB at 14 kB/s)
[INFO] Downloading from central: https://repo.maven.apache.org/maven2/com/google/errorprone/error_prone_annotations/2.49.0/error_prone_annotations-2.49.0.jar
[INFO] Downloaded from central: https://repo.maven.apache.org/maven2/io/quarkus/quarkus-junit/3.37.3/quarkus-junit-3.37.3.jar (199 kB at 173 kB/s)
[INFO] Downloading from central: https://repo.maven.apache.org/maven2/org/apache/maven/wagon/wagon-provider-api/3.5.3/wagon-provider-api-3.5.3.jar
[INFO] Downloaded from central: https://repo.maven.apache.org/maven2/org/apache/maven/resolver/maven-resolver-transport-http/1.9.25/maven-resolver-transport-http-1.9.25.jar (63 kB at 54 kB/s)
[INFO] Downloading from central: https://repo.maven.apache.org/maven2/org/apache/maven/wagon/wagon-http-shared/3.5.3/wagon-http-shared-3.5.3.jar
[INFO] Downloaded from central: https://repo.maven.apache.org/maven2/com/google/errorprone/error_prone_annotations/2.49.0/error_prone_annotations-2.49.0.jar (20 kB at 17 kB/s)
[INFO] Downloading from central: https://repo.maven.apache.org/maven2/org/apache/maven/resolver/maven-resolver-connector-basic/1.9.27/maven-resolver-connector-basic-1.9.27.jar
[INFO] Downloaded from central: https://repo.maven.apache.org/maven2/org/apache/maven/wagon/wagon-provider-api/3.5.3/wagon-provider-api-3.5.3.jar (55 kB at 45 kB/s)
[INFO] Downloading from central: https://repo.maven.apache.org/maven2/org/apache/maven/resolver/maven-resolver-transport-wagon/1.9.27/maven-resolver-transport-wagon-1.9.27.jar
[INFO] Downloaded from central: https://repo.maven.apache.org/maven2/com/google/code/gson/gson/2.14.0/gson-2.14.0.jar (314 kB at 253 kB/s)
[INFO] Downloading from central: https://repo.maven.apache.org/maven2/org/apache/maven/wagon/wagon-http/3.5.3/wagon-http-3.5.3.jar
[INFO] Downloaded from central: https://repo.maven.apache.org/maven2/org/apache/maven/wagon/wagon-http-shared/3.5.3/wagon-http-shared-3.5.3.jar (41 kB at 33 kB/s)
[INFO] Downloading from central: https://repo.maven.apache.org/maven2/org/apache/maven/wagon/wagon-file/3.5.3/wagon-file-3.5.3.jar
[INFO] Downloaded from central: https://repo.maven.apache.org/maven2/org/apache/maven/resolver/maven-resolver-connector-basic/1.9.27/maven-resolver-connector-basic-1.9.27.jar (40 kB at 31 kB/s)
[INFO] Downloading from central: https://repo.maven.apache.org/maven2/io/quarkus/quarkus-bootstrap-gradle-resolver/3.37.3/quarkus-bootstrap-gradle-resolver-3.37.3.jar
[INFO] Downloaded from central: https://repo.maven.apache.org/maven2/org/apache/maven/resolver/maven-resolver-transport-wagon/1.9.27/maven-resolver-transport-wagon-1.9.27.jar (32 kB at 25 kB/s)
[INFO] Downloading from central: https://repo.maven.apache.org/maven2/io/quarkus/quarkus-junit-config/3.37.3/quarkus-junit-config-3.37.3.jar
[INFO] Downloaded from central: https://repo.maven.apache.org/maven2/org/apache/maven/wagon/wagon-http/3.5.3/wagon-http-3.5.3.jar (9.4 kB at 7.1 kB/s)
[INFO] Downloading from central: https://repo.maven.apache.org/maven2/io/quarkus/quarkus-junit-common/3.37.3/quarkus-junit-common-3.37.3.jar
[INFO] Downloaded from central: https://repo.maven.apache.org/maven2/org/apache/maven/wagon/wagon-file/3.5.3/wagon-file-3.5.3.jar (11 kB at 8.5 kB/s)
[INFO] Downloading from central: https://repo.maven.apache.org/maven2/org/jacoco/org.jacoco.agent/0.8.15/org.jacoco.agent-0.8.15-runtime.jar
[INFO] Downloaded from central: https://repo.maven.apache.org/maven2/io/quarkus/quarkus-junit-config/3.37.3/quarkus-junit-config-3.37.3.jar (19 kB at 14 kB/s)
[INFO] Downloading from central: https://repo.maven.apache.org/maven2/com/basquin/basquin-quarkus/0.3.0/basquin-quarkus-0.3.0.jar
[INFO] Downloaded from central: https://repo.maven.apache.org/maven2/io/quarkus/quarkus-junit-common/3.37.3/quarkus-junit-common-3.37.3.jar (12 kB at 8.6 kB/s)
[INFO] Downloading from central: https://repo.maven.apache.org/maven2/com/basquin/basquin-core/0.3.0/basquin-core-0.3.0.jar
[INFO] Downloaded from central: https://repo.maven.apache.org/maven2/org/jacoco/org.jacoco.agent/0.8.15/org.jacoco.agent-0.8.15-runtime.jar (308 kB at 213 kB/s)
[INFO] Downloaded from central: https://repo.maven.apache.org/maven2/io/quarkus/quarkus-bootstrap-gradle-resolver/3.37.3/quarkus-bootstrap-gradle-resolver-3.37.3.jar (3.0 MB at 2.0 MB/s)
[INFO] Downloaded from central: https://repo.maven.apache.org/maven2/io/quarkus/quarkus-ide-launcher/3.37.3/quarkus-ide-launcher-3.37.3.jar (16 MB at 10 MB/s)
[INFO] Downloading from basquin-injected: http://localhost:8010/com/basquin/basquin-quarkus/0.3.0/basquin-quarkus-0.3.0.jar
[INFO] Downloaded from basquin-injected: http://localhost:8010/com/basquin/basquin-quarkus/0.3.0/basquin-quarkus-0.3.0.jar (10 kB at 209 kB/s)
[INFO] Downloading from basquin-injected: http://localhost:8010/com/basquin/basquin-core/0.3.0/basquin-core-0.3.0.jar
[INFO] Downloaded from basquin-injected: http://localhost:8010/com/basquin/basquin-core/0.3.0/basquin-core-0.3.0.jar (7.6 kB at 158 kB/s)
[INFO] 
[INFO] --- clean:3.2.0:clean (default-clean) @ fixture ---
[INFO] Downloading from central: https://repo.maven.apache.org/maven2/org/apache/maven/shared/maven-shared-utils/3.3.4/maven-shared-utils-3.3.4.pom
[INFO] Downloaded from central: https://repo.maven.apache.org/maven2/org/apache/maven/shared/maven-shared-utils/3.3.4/maven-shared-utils-3.3.4.pom (5.8 kB at 99 kB/s)
[INFO] Downloading from central: https://repo.maven.apache.org/maven2/org/apache/maven/shared/maven-shared-components/34/maven-shared-components-34.pom
[INFO] Downloaded from central: https://repo.maven.apache.org/maven2/org/apache/maven/shared/maven-shared-components/34/maven-shared-components-34.pom (5.1 kB at 78 kB/s)
[INFO] Downloading from central: https://repo.maven.apache.org/maven2/commons-io/commons-io/2.6/commons-io-2.6.pom
[INFO] Downloaded from central: https://repo.maven.apache.org/maven2/commons-io/commons-io/2.6/commons-io-2.6.pom (14 kB at 246 kB/s)
[INFO] Downloading from central: https://repo.maven.apache.org/maven2/org/apache/commons/commons-parent/42/commons-parent-42.pom
[INFO] Downloaded from central: https://repo.maven.apache.org/maven2/org/apache/commons/commons-parent/42/commons-parent-42.pom (68 kB at 906 kB/s)
[INFO] Downloading from central: https://repo.maven.apache.org/maven2/org/apache/apache/18/apache-18.pom
[INFO] Downloaded from central: https://repo.maven.apache.org/maven2/org/apache/apache/18/apache-18.pom (16 kB at 249 kB/s)
[INFO] Downloading from central: https://repo.maven.apache.org/maven2/org/apache/maven/shared/maven-shared-utils/3.3.4/maven-shared-utils-3.3.4.jar
[INFO] Downloaded from central: https://repo.maven.apache.org/maven2/org/apache/maven/shared/maven-shared-utils/3.3.4/maven-shared-utils-3.3.4.jar (153 kB at 2.6 MB/s)
[INFO] Downloading from central: https://repo.maven.apache.org/maven2/commons-io/commons-io/2.6/commons-io-2.6.jar
[INFO] Downloaded from central: https://repo.maven.apache.org/maven2/commons-io/commons-io/2.6/commons-io-2.6.jar (215 kB at 3.4 MB/s)
[INFO] 
[INFO] --- resources:3.3.1:resources (default-resources) @ fixture ---
[INFO] Downloading from central: https://repo.maven.apache.org/maven2/org/codehaus/plexus/plexus-utils/3.5.1/plexus-utils-3.5.1.pom
[INFO] Downloaded from central: https://repo.maven.apache.org/maven2/org/codehaus/plexus/plexus-utils/3.5.1/plexus-utils-3.5.1.pom (8.8 kB at 144 kB/s)
[INFO] Downloading from central: https://repo.maven.apache.org/maven2/org/codehaus/plexus/plexus/10/plexus-10.pom
[INFO] Downloaded from central: https://repo.maven.apache.org/maven2/org/codehaus/plexus/plexus/10/plexus-10.pom (25 kB at 358 kB/s)
[INFO] Downloading from central: https://repo.maven.apache.org/maven2/org/apache/maven/shared/maven-filtering/3.3.1/maven-filtering-3.3.1.pom
[INFO] Downloaded from central: https://repo.maven.apache.org/maven2/org/apache/maven/shared/maven-filtering/3.3.1/maven-filtering-3.3.1.pom (6.0 kB at 96 kB/s)
[INFO] Downloading from central: https://repo.maven.apache.org/maven2/org/slf4j/slf4j-api/1.7.36/slf4j-api-1.7.36.pom
[INFO] Downloaded from central: https://repo.maven.apache.org/maven2/org/slf4j/slf4j-api/1.7.36/slf4j-api-1.7.36.pom (2.7 kB at 38 kB/s)
[INFO] Downloading from central: https://repo.maven.apache.org/maven2/org/slf4j/slf4j-parent/1.7.36/slf4j-parent-1.7.36.pom
[INFO] Downloaded from central: https://repo.maven.apache.org/maven2/org/slf4j/slf4j-parent/1.7.36/slf4j-parent-1.7.36.pom (14 kB at 181 kB/s)
[INFO] Downloading from central: https://repo.maven.apache.org/maven2/org/sonatype/plexus/plexus-build-api/0.0.7/plexus-build-api-0.0.7.pom
[INFO] Downloaded from central: https://repo.maven.apache.org/maven2/org/sonatype/plexus/plexus-build-api/0.0.7/plexus-build-api-0.0.7.pom (3.2 kB at 38 kB/s)
[INFO] Downloading from central: https://repo.maven.apache.org/maven2/org/sonatype/spice/spice-parent/15/spice-parent-15.pom
[INFO] Downloaded from central: https://repo.maven.apache.org/maven2/org/sonatype/spice/spice-parent/15/spice-parent-15.pom (8.4 kB at 98 kB/s)
[INFO] Downloading from central: https://repo.maven.apache.org/maven2/org/sonatype/forge/forge-parent/5/forge-parent-5.pom
[INFO] Downloaded from central: https://repo.maven.apache.org/maven2/org/sonatype/forge/forge-parent/5/forge-parent-5.pom (8.4 kB at 89 kB/s)
[INFO] Downloading from central: https://repo.maven.apache.org/maven2/org/codehaus/plexus/plexus-utils/3.5.0/plexus-utils-3.5.0.pom
[INFO] Downloaded from central: https://repo.maven.apache.org/maven2/org/codehaus/plexus/plexus-utils/3.5.0/plexus-utils-3.5.0.pom (8.0 kB at 141 kB/s)
[INFO] Downloading from central: https://repo.maven.apache.org/maven2/commons-io/commons-io/2.11.0/commons-io-2.11.0.pom
[INFO] Downloaded from central: https://repo.maven.apache.org/maven2/commons-io/commons-io/2.11.0/commons-io-2.11.0.pom (20 kB at 334 kB/s)
[INFO] Downloading from central: https://repo.maven.apache.org/maven2/org/apache/commons/commons-parent/52/commons-parent-52.pom
[INFO] Downloaded from central: https://repo.maven.apache.org/maven2/org/apache/commons/commons-parent/52/commons-parent-52.pom (79 kB at 979 kB/s)
[INFO] Downloading from central: https://repo.maven.apache.org/maven2/org/junit/junit-bom/5.7.2/junit-bom-5.7.2.pom
[INFO] Downloaded from central: https://repo.maven.apache.org/maven2/org/junit/junit-bom/5.7.2/junit-bom-5.7.2.pom (5.1 kB at 75 kB/s)
[INFO] Downloading from central: https://repo.maven.apache.org/maven2/org/apache/commons/commons-lang3/3.12.0/commons-lang3-3.12.0.pom
[INFO] Downloaded from central: https://repo.maven.apache.org/maven2/org/apache/commons/commons-lang3/3.12.0/commons-lang3-3.12.0.pom (31 kB at 472 kB/s)
[INFO] Downloading from central: https://repo.maven.apache.org/maven2/org/junit/junit-bom/5.7.1/junit-bom-5.7.1.pom
[INFO] Downloaded from central: https://repo.maven.apache.org/maven2/org/junit/junit-bom/5.7.1/junit-bom-5.7.1.pom (5.1 kB at 78 kB/s)
[INFO] Downloading from central: https://repo.maven.apache.org/maven2/org/codehaus/plexus/plexus-utils/3.5.1/plexus-utils-3.5.1.jar
[INFO] Downloaded from central: https://repo.maven.apache.org/maven2/org/codehaus/plexus/plexus-utils/3.5.1/plexus-utils-3.5.1.jar (269 kB at 4.3 MB/s)
[INFO] Downloading from central: https://repo.maven.apache.org/maven2/org/apache/maven/shared/maven-filtering/3.3.1/maven-filtering-3.3.1.jar
[INFO] Downloading from central: https://repo.maven.apache.org/maven2/org/slf4j/slf4j-api/1.7.36/slf4j-api-1.7.36.jar
[INFO] Downloading from central: https://repo.maven.apache.org/maven2/org/sonatype/plexus/plexus-build-api/0.0.7/plexus-build-api-0.0.7.jar
[INFO] Downloading from central: https://repo.maven.apache.org/maven2/commons-io/commons-io/2.11.0/commons-io-2.11.0.jar
[INFO] Downloading from central: https://repo.maven.apache.org/maven2/org/apache/commons/commons-lang3/3.12.0/commons-lang3-3.12.0.jar
[INFO] Downloaded from central: https://repo.maven.apache.org/maven2/commons-io/commons-io/2.11.0/commons-io-2.11.0.jar (327 kB at 4.5 MB/s)
[INFO] Downloaded from central: https://repo.maven.apache.org/maven2/org/apache/maven/shared/maven-filtering/3.3.1/maven-filtering-3.3.1.jar (55 kB at 687 kB/s)
[INFO] Downloaded from central: https://repo.maven.apache.org/maven2/org/apache/commons/commons-lang3/3.12.0/commons-lang3-3.12.0.jar (587 kB at 7.3 MB/s)
[INFO] Downloaded from central: https://repo.maven.apache.org/maven2/org/slf4j/slf4j-api/1.7.36/slf4j-api-1.7.36.jar (41 kB at 478 kB/s)
[INFO] Downloaded from central: https://repo.maven.apache.org/maven2/org/sonatype/plexus/plexus-build-api/0.0.7/plexus-build-api-0.0.7.jar (8.5 kB at 90 kB/s)
[INFO] Copying 1 resource from src/main/resources to target/classes
[INFO] 
[INFO] --- quarkus:3.37.3:generate-code (default-generate-code) @ fixture ---
[INFO] Downloading from central: https://repo.maven.apache.org/maven2/io/quarkus/platform/quarkus-bom-quarkus-platform-properties/3.37.3/quarkus-bom-quarkus-platform-properties-3.37.3.properties
[INFO] Downloaded from central: https://repo.maven.apache.org/maven2/io/quarkus/platform/quarkus-bom-quarkus-platform-properties/3.37.3/quarkus-bom-quarkus-platform-properties-3.37.3.properties (976 B at 13 kB/s)
[INFO] Downloading from central: https://repo.maven.apache.org/maven2/io/quarkus/quarkus-rest-kotlin/3.37.3/quarkus-rest-kotlin-3.37.3.jar
[INFO] Downloaded from central: https://repo.maven.apache.org/maven2/io/quarkus/quarkus-rest-kotlin/3.37.3/quarkus-rest-kotlin-3.37.3.jar (36 kB at 406 kB/s)
[INFO] Downloading from central: https://repo.maven.apache.org/maven2/io/quarkus/quarkus-rest-deployment/3.37.3/quarkus-rest-deployment-3.37.3.pom
[INFO] Downloading from central: https://repo.maven.apache.org/maven2/io/quarkus/quarkus-arc-deployment/3.37.3/quarkus-arc-deployment-3.37.3.pom
[INFO] Downloading from central: https://repo.maven.apache.org/maven2/com/basquin/basquin-quarkus-deployment/0.3.0/basquin-quarkus-deployment-0.3.0.pom
[INFO] Downloaded from central: https://repo.maven.apache.org/maven2/io/quarkus/quarkus-arc-deployment/3.37.3/quarkus-arc-deployment-3.37.3.pom (3.5 kB at 53 kB/s)
[INFO] Downloaded from central: https://repo.maven.apache.org/maven2/io/quarkus/quarkus-rest-deployment/3.37.3/quarkus-rest-deployment-3.37.3.pom (5.8 kB at 70 kB/s)
[INFO] Downloading from central: https://repo.maven.apache.org/maven2/io/quarkus/quarkus-smallrye-context-propagation-spi/3.37.3/quarkus-smallrye-context-propagation-spi-3.37.3.pom
[INFO] Downloading from central: https://repo.maven.apache.org/maven2/io/quarkus/resteasy/reactive/resteasy-reactive-processor/3.37.3/resteasy-reactive-processor-3.37.3.pom
[INFO] Downloaded from central: https://repo.maven.apache.org/maven2/io/quarkus/quarkus-smallrye-context-propagation-spi/3.37.3/quarkus-smallrye-context-propagation-spi-3.37.3.pom (1.0 kB at 15 kB/s)
[INFO] Downloading from basquin-injected: http://localhost:8010/com/basquin/basquin-quarkus-deployment/0.3.0/basquin-quarkus-deployment-0.3.0.pom
[INFO] Downloading from central: https://repo.maven.apache.org/maven2/io/quarkus/quarkus-devui-deployment-spi/3.37.3/quarkus-devui-deployment-spi-3.37.3.pom
[INFO] Downloaded from central: https://repo.maven.apache.org/maven2/io/quarkus/resteasy/reactive/resteasy-reactive-processor/3.37.3/resteasy-reactive-processor-3.37.3.pom (2.8 kB at 30 kB/s)
[INFO] Downloaded from basquin-injected: http://localhost:8010/com/basquin/basquin-quarkus-deployment/0.3.0/basquin-quarkus-deployment-0.3.0.pom (1.4 kB at 24 kB/s)
[INFO] Downloaded from central: https://repo.maven.apache.org/maven2/io/quarkus/quarkus-devui-deployment-spi/3.37.3/quarkus-devui-deployment-spi-3.37.3.pom (796 B at 12 kB/s)
[INFO] Downloading from central: https://repo.maven.apache.org/maven2/io/quarkus/resteasy/reactive/resteasy-reactive-common-processor/3.37.3/resteasy-reactive-common-processor-3.37.3.pom
[INFO] Downloading from central: https://repo.maven.apache.org/maven2/io/quarkus/quarkus-vertx-http-deployment/3.37.3/quarkus-vertx-http-deployment-3.37.3.pom
[INFO] Downloading from central: https://repo.maven.apache.org/maven2/io/quarkus/quarkus-devui-parent/3.37.3/quarkus-devui-parent-3.37.3.pom
[INFO] Downloaded from central: https://repo.maven.apache.org/maven2/io/quarkus/resteasy/reactive/resteasy-reactive-common-processor/3.37.3/resteasy-reactive-common-processor-3.37.3.pom (2.1 kB at 24 kB/s)
[INFO] Downloaded from central: https://repo.maven.apache.org/maven2/io/quarkus/quarkus-vertx-http-deployment/3.37.3/quarkus-vertx-http-deployment-3.37.3.pom (6.0 kB at 84 kB/s)
[INFO] Downloaded from central: https://repo.maven.apache.org/maven2/io/quarkus/quarkus-devui-parent/3.37.3/quarkus-devui-parent-3.37.3.pom (879 B at 13 kB/s)
[INFO] Downloading from central: https://repo.maven.apache.org/maven2/io/quarkus/quarkus-vertx-deployment/3.37.3/quarkus-vertx-deployment-3.37.3.pom
[INFO] Downloading from central: https://repo.maven.apache.org/maven2/io/quarkus/quarkus-arc-dev/3.37.3/quarkus-arc-dev-3.37.3.pom
[INFO] Downloaded from central: https://repo.maven.apache.org/maven2/io/quarkus/quarkus-vertx-deployment/3.37.3/quarkus-vertx-deployment-3.37.3.pom (3.8 kB at 49 kB/s)
[INFO] Downloaded from central: https://repo.maven.apache.org/maven2/io/quarkus/quarkus-arc-dev/3.37.3/quarkus-arc-dev-3.37.3.pom (823 B at 12 kB/s)
[INFO] Downloading from central: https://repo.maven.apache.org/maven2/io/quarkus/arc/arc-processor/3.37.3/arc-processor-3.37.3.pom
[INFO] Downloaded from central: https://repo.maven.apache.org/maven2/io/quarkus/arc/arc-processor/3.37.3/arc-processor-3.37.3.pom (3.4 kB at 42 kB/s)
[INFO] Downloading from central: https://repo.maven.apache.org/maven2/io/quarkus/quarkus-arc-test-supplement/3.37.3/quarkus-arc-test-supplement-3.37.3.pom
[INFO] Downloaded from central: https://repo.maven.apache.org/maven2/io/quarkus/quarkus-arc-test-supplement/3.37.3/quarkus-arc-test-supplement-3.37.3.pom (833 B at 12 kB/s)
[INFO] Downloading from central: https://repo.maven.apache.org/maven2/io/quarkus/quarkus-arc-test-supplement-decorator/3.37.3/quarkus-arc-test-supplement-decorator-3.37.3.pom
[INFO] Downloaded from central: https://repo.maven.apache.org/maven2/io/quarkus/quarkus-arc-test-supplement-decorator/3.37.3/quarkus-arc-test-supplement-decorator-3.37.3.pom (1.3 kB at 20 kB/s)
[INFO] Downloading from central: https://repo.maven.apache.org/maven2/io/quarkus/quarkus-tls-registry-deployment-spi/3.37.3/quarkus-tls-registry-deployment-spi-3.37.3.pom
[INFO] Downloaded from central: https://repo.maven.apache.org/maven2/io/quarkus/quarkus-tls-registry-deployment-spi/3.37.3/quarkus-tls-registry-deployment-spi-3.37.3.pom (1.1 kB at 15 kB/s)
[INFO] Downloading from central: https://repo.maven.apache.org/maven2/io/quarkus/quarkus-netty-deployment/3.37.3/quarkus-netty-deployment-3.37.3.pom
[INFO] Downloaded from central: https://repo.maven.apache.org/maven2/io/quarkus/quarkus-netty-deployment/3.37.3/quarkus-netty-deployment-3.37.3.pom (1.9 kB at 25 kB/s)
[INFO] Downloading from central: https://repo.maven.apache.org/maven2/io/quarkus/quarkus-virtual-threads-deployment/3.37.3/quarkus-virtual-threads-deployment-3.37.3.pom
[INFO] Downloaded from central: https://repo.maven.apache.org/maven2/io/quarkus/quarkus-virtual-threads-deployment/3.37.3/quarkus-virtual-threads-deployment-3.37.3.pom (2.0 kB at 32 kB/s)
[INFO] Downloading from central: https://repo.maven.apache.org/maven2/io/quarkus/quarkus-mutiny-deployment/3.37.3/quarkus-mutiny-deployment-3.37.3.pom
[INFO] Downloaded from central: https://repo.maven.apache.org/maven2/io/quarkus/quarkus-mutiny-deployment/3.37.3/quarkus-mutiny-deployment-3.37.3.pom (2.2 kB at 32 kB/s)
[INFO] Downloading from central: https://repo.maven.apache.org/maven2/io/quarkus/quarkus-smallrye-context-propagation-deployment/3.37.3/quarkus-smallrye-context-propagation-deployment-3.37.3.pom
[INFO] Downloaded from central: https://repo.maven.apache.org/maven2/io/quarkus/quarkus-smallrye-context-propagation-deployment/3.37.3/quarkus-smallrye-context-propagation-deployment-3.37.3.pom (2.3 kB at 34 kB/s)
[INFO] Downloading from central: https://repo.maven.apache.org/maven2/io/quarkus/quarkus-jackson-spi/3.37.3/quarkus-jackson-spi-3.37.3.pom
[INFO] Downloaded from central: https://repo.maven.apache.org/maven2/io/quarkus/quarkus-jackson-spi/3.37.3/quarkus-jackson-spi-3.37.3.pom (830 B at 12 kB/s)
[INFO] Downloading from central: https://repo.maven.apache.org/maven2/io/quarkus/quarkus-jackson-parent/3.37.3/quarkus-jackson-parent-3.37.3.pom
[INFO] Downloaded from central: https://repo.maven.apache.org/maven2/io/quarkus/quarkus-jackson-parent/3.37.3/quarkus-jackson-parent-3.37.3.pom (766 B at 12 kB/s)
[INFO] Downloading from central: https://repo.maven.apache.org/maven2/io/quarkus/quarkus-vertx-deployment-spi/3.37.3/quarkus-vertx-deployment-spi-3.37.3.pom
[INFO] Downloaded from central: https://repo.maven.apache.org/maven2/io/quarkus/quarkus-vertx-deployment-spi/3.37.3/quarkus-vertx-deployment-spi-3.37.3.pom (904 B at 14 kB/s)
[INFO] Downloading from central: https://repo.maven.apache.org/maven2/io/quarkus/quarkus-vertx-http-deployment-spi/3.37.3/quarkus-vertx-http-deployment-spi-3.37.3.pom
[INFO] Downloaded from central: https://repo.maven.apache.org/maven2/io/quarkus/quarkus-vertx-http-deployment-spi/3.37.3/quarkus-vertx-http-deployment-spi-3.37.3.pom (957 B at 13 kB/s)
[INFO] Downloading from central: https://repo.maven.apache.org/maven2/io/quarkus/quarkus-tls-registry-deployment/3.37.3/quarkus-tls-registry-deployment-3.37.3.pom
[INFO] Downloaded from central: https://repo.maven.apache.org/maven2/io/quarkus/quarkus-tls-registry-deployment/3.37.3/quarkus-tls-registry-deployment-3.37.3.pom (3.7 kB at 54 kB/s)
[INFO] Downloading from central: https://repo.maven.apache.org/maven2/io/quarkus/quarkus-credentials-deployment/3.37.3/quarkus-credentials-deployment-3.37.3.pom
[INFO] Downloaded from central: https://repo.maven.apache.org/maven2/io/quarkus/quarkus-credentials-deployment/3.37.3/quarkus-credentials-deployment-3.37.3.pom (1.9 kB at 29 kB/s)
[INFO] Downloading from central: https://repo.maven.apache.org/maven2/io/quarkus/quarkus-kubernetes-spi/3.37.3/quarkus-kubernetes-spi-3.37.3.pom
[INFO] Downloaded from central: https://repo.maven.apache.org/maven2/io/quarkus/quarkus-kubernetes-spi/3.37.3/quarkus-kubernetes-spi-3.37.3.pom (1.2 kB at 20 kB/s)
[INFO] Downloading from central: https://repo.maven.apache.org/maven2/io/quarkus/quarkus-kubernetes-parent/3.37.3/quarkus-kubernetes-parent-3.37.3.pom
[INFO] Downloaded from central: https://repo.maven.apache.org/maven2/io/quarkus/quarkus-kubernetes-parent/3.37.3/quarkus-kubernetes-parent-3.37.3.pom (834 B at 13 kB/s)
[INFO] Downloading from central: https://repo.maven.apache.org/maven2/io/quarkus/quarkus-security-spi/3.37.3/quarkus-security-spi-3.37.3.pom
[INFO] Downloaded from central: https://repo.maven.apache.org/maven2/io/quarkus/quarkus-security-spi/3.37.3/quarkus-security-spi-3.37.3.pom (1.7 kB at 26 kB/s)
[INFO] Downloading from central: https://repo.maven.apache.org/maven2/io/quarkus/quarkus-rest-dev/3.37.3/quarkus-rest-dev-3.37.3.pom
[INFO] Downloaded from central: https://repo.maven.apache.org/maven2/io/quarkus/quarkus-rest-dev/3.37.3/quarkus-rest-dev-3.37.3.pom (972 B at 14 kB/s)
[INFO] Downloading from central: https://repo.maven.apache.org/maven2/io/quarkus/quarkus-rest-server-spi-deployment/3.37.3/quarkus-rest-server-spi-deployment-3.37.3.pom
[INFO] Downloaded from central: https://repo.maven.apache.org/maven2/io/quarkus/quarkus-rest-server-spi-deployment/3.37.3/quarkus-rest-server-spi-deployment-3.37.3.pom (954 B at 14 kB/s)
[INFO] Downloading from central: https://repo.maven.apache.org/maven2/io/quarkus/quarkus-rest-spi-deployment/3.37.3/quarkus-rest-spi-deployment-3.37.3.pom
[INFO] Downloaded from central: https://repo.maven.apache.org/maven2/io/quarkus/quarkus-rest-spi-deployment/3.37.3/quarkus-rest-spi-deployment-3.37.3.pom (896 B at 14 kB/s)
[INFO] Downloading from central: https://repo.maven.apache.org/maven2/io/quarkus/quarkus-jaxrs-spi-deployment/3.37.3/quarkus-jaxrs-spi-deployment-3.37.3.pom
[INFO] Downloaded from central: https://repo.maven.apache.org/maven2/io/quarkus/quarkus-jaxrs-spi-deployment/3.37.3/quarkus-jaxrs-spi-deployment-3.37.3.pom (774 B at 12 kB/s)
[INFO] Downloading from central: https://repo.maven.apache.org/maven2/io/quarkus/quarkus-jaxrs-spi-parent/3.37.3/quarkus-jaxrs-spi-parent-3.37.3.pom
[INFO] Downloaded from central: https://repo.maven.apache.org/maven2/io/quarkus/quarkus-jaxrs-spi-parent/3.37.3/quarkus-jaxrs-spi-parent-3.37.3.pom (718 B at 10 kB/s)
[INFO] Downloading from central: https://repo.maven.apache.org/maven2/io/quarkus/quarkus-jsonp-deployment/3.37.3/quarkus-jsonp-deployment-3.37.3.pom
[INFO] Downloaded from central: https://repo.maven.apache.org/maven2/io/quarkus/quarkus-jsonp-deployment/3.37.3/quarkus-jsonp-deployment-3.37.3.pom (1.7 kB at 24 kB/s)
[INFO] Downloading from central: https://repo.maven.apache.org/maven2/io/quarkus/quarkus-rest-common-deployment/3.37.3/quarkus-rest-common-deployment-3.37.3.pom
[INFO] Downloaded from central: https://repo.maven.apache.org/maven2/io/quarkus/quarkus-rest-common-deployment/3.37.3/quarkus-rest-common-deployment-3.37.3.pom (3.9 kB at 55 kB/s)
[INFO] Downloading from central: https://repo.maven.apache.org/maven2/io/quarkus/quarkus-rest-deployment/3.37.3/quarkus-rest-deployment-3.37.3.jar
[INFO] Downloading from central: https://repo.maven.apache.org/maven2/io/quarkus/resteasy/reactive/resteasy-reactive-common-processor/3.37.3/resteasy-reactive-common-processor-3.37.3.jar
[INFO] Downloading from central: https://repo.maven.apache.org/maven2/io/quarkus/resteasy/reactive/resteasy-reactive-processor/3.37.3/resteasy-reactive-processor-3.37.3.jar
[INFO] Downloading from central: https://repo.maven.apache.org/maven2/io/quarkus/quarkus-vertx-http-deployment/3.37.3/quarkus-vertx-http-deployment-3.37.3.jar
[INFO] Downloading from central: https://repo.maven.apache.org/maven2/io/quarkus/quarkus-netty-deployment/3.37.3/quarkus-netty-deployment-3.37.3.jar
[INFO] Downloading from central: https://repo.maven.apache.org/maven2/io/quarkus/quarkus-tls-registry-deployment-spi/3.37.3/quarkus-tls-registry-deployment-spi-3.37.3.jar
[INFO] Downloading from central: https://repo.maven.apache.org/maven2/io/quarkus/quarkus-vertx-deployment/3.37.3/quarkus-vertx-deployment-3.37.3.jar
[INFO] Downloaded from central: https://repo.maven.apache.org/maven2/io/quarkus/quarkus-rest-deployment/3.37.3/quarkus-rest-deployment-3.37.3.jar (163 kB at 2.0 MB/s)
[INFO] Downloaded from central: https://repo.maven.apache.org/maven2/io/quarkus/resteasy/reactive/resteasy-reactive-processor/3.37.3/resteasy-reactive-processor-3.37.3.jar (153 kB at 1.9 MB/s)
[INFO] Downloaded from central: https://repo.maven.apache.org/maven2/io/quarkus/quarkus-netty-deployment/3.37.3/quarkus-netty-deployment-3.37.3.jar (38 kB at 485 kB/s)
[INFO] Downloaded from central: https://repo.maven.apache.org/maven2/io/quarkus/resteasy/reactive/resteasy-reactive-common-processor/3.37.3/resteasy-reactive-common-processor-3.37.3.jar (131 kB at 1.5 MB/s)
[INFO] Downloaded from central: https://repo.maven.apache.org/maven2/io/quarkus/quarkus-vertx-http-deployment/3.37.3/quarkus-vertx-http-deployment-3.37.3.jar (148 kB at 1.7 MB/s)
[INFO] Downloading from central: https://repo.maven.apache.org/maven2/io/quarkus/quarkus-jackson-spi/3.37.3/quarkus-jackson-spi-3.37.3.jar
[INFO] Downloading from central: https://repo.maven.apache.org/maven2/io/quarkus/quarkus-vertx-deployment-spi/3.37.3/quarkus-vertx-deployment-spi-3.37.3.jar
[INFO] Downloading from central: https://repo.maven.apache.org/maven2/io/quarkus/quarkus-vertx-http-deployment-spi/3.37.3/quarkus-vertx-http-deployment-spi-3.37.3.jar
[INFO] Downloading from central: https://repo.maven.apache.org/maven2/io/quarkus/quarkus-mutiny-deployment/3.37.3/quarkus-mutiny-deployment-3.37.3.jar
[INFO] Downloading from central: https://repo.maven.apache.org/maven2/io/quarkus/quarkus-smallrye-context-propagation-deployment/3.37.3/quarkus-smallrye-context-propagation-deployment-3.37.3.jar
[INFO] Downloaded from central: https://repo.maven.apache.org/maven2/io/quarkus/quarkus-vertx-deployment-spi/3.37.3/quarkus-vertx-deployment-spi-3.37.3.jar (7.1 kB at 96 kB/s)
[INFO] Downloaded from central: https://repo.maven.apache.org/maven2/io/quarkus/quarkus-mutiny-deployment/3.37.3/quarkus-mutiny-deployment-3.37.3.jar (17 kB at 221 kB/s)
[INFO] Downloaded from central: https://repo.maven.apache.org/maven2/io/quarkus/quarkus-smallrye-context-propagation-deployment/3.37.3/quarkus-smallrye-context-propagation-deployment-3.37.3.jar (25 kB at 320 kB/s)
[INFO] Downloaded from central: https://repo.maven.apache.org/maven2/io/quarkus/quarkus-vertx-http-deployment-spi/3.37.3/quarkus-vertx-http-deployment-spi-3.37.3.jar (18 kB at 228 kB/s)
[INFO] Downloaded from central: https://repo.maven.apache.org/maven2/io/quarkus/quarkus-jackson-spi/3.37.3/quarkus-jackson-spi-3.37.3.jar (9.7 kB at 111 kB/s)
[INFO] Downloading from central: https://repo.maven.apache.org/maven2/io/quarkus/quarkus-tls-registry-deployment/3.37.3/quarkus-tls-registry-deployment-3.37.3.jar
[INFO] Downloading from central: https://repo.maven.apache.org/maven2/io/quarkus/quarkus-credentials-deployment/3.37.3/quarkus-credentials-deployment-3.37.3.jar
[INFO] Downloading from central: https://repo.maven.apache.org/maven2/io/quarkus/quarkus-kubernetes-spi/3.37.3/quarkus-kubernetes-spi-3.37.3.jar
[INFO] Downloading from central: https://repo.maven.apache.org/maven2/io/quarkus/quarkus-devui-deployment-spi/3.37.3/quarkus-devui-deployment-spi-3.37.3.jar
[INFO] Downloading from central: https://repo.maven.apache.org/maven2/io/quarkus/quarkus-rest-dev/3.37.3/quarkus-rest-dev-3.37.3.jar
[INFO] Downloaded from central: https://repo.maven.apache.org/maven2/io/quarkus/quarkus-tls-registry-deployment/3.37.3/quarkus-tls-registry-deployment-3.37.3.jar (16 kB at 185 kB/s)
[INFO] Downloaded from central: https://repo.maven.apache.org/maven2/io/quarkus/quarkus-credentials-deployment/3.37.3/quarkus-credentials-deployment-3.37.3.jar (9.5 kB at 112 kB/s)
[INFO] Downloaded from central: https://repo.maven.apache.org/maven2/io/quarkus/quarkus-rest-dev/3.37.3/quarkus-rest-dev-3.37.3.jar (10 kB at 125 kB/s)
[INFO] Downloaded from central: https://repo.maven.apache.org/maven2/io/quarkus/quarkus-kubernetes-spi/3.37.3/quarkus-kubernetes-spi-3.37.3.jar (43 kB at 510 kB/s)
[INFO] Downloaded from central: https://repo.maven.apache.org/maven2/io/quarkus/quarkus-devui-deployment-spi/3.37.3/quarkus-devui-deployment-spi-3.37.3.jar (72 kB at 848 kB/s)
[INFO] Downloading from central: https://repo.maven.apache.org/maven2/io/quarkus/quarkus-rest-server-spi-deployment/3.37.3/quarkus-rest-server-spi-deployment-3.37.3.jar
[INFO] Downloaded from central: https://repo.maven.apache.org/maven2/io/quarkus/quarkus-tls-registry-deployment-spi/3.37.3/quarkus-tls-registry-deployment-spi-3.37.3.jar (7.7 kB at 20 kB/s)
[INFO] Downloading from central: https://repo.maven.apache.org/maven2/io/quarkus/quarkus-rest-spi-deployment/3.37.3/quarkus-rest-spi-deployment-3.37.3.jar
[INFO] Downloading from central: https://repo.maven.apache.org/maven2/io/quarkus/quarkus-jaxrs-spi-deployment/3.37.3/quarkus-jaxrs-spi-deployment-3.37.3.jar
[INFO] Downloading from central: https://repo.maven.apache.org/maven2/io/quarkus/quarkus-security-spi/3.37.3/quarkus-security-spi-3.37.3.jar
[INFO] Downloading from central: https://repo.maven.apache.org/maven2/io/quarkus/quarkus-jsonp-deployment/3.37.3/quarkus-jsonp-deployment-3.37.3.jar
[INFO] Downloaded from central: https://repo.maven.apache.org/maven2/io/quarkus/quarkus-vertx-deployment/3.37.3/quarkus-vertx-deployment-3.37.3.jar (57 kB at 140 kB/s)
[INFO] Downloading from central: https://repo.maven.apache.org/maven2/io/quarkus/quarkus-rest-common-deployment/3.37.3/quarkus-rest-common-deployment-3.37.3.jar
[INFO] Downloading from central: https://repo.maven.apache.org/maven2/io/quarkus/quarkus-virtual-threads-deployment/3.37.3/quarkus-virtual-threads-deployment-3.37.3.jar
[INFO] Downloaded from central: https://repo.maven.apache.org/maven2/io/quarkus/quarkus-rest-server-spi-deployment/3.37.3/quarkus-rest-server-spi-deployment-3.37.3.jar (16 kB at 202 kB/s)
[INFO] Downloaded from central: https://repo.maven.apache.org/maven2/io/quarkus/quarkus-jsonp-deployment/3.37.3/quarkus-jsonp-deployment-3.37.3.jar (10 kB at 139 kB/s)
[INFO] Downloaded from central: https://repo.maven.apache.org/maven2/io/quarkus/quarkus-jaxrs-spi-deployment/3.37.3/quarkus-jaxrs-spi-deployment-3.37.3.jar (7.1 kB at 91 kB/s)
[INFO] Downloaded from central: https://repo.maven.apache.org/maven2/io/quarkus/quarkus-security-spi/3.37.3/quarkus-security-spi-3.37.3.jar (42 kB at 516 kB/s)
[INFO] Downloaded from central: https://repo.maven.apache.org/maven2/io/quarkus/quarkus-rest-spi-deployment/3.37.3/quarkus-rest-spi-deployment-3.37.3.jar (33 kB at 347 kB/s)
[INFO] Downloading from central: https://repo.maven.apache.org/maven2/io/quarkus/quarkus-arc-deployment/3.37.3/quarkus-arc-deployment-3.37.3.jar
[INFO] Downloaded from central: https://repo.maven.apache.org/maven2/io/quarkus/quarkus-virtual-threads-deployment/3.37.3/quarkus-virtual-threads-deployment-3.37.3.jar (11 kB at 115 kB/s)
[INFO] Downloaded from central: https://repo.maven.apache.org/maven2/io/quarkus/quarkus-rest-common-deployment/3.37.3/quarkus-rest-common-deployment-3.37.3.jar (42 kB at 375 kB/s)
[INFO] Downloading from central: https://repo.maven.apache.org/maven2/io/quarkus/quarkus-smallrye-context-propagation-spi/3.37.3/quarkus-smallrye-context-propagation-spi-3.37.3.jar
[INFO] Downloading from central: https://repo.maven.apache.org/maven2/io/quarkus/quarkus-arc-dev/3.37.3/quarkus-arc-dev-3.37.3.jar
[INFO] Downloading from central: https://repo.maven.apache.org/maven2/io/quarkus/quarkus-arc-test-supplement/3.37.3/quarkus-arc-test-supplement-3.37.3.jar
[INFO] Downloading from central: https://repo.maven.apache.org/maven2/io/quarkus/quarkus-arc-test-supplement-decorator/3.37.3/quarkus-arc-test-supplement-decorator-3.37.3.jar
[INFO] Downloading from central: https://repo.maven.apache.org/maven2/io/quarkus/arc/arc-processor/3.37.3/arc-processor-3.37.3.jar
[INFO] Downloading from central: https://repo.maven.apache.org/maven2/com/basquin/basquin-quarkus-deployment/0.3.0/basquin-quarkus-deployment-0.3.0.jar
[INFO] Downloaded from central: https://repo.maven.apache.org/maven2/io/quarkus/quarkus-arc-deployment/3.37.3/quarkus-arc-deployment-3.37.3.jar (343 kB at 4.1 MB/s)
[INFO] Downloaded from central: https://repo.maven.apache.org/maven2/io/quarkus/quarkus-smallrye-context-propagation-spi/3.37.3/quarkus-smallrye-context-propagation-spi-3.37.3.jar (7.4 kB at 97 kB/s)
[INFO] Downloaded from central: https://repo.maven.apache.org/maven2/io/quarkus/quarkus-arc-dev/3.37.3/quarkus-arc-dev-3.37.3.jar (25 kB at 303 kB/s)
[INFO] Downloaded from central: https://repo.maven.apache.org/maven2/io/quarkus/quarkus-arc-test-supplement-decorator/3.37.3/quarkus-arc-test-supplement-decorator-3.37.3.jar (8.4 kB at 105 kB/s)
[INFO] Downloaded from central: https://repo.maven.apache.org/maven2/io/quarkus/quarkus-arc-test-supplement/3.37.3/quarkus-arc-test-supplement-3.37.3.jar (12 kB at 141 kB/s)
[INFO] Downloaded from central: https://repo.maven.apache.org/maven2/io/quarkus/arc/arc-processor/3.37.3/arc-processor-3.37.3.jar (803 kB at 7.2 MB/s)
[INFO] Downloading from basquin-injected: http://localhost:8010/com/basquin/basquin-quarkus-deployment/0.3.0/basquin-quarkus-deployment-0.3.0.jar
[INFO] Downloaded from basquin-injected: http://localhost:8010/com/basquin/basquin-quarkus-deployment/0.3.0/basquin-quarkus-deployment-0.3.0.jar (2.1 kB at 41 kB/s)
[INFO] 
[INFO] --- compiler:3.15.0:compile (default-compile) @ fixture ---
[INFO] Downloading from central: https://repo.maven.apache.org/maven2/org/ow2/asm/asm/9.9.1/asm-9.9.1.pom
[INFO] Downloaded from central: https://repo.maven.apache.org/maven2/org/ow2/asm/asm/9.9.1/asm-9.9.1.pom (2.4 kB at 43 kB/s)
[INFO] Downloading from central: https://repo.maven.apache.org/maven2/org/apache/maven/shared/maven-shared-incremental/1.1/maven-shared-incremental-1.1.pom
[INFO] Downloaded from central: https://repo.maven.apache.org/maven2/org/apache/maven/shared/maven-shared-incremental/1.1/maven-shared-incremental-1.1.pom (4.7 kB at 73 kB/s)
[INFO] Downloading from central: https://repo.maven.apache.org/maven2/org/apache/maven/shared/maven-shared-components/19/maven-shared-components-19.pom
[INFO] Downloaded from central: https://repo.maven.apache.org/maven2/org/apache/maven/shared/maven-shared-components/19/maven-shared-components-19.pom (6.4 kB at 96 kB/s)
[INFO] Downloading from central: https://repo.maven.apache.org/maven2/org/apache/maven/maven-parent/23/maven-parent-23.pom
[INFO] Downloaded from central: https://repo.maven.apache.org/maven2/org/apache/maven/maven-parent/23/maven-parent-23.pom (33 kB at 459 kB/s)
[INFO] Downloading from central: https://repo.maven.apache.org/maven2/org/apache/apache/13/apache-13.pom
[INFO] Downloaded from central: https://repo.maven.apache.org/maven2/org/apache/apache/13/apache-13.pom (14 kB at 186 kB/s)
[INFO] Downloading from central: https://repo.maven.apache.org/maven2/org/codehaus/plexus/plexus-java/1.5.2/plexus-java-1.5.2.pom
[INFO] Downloaded from central: https://repo.maven.apache.org/maven2/org/codehaus/plexus/plexus-java/1.5.2/plexus-java-1.5.2.pom (4.1 kB at 55 kB/s)
[INFO] Downloading from central: https://repo.maven.apache.org/maven2/org/codehaus/plexus/plexus-languages/1.5.2/plexus-languages-1.5.2.pom
[INFO] Downloaded from central: https://repo.maven.apache.org/maven2/org/codehaus/plexus/plexus-languages/1.5.2/plexus-languages-1.5.2.pom (3.9 kB at 54 kB/s)
[INFO] Downloading from central: https://repo.maven.apache.org/maven2/org/codehaus/plexus/plexus/24/plexus-24.pom
[INFO] Downloaded from central: https://repo.maven.apache.org/maven2/org/codehaus/plexus/plexus/24/plexus-24.pom (31 kB at 378 kB/s)
[INFO] Downloading from central: https://repo.maven.apache.org/maven2/com/thoughtworks/qdox/qdox/2.2.0/qdox-2.2.0.pom
[INFO] Downloaded from central: https://repo.maven.apache.org/maven2/com/thoughtworks/qdox/qdox/2.2.0/qdox-2.2.0.pom (18 kB at 208 kB/s)
[INFO] Downloading from central: https://repo.maven.apache.org/maven2/org/codehaus/plexus/plexus-compiler-api/2.16.2/plexus-compiler-api-2.16.2.pom
[INFO] Downloaded from central: https://repo.maven.apache.org/maven2/org/codehaus/plexus/plexus-compiler-api/2.16.2/plexus-compiler-api-2.16.2.pom (1.4 kB at 21 kB/s)
[INFO] Downloading from central: https://repo.maven.apache.org/maven2/org/codehaus/plexus/plexus-compiler/2.16.2/plexus-compiler-2.16.2.pom
[INFO] Downloaded from central: https://repo.maven.apache.org/maven2/org/codehaus/plexus/plexus-compiler/2.16.2/plexus-compiler-2.16.2.pom (7.5 kB at 116 kB/s)
[INFO] Downloading from central: https://repo.maven.apache.org/maven2/org/codehaus/plexus/plexus-utils/4.0.2/plexus-utils-4.0.2.pom
[INFO] Downloaded from central: https://repo.maven.apache.org/maven2/org/codehaus/plexus/plexus-utils/4.0.2/plexus-utils-4.0.2.pom (13 kB at 246 kB/s)
[INFO] Downloading from central: https://repo.maven.apache.org/maven2/org/codehaus/plexus/plexus-compiler-manager/2.16.2/plexus-compiler-manager-2.16.2.pom
[INFO] Downloaded from central: https://repo.maven.apache.org/maven2/org/codehaus/plexus/plexus-compiler-manager/2.16.2/plexus-compiler-manager-2.16.2.pom (1.3 kB at 18 kB/s)
[INFO] Downloading from central: https://repo.maven.apache.org/maven2/org/codehaus/plexus/plexus-xml/3.0.1/plexus-xml-3.0.1.pom
[INFO] Downloaded from central: https://repo.maven.apache.org/maven2/org/codehaus/plexus/plexus-xml/3.0.1/plexus-xml-3.0.1.pom (3.7 kB at 66 kB/s)
[INFO] Downloading from central: https://repo.maven.apache.org/maven2/org/codehaus/plexus/plexus/18/plexus-18.pom
[INFO] Downloaded from central: https://repo.maven.apache.org/maven2/org/codehaus/plexus/plexus/18/plexus-18.pom (29 kB at 450 kB/s)
[INFO] Downloading from central: https://repo.maven.apache.org/maven2/org/junit/junit-bom/5.10.2/junit-bom-5.10.2.pom
[INFO] Downloaded from central: https://repo.maven.apache.org/maven2/org/junit/junit-bom/5.10.2/junit-bom-5.10.2.pom (5.6 kB at 90 kB/s)
[INFO] Downloading from central: https://repo.maven.apache.org/maven2/org/codehaus/plexus/plexus-compiler-javac/2.16.2/plexus-compiler-javac-2.16.2.pom
[INFO] Downloaded from central: https://repo.maven.apache.org/maven2/org/codehaus/plexus/plexus-compiler-javac/2.16.2/plexus-compiler-javac-2.16.2.pom (1.3 kB at 20 kB/s)
[INFO] Downloading from central: https://repo.maven.apache.org/maven2/org/codehaus/plexus/plexus-compilers/2.16.2/plexus-compilers-2.16.2.pom
[INFO] Downloaded from central: https://repo.maven.apache.org/maven2/org/codehaus/plexus/plexus-compilers/2.16.2/plexus-compilers-2.16.2.pom (1.6 kB at 25 kB/s)
[INFO] Downloading from central: https://repo.maven.apache.org/maven2/org/ow2/asm/asm/9.9.1/asm-9.9.1.jar
[INFO] Downloaded from central: https://repo.maven.apache.org/maven2/org/ow2/asm/asm/9.9.1/asm-9.9.1.jar (126 kB at 2.1 MB/s)
[INFO] Downloading from central: https://repo.maven.apache.org/maven2/org/apache/maven/shared/maven-shared-incremental/1.1/maven-shared-incremental-1.1.jar
[INFO] Downloading from central: https://repo.maven.apache.org/maven2/org/codehaus/plexus/plexus-java/1.5.2/plexus-java-1.5.2.jar
[INFO] Downloading from central: https://repo.maven.apache.org/maven2/com/thoughtworks/qdox/qdox/2.2.0/qdox-2.2.0.jar
[INFO] Downloading from central: https://repo.maven.apache.org/maven2/org/codehaus/plexus/plexus-compiler-api/2.16.2/plexus-compiler-api-2.16.2.jar
[INFO] Downloading from central: https://repo.maven.apache.org/maven2/org/codehaus/plexus/plexus-compiler-manager/2.16.2/plexus-compiler-manager-2.16.2.jar
[INFO] Downloaded from central: https://repo.maven.apache.org/maven2/org/apache/maven/shared/maven-shared-incremental/1.1/maven-shared-incremental-1.1.jar (14 kB at 188 kB/s)
[INFO] Downloading from central: https://repo.maven.apache.org/maven2/org/codehaus/plexus/plexus-xml/3.0.1/plexus-xml-3.0.1.jar
[INFO] Downloaded from central: https://repo.maven.apache.org/maven2/org/codehaus/plexus/plexus-compiler-api/2.16.2/plexus-compiler-api-2.16.2.jar (29 kB at 398 kB/s)
[INFO] Downloading from central: https://repo.maven.apache.org/maven2/org/codehaus/plexus/plexus-compiler-javac/2.16.2/plexus-compiler-javac-2.16.2.jar
[INFO] Downloaded from central: https://repo.maven.apache.org/maven2/org/codehaus/plexus/plexus-java/1.5.2/plexus-java-1.5.2.jar (57 kB at 755 kB/s)
[INFO] Downloading from central: https://repo.maven.apache.org/maven2/org/codehaus/plexus/plexus-utils/4.0.2/plexus-utils-4.0.2.jar
[INFO] Downloaded from central: https://repo.maven.apache.org/maven2/org/codehaus/plexus/plexus-compiler-manager/2.16.2/plexus-compiler-manager-2.16.2.jar (5.2 kB at 67 kB/s)
[INFO] Downloaded from central: https://repo.maven.apache.org/maven2/org/codehaus/plexus/plexus-xml/3.0.1/plexus-xml-3.0.1.jar (94 kB at 684 kB/s)
[INFO] Downloaded from central: https://repo.maven.apache.org/maven2/com/thoughtworks/qdox/qdox/2.2.0/qdox-2.2.0.jar (353 kB at 2.4 MB/s)
[INFO] Downloaded from central: https://repo.maven.apache.org/maven2/org/codehaus/plexus/plexus-compiler-javac/2.16.2/plexus-compiler-javac-2.16.2.jar (30 kB at 203 kB/s)
[INFO] Downloaded from central: https://repo.maven.apache.org/maven2/org/codehaus/plexus/plexus-utils/4.0.2/plexus-utils-4.0.2.jar (193 kB at 1.3 MB/s)
[INFO] Recompiling the module because of changed source code.
[INFO] Compiling 5 source files with javac [debug parameters release 25] to target/classes
[INFO] 
[INFO] --- jacoco:0.8.15:instrument (offline-instrument) @ fixture ---
[INFO] Downloading from central: https://repo.maven.apache.org/maven2/org/codehaus/plexus/plexus-utils/3.0.24/plexus-utils-3.0.24.pom
[INFO] Downloaded from central: https://repo.maven.apache.org/maven2/org/codehaus/plexus/plexus-utils/3.0.24/plexus-utils-3.0.24.pom (4.1 kB at 76 kB/s)
[INFO] Downloading from central: https://repo.maven.apache.org/maven2/org/codehaus/plexus/plexus/4.0/plexus-4.0.pom
[INFO] Downloaded from central: https://repo.maven.apache.org/maven2/org/codehaus/plexus/plexus/4.0/plexus-4.0.pom (22 kB at 307 kB/s)
[INFO] Downloading from central: https://repo.maven.apache.org/maven2/org/sonatype/forge/forge-parent/10/forge-parent-10.pom
[INFO] Downloaded from central: https://repo.maven.apache.org/maven2/org/sonatype/forge/forge-parent/10/forge-parent-10.pom (14 kB at 197 kB/s)
[INFO] Downloading from central: https://repo.maven.apache.org/maven2/org/apache/maven/shared/file-management/3.2.0/file-management-3.2.0.pom
[INFO] Downloaded from central: https://repo.maven.apache.org/maven2/org/apache/maven/shared/file-management/3.2.0/file-management-3.2.0.pom (4.5 kB at 62 kB/s)
[INFO] Downloading from central: https://repo.maven.apache.org/maven2/org/apache/maven/shared/maven-shared-components/44/maven-shared-components-44.pom
[INFO] Downloaded from central: https://repo.maven.apache.org/maven2/org/apache/maven/shared/maven-shared-components/44/maven-shared-components-44.pom (3.8 kB at 56 kB/s)
[INFO] Downloading from central: https://repo.maven.apache.org/maven2/org/apache/maven/maven-parent/44/maven-parent-44.pom
[INFO] Downloaded from central: https://repo.maven.apache.org/maven2/org/apache/maven/maven-parent/44/maven-parent-44.pom (52 kB at 637 kB/s)
[INFO] Downloading from central: https://repo.maven.apache.org/maven2/org/apache/apache/34/apache-34.pom
[INFO] Downloaded from central: https://repo.maven.apache.org/maven2/org/apache/apache/34/apache-34.pom (24 kB at 332 kB/s)
[INFO] Downloading from central: https://repo.maven.apache.org/maven2/commons-io/commons-io/2.19.0/commons-io-2.19.0.pom
[INFO] Downloaded from central: https://repo.maven.apache.org/maven2/commons-io/commons-io/2.19.0/commons-io-2.19.0.pom (21 kB at 333 kB/s)
[INFO] Downloading from central: https://repo.maven.apache.org/maven2/org/apache/maven/reporting/maven-reporting-api/3.0/maven-reporting-api-3.0.pom
[INFO] Downloaded from central: https://repo.maven.apache.org/maven2/org/apache/maven/reporting/maven-reporting-api/3.0/maven-reporting-api-3.0.pom (2.4 kB at 31 kB/s)
[INFO] Downloading from central: https://repo.maven.apache.org/maven2/org/apache/maven/shared/maven-shared-components/15/maven-shared-components-15.pom
[INFO] Downloaded from central: https://repo.maven.apache.org/maven2/org/apache/maven/shared/maven-shared-components/15/maven-shared-components-15.pom (9.3 kB at 132 kB/s)
[INFO] Downloading from central: https://repo.maven.apache.org/maven2/org/apache/maven/maven-parent/16/maven-parent-16.pom
[INFO] Downloaded from central: https://repo.maven.apache.org/maven2/org/apache/maven/maven-parent/16/maven-parent-16.pom (23 kB at 328 kB/s)
[INFO] Downloading from central: https://repo.maven.apache.org/maven2/org/apache/apache/7/apache-7.pom
[INFO] Downloaded from central: https://repo.maven.apache.org/maven2/org/apache/apache/7/apache-7.pom (14 kB at 215 kB/s)
[INFO] Downloading from central: https://repo.maven.apache.org/maven2/org/apache/maven/doxia/doxia-sink-api/1.0/doxia-sink-api-1.0.pom
[INFO] Downloaded from central: https://repo.maven.apache.org/maven2/org/apache/maven/doxia/doxia-sink-api/1.0/doxia-sink-api-1.0.pom (1.4 kB at 18 kB/s)
[INFO] Downloading from central: https://repo.maven.apache.org/maven2/org/apache/maven/doxia/doxia/1.0/doxia-1.0.pom
[INFO] Downloaded from central: https://repo.maven.apache.org/maven2/org/apache/maven/doxia/doxia/1.0/doxia-1.0.pom (9.6 kB at 130 kB/s)
[INFO] Downloading from central: https://repo.maven.apache.org/maven2/org/apache/maven/maven-parent/10/maven-parent-10.pom
[INFO] Downloaded from central: https://repo.maven.apache.org/maven2/org/apache/maven/maven-parent/10/maven-parent-10.pom (32 kB at 395 kB/s)
[INFO] Downloading from central: https://repo.maven.apache.org/maven2/org/apache/apache/4/apache-4.pom
[INFO] Downloaded from central: https://repo.maven.apache.org/maven2/org/apache/apache/4/apache-4.pom (4.5 kB at 76 kB/s)
[INFO] Downloading from central: https://repo.maven.apache.org/maven2/org/jacoco/org.jacoco.core/0.8.15/org.jacoco.core-0.8.15.pom
[INFO] Downloaded from central: https://repo.maven.apache.org/maven2/org/jacoco/org.jacoco.core/0.8.15/org.jacoco.core-0.8.15.pom (2.1 kB at 31 kB/s)
[INFO] Downloading from central: https://repo.maven.apache.org/maven2/org/jacoco/org.jacoco.report/0.8.15/org.jacoco.report-0.8.15.pom
[INFO] Downloaded from central: https://repo.maven.apache.org/maven2/org/jacoco/org.jacoco.report/0.8.15/org.jacoco.report-0.8.15.pom (1.9 kB at 25 kB/s)
[INFO] Downloading from central: https://repo.maven.apache.org/maven2/org/codehaus/plexus/plexus-utils/3.0.24/plexus-utils-3.0.24.jar
[INFO] Downloaded from central: https://repo.maven.apache.org/maven2/org/codehaus/plexus/plexus-utils/3.0.24/plexus-utils-3.0.24.jar (247 kB at 3.7 MB/s)
[INFO] Downloading from central: https://repo.maven.apache.org/maven2/org/apache/maven/shared/file-management/3.2.0/file-management-3.2.0.jar
[INFO] Downloading from central: https://repo.maven.apache.org/maven2/commons-io/commons-io/2.19.0/commons-io-2.19.0.jar
[INFO] Downloading from central: https://repo.maven.apache.org/maven2/org/apache/maven/reporting/maven-reporting-api/3.0/maven-reporting-api-3.0.jar
[INFO] Downloading from central: https://repo.maven.apache.org/maven2/org/apache/maven/doxia/doxia-sink-api/1.0/doxia-sink-api-1.0.jar
[INFO] Downloading from central: https://repo.maven.apache.org/maven2/org/jacoco/org.jacoco.core/0.8.15/org.jacoco.core-0.8.15.jar
[INFO] Downloaded from central: https://repo.maven.apache.org/maven2/org/apache/maven/shared/file-management/3.2.0/file-management-3.2.0.jar (26 kB at 345 kB/s)
[INFO] Downloading from central: https://repo.maven.apache.org/maven2/org/jacoco/org.jacoco.report/0.8.15/org.jacoco.report-0.8.15.jar
[INFO] Downloaded from central: https://repo.maven.apache.org/maven2/org/jacoco/org.jacoco.core/0.8.15/org.jacoco.core-0.8.15.jar (235 kB at 2.6 MB/s)
[INFO] Downloaded from central: https://repo.maven.apache.org/maven2/commons-io/commons-io/2.19.0/commons-io-2.19.0.jar (556 kB at 6.2 MB/s)
[INFO] Downloaded from central: https://repo.maven.apache.org/maven2/org/apache/maven/doxia/doxia-sink-api/1.0/doxia-sink-api-1.0.jar (10 kB at 108 kB/s)
[INFO] Downloaded from central: https://repo.maven.apache.org/maven2/org/apache/maven/reporting/maven-reporting-api/3.0/maven-reporting-api-3.0.jar (11 kB at 116 kB/s)
[INFO] Downloaded from central: https://repo.maven.apache.org/maven2/org/jacoco/org.jacoco.report/0.8.15/org.jacoco.report-0.8.15.jar (131 kB at 917 kB/s)
[INFO] 
[INFO] --- resources:3.3.1:testResources (default-testResources) @ fixture ---
[INFO] skip non existing resourceDirectory /w/src/test/resources
[INFO] 
[INFO] --- quarkus:3.37.3:generate-code-tests (default-generate-code-tests) @ fixture ---
[INFO] 
[INFO] --- compiler:3.15.0:testCompile (default-testCompile) @ fixture ---
[INFO] No sources to compile
[INFO] 
[INFO] --- surefire:3.5.6:test (default-test) @ fixture ---
[INFO] Downloading from central: https://repo.maven.apache.org/maven2/org/apache/maven/surefire/surefire-api/3.5.6/surefire-api-3.5.6.pom
[INFO] Downloaded from central: https://repo.maven.apache.org/maven2/org/apache/maven/surefire/surefire-api/3.5.6/surefire-api-3.5.6.pom (3.7 kB at 42 kB/s)
[INFO] Downloading from central: https://repo.maven.apache.org/maven2/org/apache/maven/surefire/surefire-logger-api/3.5.6/surefire-logger-api-3.5.6.pom
[INFO] Downloaded from central: https://repo.maven.apache.org/maven2/org/apache/maven/surefire/surefire-logger-api/3.5.6/surefire-logger-api-3.5.6.pom (3.5 kB at 47 kB/s)
[INFO] Downloading from central: https://repo.maven.apache.org/maven2/org/apache/maven/surefire/surefire-shared-utils/3.5.6/surefire-shared-utils-3.5.6.pom
[INFO] Downloaded from central: https://repo.maven.apache.org/maven2/org/apache/maven/surefire/surefire-shared-utils/3.5.6/surefire-shared-utils-3.5.6.pom (4.0 kB at 53 kB/s)
[INFO] Downloading from central: https://repo.maven.apache.org/maven2/org/apache/maven/surefire/surefire-extensions-api/3.5.6/surefire-extensions-api-3.5.6.pom
[INFO] Downloaded from central: https://repo.maven.apache.org/maven2/org/apache/maven/surefire/surefire-extensions-api/3.5.6/surefire-extensions-api-3.5.6.pom (3.6 kB at 48 kB/s)
[INFO] Downloading from central: https://repo.maven.apache.org/maven2/org/apache/maven/surefire/maven-surefire-common/3.5.6/maven-surefire-common-3.5.6.pom
[INFO] Downloaded from central: https://repo.maven.apache.org/maven2/org/apache/maven/surefire/maven-surefire-common/3.5.6/maven-surefire-common-3.5.6.pom (7.3 kB at 100 kB/s)
[INFO] Downloading from central: https://repo.maven.apache.org/maven2/org/apache/maven/surefire/surefire-booter/3.5.6/surefire-booter-3.5.6.pom
[INFO] Downloaded from central: https://repo.maven.apache.org/maven2/org/apache/maven/surefire/surefire-booter/3.5.6/surefire-booter-3.5.6.pom (5.1 kB at 66 kB/s)
[INFO] Downloading from central: https://repo.maven.apache.org/maven2/org/apache/maven/surefire/surefire-extensions-spi/3.5.6/surefire-extensions-spi-3.5.6.pom
[INFO] Downloaded from central: https://repo.maven.apache.org/maven2/org/apache/maven/surefire/surefire-extensions-spi/3.5.6/surefire-extensions-spi-3.5.6.pom (1.7 kB at 21 kB/s)
[INFO] Downloading from central: https://repo.maven.apache.org/maven2/org/apache/maven/resolver/maven-resolver-util/1.4.1/maven-resolver-util-1.4.1.pom
[INFO] Downloaded from central: https://repo.maven.apache.org/maven2/org/apache/maven/resolver/maven-resolver-util/1.4.1/maven-resolver-util-1.4.1.pom (2.8 kB at 42 kB/s)
[INFO] Downloading from central: https://repo.maven.apache.org/maven2/org/apache/maven/resolver/maven-resolver/1.4.1/maven-resolver-1.4.1.pom
[INFO] Downloaded from central: https://repo.maven.apache.org/maven2/org/apache/maven/resolver/maven-resolver/1.4.1/maven-resolver-1.4.1.pom (18 kB at 267 kB/s)
[INFO] Downloading from central: https://repo.maven.apache.org/maven2/org/apache/maven/maven-parent/33/maven-parent-33.pom
[INFO] Downloaded from central: https://repo.maven.apache.org/maven2/org/apache/maven/maven-parent/33/maven-parent-33.pom (44 kB at 659 kB/s)
[INFO] Downloading from central: https://repo.maven.apache.org/maven2/org/apache/maven/resolver/maven-resolver-api/1.4.1/maven-resolver-api-1.4.1.pom
[INFO] Downloaded from central: https://repo.maven.apache.org/maven2/org/apache/maven/resolver/maven-resolver-api/1.4.1/maven-resolver-api-1.4.1.pom (2.6 kB at 35 kB/s)
[INFO] Downloading from central: https://repo.maven.apache.org/maven2/org/apache/maven/shared/maven-common-artifact-filters/3.4.0/maven-common-artifact-filters-3.4.0.pom
[INFO] Downloaded from central: https://repo.maven.apache.org/maven2/org/apache/maven/shared/maven-common-artifact-filters/3.4.0/maven-common-artifact-filters-3.4.0.pom (5.4 kB at 74 kB/s)
[INFO] Downloading from central: https://repo.maven.apache.org/maven2/org/apache/maven/shared/maven-shared-components/42/maven-shared-components-42.pom
[INFO] Downloaded from central: https://repo.maven.apache.org/maven2/org/apache/maven/shared/maven-shared-components/42/maven-shared-components-42.pom (3.8 kB at 56 kB/s)
[INFO] Downloading from central: https://repo.maven.apache.org/maven2/org/apache/maven/maven-parent/42/maven-parent-42.pom
[INFO] Downloaded from central: https://repo.maven.apache.org/maven2/org/apache/maven/maven-parent/42/maven-parent-42.pom (50 kB at 776 kB/s)
[INFO] Downloading from central: https://repo.maven.apache.org/maven2/org/apache/apache/32/apache-32.pom
[INFO] Downloaded from central: https://repo.maven.apache.org/maven2/org/apache/apache/32/apache-32.pom (24 kB at 345 kB/s)
[INFO] Downloading from central: https://repo.maven.apache.org/maven2/org/apache/maven/surefire/surefire-api/3.5.6/surefire-api-3.5.6.jar
[INFO] Downloaded from central: https://repo.maven.apache.org/maven2/org/apache/maven/surefire/surefire-api/3.5.6/surefire-api-3.5.6.jar (174 kB at 2.2 MB/s)
[INFO] Downloading from central: https://repo.maven.apache.org/maven2/org/apache/maven/surefire/surefire-logger-api/3.5.6/surefire-logger-api-3.5.6.jar
[INFO] Downloading from central: https://repo.maven.apache.org/maven2/org/apache/maven/surefire/surefire-shared-utils/3.5.6/surefire-shared-utils-3.5.6.jar
[INFO] Downloading from central: https://repo.maven.apache.org/maven2/org/apache/maven/surefire/surefire-extensions-api/3.5.6/surefire-extensions-api-3.5.6.jar
[INFO] Downloading from central: https://repo.maven.apache.org/maven2/org/apache/maven/surefire/maven-surefire-common/3.5.6/maven-surefire-common-3.5.6.jar
[INFO] Downloading from central: https://repo.maven.apache.org/maven2/org/apache/maven/surefire/surefire-booter/3.5.6/surefire-booter-3.5.6.jar
[INFO] Downloaded from central: https://repo.maven.apache.org/maven2/org/apache/maven/surefire/surefire-extensions-api/3.5.6/surefire-extensions-api-3.5.6.jar (26 kB at 322 kB/s)
[INFO] Downloading from central: https://repo.maven.apache.org/maven2/org/apache/maven/surefire/surefire-extensions-spi/3.5.6/surefire-extensions-spi-3.5.6.jar
[INFO] Downloaded from central: https://repo.maven.apache.org/maven2/org/apache/maven/surefire/surefire-logger-api/3.5.6/surefire-logger-api-3.5.6.jar (14 kB at 167 kB/s)
[INFO] Downloading from central: https://repo.maven.apache.org/maven2/org/apache/maven/resolver/maven-resolver-util/1.4.1/maven-resolver-util-1.4.1.jar
[INFO] Downloaded from central: https://repo.maven.apache.org/maven2/org/apache/maven/surefire/surefire-booter/3.5.6/surefire-booter-3.5.6.jar (123 kB at 1.5 MB/s)
[INFO] Downloading from central: https://repo.maven.apache.org/maven2/org/apache/maven/resolver/maven-resolver-api/1.4.1/maven-resolver-api-1.4.1.jar
[INFO] Downloaded from central: https://repo.maven.apache.org/maven2/org/apache/maven/surefire/maven-surefire-common/3.5.6/maven-surefire-common-3.5.6.jar (317 kB at 3.1 MB/s)
[INFO] Downloading from central: https://repo.maven.apache.org/maven2/org/apache/maven/shared/maven-common-artifact-filters/3.4.0/maven-common-artifact-filters-3.4.0.jar
[INFO] Downloaded from central: https://repo.maven.apache.org/maven2/org/apache/maven/resolver/maven-resolver-util/1.4.1/maven-resolver-util-1.4.1.jar (168 kB at 1.1 MB/s)
[INFO] Downloaded from central: https://repo.maven.apache.org/maven2/org/apache/maven/surefire/surefire-extensions-spi/3.5.6/surefire-extensions-spi-3.5.6.jar (8.2 kB at 50 kB/s)
[INFO] Downloaded from central: https://repo.maven.apache.org/maven2/org/apache/maven/resolver/maven-resolver-api/1.4.1/maven-resolver-api-1.4.1.jar (149 kB at 892 kB/s)
[INFO] Downloaded from central: https://repo.maven.apache.org/maven2/org/apache/maven/shared/maven-common-artifact-filters/3.4.0/maven-common-artifact-filters-3.4.0.jar (58 kB at 334 kB/s)
[INFO] Downloaded from central: https://repo.maven.apache.org/maven2/org/apache/maven/surefire/surefire-shared-utils/3.5.6/surefire-shared-utils-3.5.6.jar (3.0 MB at 16 MB/s)
[INFO] Tests are skipped.
[INFO] 
[INFO] --- quarkus:3.37.3:build (default-build) @ fixture ---
[INFO] [io.quarkus.deployment.pkg.jar.NativeImageSourceJarBuilder] Building native image source jar: /w/target/fixture-1.0.0-SNAPSHOT-native-image-source-jar/fixture-1.0.0-SNAPSHOT-runner.jar
[INFO] [io.quarkus.deployment.pkg.steps.NativeImageBuildStep] Building native image from /w/target/fixture-1.0.0-SNAPSHOT-native-image-source-jar/fixture-1.0.0-SNAPSHOT-runner.jar
[INFO] [io.quarkus.deployment.pkg.steps.NativeImageBuildStep] Running Quarkus native-image plugin on MANDREL 25.0.3.0 JDK 25.0.3+9-LTS
[INFO] [io.quarkus.deployment.pkg.steps.NativeImageBuildRunner] /opt/mandrel/bin/native-image -J-Djava.util.logging.manager=org.jboss.logmanager.LogManager -J-Dsun.nio.ch.maxUpdateArraySize=100 -J-Dvertx.logger-delegate-factory-class-name=io.quarkus.vertx.core.runtime.VertxLogDelegateFactory -J-Dvertx.disableDnsResolver=true -J-Dio.netty.tryReflectionSetAccessible=true -J-Dio.netty.noUnsafe=false -J-Dio.netty.leakDetection.level=DISABLED -J-Dio.netty.allocator.maxOrder=3 -J-Duser.language=en -J-Duser.country=US -J-Dlogging.initial-configurator.min-level=500 -H:+UnlockExperimentalVMOptions -H:IncludeLocales=en-US -H:-UnlockExperimentalVMOptions --enable-native-access=ALL-UNNAMED -J-Dfile.encoding=UTF-8 -J--add-exports=org.graalvm.nativeimage.builder/com.oracle.svm.core.jdk=ALL-UNNAMED --features=io.quarkus.runner.Feature,io.quarkus.runtime.graal.DisableLoggingFeature,io.quarkus.runtime.graal.JVMChecksFeature,io.quarkus.runtime.graal.SkipConsoleServiceProvidersFeature -J--add-exports=java.security.jgss/sun.security.krb5=ALL-UNNAMED -J--add-exports=java.security.jgss/sun.security.jgss=ALL-UNNAMED -J--add-opens=java.base/java.text=ALL-UNNAMED -J--add-opens=java.base/java.io=ALL-UNNAMED -J--add-opens=java.base/java.lang.invoke=ALL-UNNAMED -J--add-opens=java.base/java.util=ALL-UNNAMED -H:+UnlockExperimentalVMOptions -H:BuildOutputJSONFile=fixture-1.0.0-SNAPSHOT-runner-build-output-stats.json -H:-UnlockExperimentalVMOptions -H:+UnlockExperimentalVMOptions -H:+GenerateBuildArtifactsFile -H:-UnlockExperimentalVMOptions -H:+UnlockExperimentalVMOptions -H:+AllowFoldMethods -H:-UnlockExperimentalVMOptions -J-Djava.awt.headless=true --no-fallback --link-at-build-time -H:+UnlockExperimentalVMOptions -H:+ReportExceptionStackTraces -H:-UnlockExperimentalVMOptions -H:-AddAllCharsets --enable-url-protocols=http -H:NativeLinkerOption=-no-pie --enable-monitoring=heapdump,threaddump -H:+UnlockExperimentalVMOptions -H:-UseServiceLoaderFeature -H:-UnlockExperimentalVMOptions -J--add-exports=org.graalvm.nativeimage/org.graalvm.nativeimage.impl=ALL-UNNAMED --exclude-config io\.netty\.netty-codec /META-INF/native-image/io\.netty/netty-codec/generated/handlers/reflect-config\.json --exclude-config io\.netty\.netty-handler /META-INF/native-image/io\.netty/netty-handler/generated/handlers/reflect-config\.json fixture-1.0.0-SNAPSHOT-runner -jar fixture-1.0.0-SNAPSHOT-runner.jar
Warning: Option 'DynamicProxyConfigurationResources' is deprecated and might be removed in a future release: This can be caused by a proxy-config.json file in your META-INF directory. Consider including proxy configuration in the reflection section of reachability-metadata.md instead.. Please refer to the GraalVM release notes.
========================================================================================================================
GraalVM Native Image: Generating 'fixture-1.0.0-SNAPSHOT-runner' (executable)...
========================================================================================================================
For detailed information and explanations on the build output, visit:
https://github.com/oracle/graal/blob/master/docs/reference-manual/native-image/BuildOutput.md
------------------------------------------------------------------------------------------------------------------------
[1/8] Initializing...                                                                                    (6.5s @ 0.19GB)
 Java version: 25.0.3+9-LTS, vendor version: Mandrel-25.0.3.0-Final
 Graal compiler: optimization level: 2, target machine: x86-64-v3
 C compiler: gcc (redhat, x86_64, 11.5.0)
 Garbage collector: Serial GC (max heap size: 80% of RAM)
 5 user-specific feature(s):
 - com.oracle.svm.thirdparty.gson.GsonFeature
 - io.quarkus.runner.Feature: Auto-generated class by Quarkus from the existing extensions
 - io.quarkus.runtime.graal.DisableLoggingFeature: Adapts logging during the analysis phase
 - io.quarkus.runtime.graal.JVMChecksFeature
 - io.quarkus.runtime.graal.SkipConsoleServiceProvidersFeature: Skip unsupported console service providers when quarkus.native.auto-service-loader-registration is false
------------------------------------------------------------------------------------------------------------------------
 5 experimental option(s) unlocked:
 - '-H:+AllowFoldMethods' (origin(s): command line)
 - '-H:BuildOutputJSONFile' (origin(s): command line)
 - '-H:-UseServiceLoaderFeature' (origin(s): command line)
 - '-H:+GenerateBuildArtifactsFile' (origin(s): command line)
 - '-H:AddOpens' (alternative API option(s): --add-opens java.base/java.lang=ALL-UNNAMED, --add-opens java.base/java.nio=ALL-UNNAMED, --add-opens java.base/jdk.internal.misc=ALL-UNNAMED; origin(s): command line)
------------------------------------------------------------------------------------------------------------------------
Build resources:
 - 12.67GB of memory (75.6% of system memory, in container)
 - 8 thread(s) (100.0% of 8 available processor(s), determined at start)
[2/8] Performing analysis...  [*****]                                                                    (9.3s @ 1.27GB)
   11,245 types,  15,572 fields, and  55,812 methods found reachable
    3,759 types,      88 fields, and   4,392 methods registered for reflection
       63 types,      69 fields, and      55 methods registered for JNI access
        0 downcalls and 0 upcalls registered for foreign access
        4 native libraries: dl, pthread, rt, z
[3/8] Building universe...                                                                               (1.6s @ 1.30GB)
[4/8] Parsing methods...      [*]                                                                        (1.2s @ 1.47GB)
[5/8] Inlining methods...     [***]                                                                      (0.7s @ 1.71GB)
[6/8] Compiling methods...    [***]                                                                     (10.0s @ 1.04GB)
[7/8] Laying out methods...   [*]                                                                        (1.9s @ 1.42GB)
[8/8] Creating image...       [***]                                                                      (6.5s @ 1.63GB)
  23.04MB (44.31%) for code area:    37,158 compilation units
  25.23MB (48.51%) for image heap:  288,670 objects and 66 resources
   3.74MB ( 7.18%) for other data
  52.01MB in total image size, 48.66MB in total file size
------------------------------------------------------------------------------------------------------------------------
Top 10 origins of code area:                                Top 10 object types in image heap:
  12.66MB java.base                                            6.47MB byte[] for code metadata
   1.81MB svm.jar (Native Image)                               3.72MB byte[] for java.lang.String
 996.75kB fixture-1.0.0-SNAPSHOT-runner.jar                    2.55MB java.lang.String
 794.53kB modified-io.vertx.vertx-core-4.5.28.jar              2.25MB com.oracle.svm.core.hub.DynamicHubCompanion
 625.56kB io.netty.netty-buffer-4.1.135.Final.jar              1.61MB java.lang.Class
 450.11kB modified-io.netty.netty-common-4.1.135.Final.jar     1.27MB byte[] for general heap data
 403.73kB io.netty.netty-codec-http-4.1.135.Final.jar        540.67kB java.util.HashMap$Node
 373.01kB io.netty.netty-codec-http2-4.1.135.Final.jar       484.38kB java.lang.Object[]
 352.34kB io.quarkus.quarkus-vertx-http-3.37.3.jar           436.58kB java.lang.String[]
 350.35kB io.smallrye.config.smallrye-config-core-3.17.2.jar 410.40kB c.o.svm.core.hub.DynamicHub$ReflectionMetadata
   3.66MB for 82 more packages                                 5.49MB for 2863 more object types
------------------------------------------------------------------------------------------------------------------------
Recommendations:
 FUTR: Use '--future-defaults=all' to prepare for future releases.
 HEAP: Set max heap for improved and more predictable memory usage.
 CPU:  Enable more CPU features with '-march=native' for improved performance.
------------------------------------------------------------------------------------------------------------------------
                        2.6s (6.5% of total time) in 457 GCs | Peak RSS: 2.63GB | CPU load: 4.76
------------------------------------------------------------------------------------------------------------------------
Build artifacts:
 /w/target/fixture-1.0.0-SNAPSHOT-native-image-source-jar/build-artifacts.json (build_info)
 /w/target/fixture-1.0.0-SNAPSHOT-native-image-source-jar/fixture-1.0.0-SNAPSHOT-runner (executable)
 /w/target/fixture-1.0.0-SNAPSHOT-native-image-source-jar/fixture-1.0.0-SNAPSHOT-runner-build-output-stats.json (build_info)
========================================================================================================================
Finished generating 'fixture-1.0.0-SNAPSHOT-runner' in 39.0s.
[INFO] [io.quarkus.deployment.pkg.steps.NativeImageBuildRunner] objcopy --strip-debug fixture-1.0.0-SNAPSHOT-runner
[INFO] [io.quarkus.deployment.QuarkusAugmentor] Quarkus augmentation completed in 129805ms
[INFO] ------------------------------------------------------------------------
[INFO] BUILD SUCCESS
[INFO] ------------------------------------------------------------------------
[INFO] Total time:  04:28 min
[INFO] Finished at: 2026-08-07T18:37:08Z
[INFO] ------------------------------------------------------------------------
