[INFO] Scanning for projects...
[INFO] 
[INFO] ---------------------< com.basquin.spike:fixture >----------------------
[INFO] Building fixture 1.0.0-SNAPSHOT
[INFO]   from pom.xml
[INFO] ------------------------------[ quarkus ]-------------------------------
[INFO] Downloading from central: https://repo.maven.apache.org/maven2/org/apache/maven/plugins/maven-failsafe-plugin/3.5.6/maven-failsafe-plugin-3.5.6.pom
[INFO] Downloaded from central: https://repo.maven.apache.org/maven2/org/apache/maven/plugins/maven-failsafe-plugin/3.5.6/maven-failsafe-plugin-3.5.6.pom (11 kB at 12 kB/s)
[INFO] Downloading from central: https://repo.maven.apache.org/maven2/org/apache/maven/surefire/surefire/3.5.6/surefire-3.5.6.pom
[INFO] Downloaded from central: https://repo.maven.apache.org/maven2/org/apache/maven/surefire/surefire/3.5.6/surefire-3.5.6.pom (19 kB at 209 kB/s)
[INFO] Downloading from central: https://repo.maven.apache.org/maven2/org/apache/maven/plugins/maven-failsafe-plugin/3.5.6/maven-failsafe-plugin-3.5.6.jar
[INFO] Downloaded from central: https://repo.maven.apache.org/maven2/org/apache/maven/plugins/maven-failsafe-plugin/3.5.6/maven-failsafe-plugin-3.5.6.jar (58 kB at 620 kB/s)
[INFO] Downloading from central: https://repo.maven.apache.org/maven2/org/apache/maven/plugins/maven-resources-plugin/3.3.1/maven-resources-plugin-3.3.1.pom
[INFO] Downloaded from central: https://repo.maven.apache.org/maven2/org/apache/maven/plugins/maven-resources-plugin/3.3.1/maven-resources-plugin-3.3.1.pom (8.2 kB at 92 kB/s)
[INFO] Downloading from central: https://repo.maven.apache.org/maven2/org/apache/maven/plugins/maven-plugins/39/maven-plugins-39.pom
[INFO] Downloaded from central: https://repo.maven.apache.org/maven2/org/apache/maven/plugins/maven-plugins/39/maven-plugins-39.pom (8.1 kB at 97 kB/s)
[INFO] Downloading from central: https://repo.maven.apache.org/maven2/org/apache/maven/plugins/maven-resources-plugin/3.3.1/maven-resources-plugin-3.3.1.jar
[INFO] Downloaded from central: https://repo.maven.apache.org/maven2/org/apache/maven/plugins/maven-resources-plugin/3.3.1/maven-resources-plugin-3.3.1.jar (31 kB at 303 kB/s)
[INFO] Downloading from central: https://repo.maven.apache.org/maven2/org/apache/maven/plugins/maven-compiler-plugin/3.15.0/maven-compiler-plugin-3.15.0.pom
[INFO] Downloaded from central: https://repo.maven.apache.org/maven2/org/apache/maven/plugins/maven-compiler-plugin/3.15.0/maven-compiler-plugin-3.15.0.pom (9.5 kB at 111 kB/s)
[INFO] Downloading from central: https://repo.maven.apache.org/maven2/org/apache/maven/plugins/maven-plugins/47/maven-plugins-47.pom
[INFO] Downloaded from central: https://repo.maven.apache.org/maven2/org/apache/maven/plugins/maven-plugins/47/maven-plugins-47.pom (7.2 kB at 69 kB/s)
[INFO] Downloading from central: https://repo.maven.apache.org/maven2/org/apache/maven/plugins/maven-compiler-plugin/3.15.0/maven-compiler-plugin-3.15.0.jar
[INFO] Downloaded from central: https://repo.maven.apache.org/maven2/org/apache/maven/plugins/maven-compiler-plugin/3.15.0/maven-compiler-plugin-3.15.0.jar (84 kB at 699 kB/s)
[INFO] Downloading from central: https://repo.maven.apache.org/maven2/org/apache/maven/plugins/maven-surefire-plugin/3.5.6/maven-surefire-plugin-3.5.6.pom
[INFO] Downloaded from central: https://repo.maven.apache.org/maven2/org/apache/maven/plugins/maven-surefire-plugin/3.5.6/maven-surefire-plugin-3.5.6.pom (4.9 kB at 43 kB/s)
[INFO] Downloading from central: https://repo.maven.apache.org/maven2/org/apache/maven/plugins/maven-surefire-plugin/3.5.6/maven-surefire-plugin-3.5.6.jar
[INFO] Downloaded from central: https://repo.maven.apache.org/maven2/org/apache/maven/plugins/maven-surefire-plugin/3.5.6/maven-surefire-plugin-3.5.6.jar (47 kB at 564 kB/s)
[INFO] Downloading from central: https://repo.maven.apache.org/maven2/io/quarkus/quarkus-rest/3.37.3/quarkus-rest-3.37.3.pom
[INFO] Downloaded from central: https://repo.maven.apache.org/maven2/io/quarkus/quarkus-rest/3.37.3/quarkus-rest-3.37.3.pom (3.6 kB at 47 kB/s)
[INFO] Downloading from central: https://repo.maven.apache.org/maven2/io/quarkus/quarkus-rest-parent/3.37.3/quarkus-rest-parent-3.37.3.pom
[INFO] Downloaded from central: https://repo.maven.apache.org/maven2/io/quarkus/quarkus-rest-parent/3.37.3/quarkus-rest-parent-3.37.3.pom (813 B at 11 kB/s)
[INFO] Downloading from central: https://repo.maven.apache.org/maven2/io/quarkus/quarkus-rest-parent-aggregator/3.37.3/quarkus-rest-parent-aggregator-3.37.3.pom
[INFO] Downloaded from central: https://repo.maven.apache.org/maven2/io/quarkus/quarkus-rest-parent-aggregator/3.37.3/quarkus-rest-parent-aggregator-3.37.3.pom (1.6 kB at 21 kB/s)
[INFO] Downloading from central: https://repo.maven.apache.org/maven2/io/quarkus/quarkus-rest-common/3.37.3/quarkus-rest-common-3.37.3.pom
[INFO] Downloaded from central: https://repo.maven.apache.org/maven2/io/quarkus/quarkus-rest-common/3.37.3/quarkus-rest-common-3.37.3.pom (2.4 kB at 32 kB/s)
[INFO] Downloading from central: https://repo.maven.apache.org/maven2/io/quarkus/quarkus-rest-common-parent/3.37.3/quarkus-rest-common-parent-3.37.3.pom
[INFO] Downloaded from central: https://repo.maven.apache.org/maven2/io/quarkus/quarkus-rest-common-parent/3.37.3/quarkus-rest-common-parent-3.37.3.pom (792 B at 11 kB/s)
[INFO] Downloading from central: https://repo.maven.apache.org/maven2/io/quarkus/resteasy/reactive/resteasy-reactive-common/3.37.3/resteasy-reactive-common-3.37.3.pom
[INFO] Downloaded from central: https://repo.maven.apache.org/maven2/io/quarkus/resteasy/reactive/resteasy-reactive-common/3.37.3/resteasy-reactive-common-3.37.3.pom (2.3 kB at 24 kB/s)
[INFO] Downloading from central: https://repo.maven.apache.org/maven2/io/quarkus/resteasy/reactive/resteasy-reactive-common-parent/3.37.3/resteasy-reactive-common-parent-3.37.3.pom
[INFO] Downloaded from central: https://repo.maven.apache.org/maven2/io/quarkus/resteasy/reactive/resteasy-reactive-common-parent/3.37.3/resteasy-reactive-common-parent-3.37.3.pom (764 B at 8.4 kB/s)
[INFO] Downloading from central: https://repo.maven.apache.org/maven2/io/quarkus/resteasy/reactive/resteasy-reactive-parent/3.37.3/resteasy-reactive-parent-3.37.3.pom
[INFO] Downloaded from central: https://repo.maven.apache.org/maven2/io/quarkus/resteasy/reactive/resteasy-reactive-parent/3.37.3/resteasy-reactive-parent-3.37.3.pom (28 kB at 275 kB/s)
[INFO] Downloading from central: https://repo.maven.apache.org/maven2/io/smallrye/stork/stork-bom/2.7.9/stork-bom-2.7.9.pom
[INFO] Downloaded from central: https://repo.maven.apache.org/maven2/io/smallrye/stork/stork-bom/2.7.9/stork-bom-2.7.9.pom (7.0 kB at 76 kB/s)
[INFO] Downloading from central: https://repo.maven.apache.org/maven2/io/quarkus/resteasy/reactive/resteasy-reactive-common-types/3.37.3/resteasy-reactive-common-types-3.37.3.pom
[INFO] Downloaded from central: https://repo.maven.apache.org/maven2/io/quarkus/resteasy/reactive/resteasy-reactive-common-types/3.37.3/resteasy-reactive-common-types-3.37.3.pom (790 B at 8.5 kB/s)
[INFO] Downloading from central: https://repo.maven.apache.org/maven2/jakarta/ws/rs/jakarta.ws.rs-api/3.1.0/jakarta.ws.rs-api-3.1.0.pom
[INFO] Downloaded from central: https://repo.maven.apache.org/maven2/jakarta/ws/rs/jakarta.ws.rs-api/3.1.0/jakarta.ws.rs-api-3.1.0.pom (18 kB at 186 kB/s)
[INFO] Downloading from central: https://repo.maven.apache.org/maven2/jakarta/ws/rs/all/3.1.0/all-3.1.0.pom
[INFO] Downloaded from central: https://repo.maven.apache.org/maven2/jakarta/ws/rs/all/3.1.0/all-3.1.0.pom (2.8 kB at 31 kB/s)
[INFO] Downloading from central: https://repo.maven.apache.org/maven2/org/eclipse/ee4j/project/1.0.7/project-1.0.7.pom
[INFO] Downloaded from central: https://repo.maven.apache.org/maven2/org/eclipse/ee4j/project/1.0.7/project-1.0.7.pom (14 kB at 177 kB/s)
[INFO] Downloading from central: https://repo.maven.apache.org/maven2/org/reactivestreams/reactive-streams/1.0.4/reactive-streams-1.0.4.pom
[INFO] Downloaded from central: https://repo.maven.apache.org/maven2/org/reactivestreams/reactive-streams/1.0.4/reactive-streams-1.0.4.pom (1.1 kB at 13 kB/s)
[INFO] Downloading from central: https://repo.maven.apache.org/maven2/io/smallrye/reactive/mutiny-zero-flow-adapters/1.2.1/mutiny-zero-flow-adapters-1.2.1.pom
[INFO] Downloaded from central: https://repo.maven.apache.org/maven2/io/smallrye/reactive/mutiny-zero-flow-adapters/1.2.1/mutiny-zero-flow-adapters-1.2.1.pom (2.4 kB at 30 kB/s)
[INFO] Downloading from central: https://repo.maven.apache.org/maven2/io/smallrye/reactive/mutiny-zero-parent/1.2.1/mutiny-zero-parent-1.2.1.pom
[INFO] Downloaded from central: https://repo.maven.apache.org/maven2/io/smallrye/reactive/mutiny-zero-parent/1.2.1/mutiny-zero-parent-1.2.1.pom (11 kB at 143 kB/s)
[INFO] Downloading from central: https://repo.maven.apache.org/maven2/io/quarkus/quarkus-mutiny/3.37.3/quarkus-mutiny-3.37.3.pom
[INFO] Downloaded from central: https://repo.maven.apache.org/maven2/io/quarkus/quarkus-mutiny/3.37.3/quarkus-mutiny-3.37.3.pom (3.0 kB at 41 kB/s)
[INFO] Downloading from central: https://repo.maven.apache.org/maven2/io/quarkus/quarkus-mutiny-parent/3.37.3/quarkus-mutiny-parent-3.37.3.pom
[INFO] Downloaded from central: https://repo.maven.apache.org/maven2/io/quarkus/quarkus-mutiny-parent/3.37.3/quarkus-mutiny-parent-3.37.3.pom (734 B at 9.0 kB/s)
[INFO] Downloading from central: https://repo.maven.apache.org/maven2/io/quarkus/quarkus-ide-launcher/3.37.3/quarkus-ide-launcher-3.37.3.pom
[INFO] Downloaded from central: https://repo.maven.apache.org/maven2/io/quarkus/quarkus-ide-launcher/3.37.3/quarkus-ide-launcher-3.37.3.pom (5.2 kB at 73 kB/s)
[INFO] Downloading from central: https://repo.maven.apache.org/maven2/io/quarkus/quarkus-smallrye-context-propagation/3.37.3/quarkus-smallrye-context-propagation-3.37.3.pom
[INFO] Downloaded from central: https://repo.maven.apache.org/maven2/io/quarkus/quarkus-smallrye-context-propagation/3.37.3/quarkus-smallrye-context-propagation-3.37.3.pom (2.6 kB at 35 kB/s)
[INFO] Downloading from central: https://repo.maven.apache.org/maven2/io/quarkus/quarkus-smallrye-context-propagation-parent/3.37.3/quarkus-smallrye-context-propagation-parent-3.37.3.pom
[INFO] Downloaded from central: https://repo.maven.apache.org/maven2/io/quarkus/quarkus-smallrye-context-propagation-parent/3.37.3/quarkus-smallrye-context-propagation-parent-3.37.3.pom (808 B at 11 kB/s)
[INFO] Downloading from central: https://repo.maven.apache.org/maven2/io/smallrye/smallrye-context-propagation/2.3.0/smallrye-context-propagation-2.3.0.pom
[INFO] Downloaded from central: https://repo.maven.apache.org/maven2/io/smallrye/smallrye-context-propagation/2.3.0/smallrye-context-propagation-2.3.0.pom (1.6 kB at 23 kB/s)
[INFO] Downloading from central: https://repo.maven.apache.org/maven2/io/smallrye/smallrye-context-propagation-parent/2.3.0/smallrye-context-propagation-parent-2.3.0.pom
[INFO] Downloaded from central: https://repo.maven.apache.org/maven2/io/smallrye/smallrye-context-propagation-parent/2.3.0/smallrye-context-propagation-parent-2.3.0.pom (8.6 kB at 113 kB/s)
[INFO] Downloading from central: https://repo.maven.apache.org/maven2/io/smallrye/smallrye-parent/46/smallrye-parent-46.pom
[INFO] Downloaded from central: https://repo.maven.apache.org/maven2/io/smallrye/smallrye-parent/46/smallrye-parent-46.pom (6.0 kB at 83 kB/s)
[INFO] Downloading from central: https://repo.maven.apache.org/maven2/org/junit/junit-bom/5.11.0/junit-bom-5.11.0.pom
[INFO] Downloaded from central: https://repo.maven.apache.org/maven2/org/junit/junit-bom/5.11.0/junit-bom-5.11.0.pom (5.6 kB at 72 kB/s)
[INFO] Downloading from central: https://repo.maven.apache.org/maven2/org/eclipse/microprofile/context-propagation/microprofile-context-propagation-api/1.3/microprofile-context-propagation-api-1.3.pom
[INFO] Downloaded from central: https://repo.maven.apache.org/maven2/org/eclipse/microprofile/context-propagation/microprofile-context-propagation-api/1.3/microprofile-context-propagation-api-1.3.pom (6.4 kB at 76 kB/s)
[INFO] Downloading from central: https://repo.maven.apache.org/maven2/org/eclipse/microprofile/context-propagation/microprofile-context-propagation-parent/1.3/microprofile-context-propagation-parent-1.3.pom
[INFO] Downloaded from central: https://repo.maven.apache.org/maven2/org/eclipse/microprofile/context-propagation/microprofile-context-propagation-parent/1.3/microprofile-context-propagation-parent-1.3.pom (37 kB at 427 kB/s)
[INFO] Downloading from central: https://repo.maven.apache.org/maven2/io/smallrye/smallrye-context-propagation-api/2.3.0/smallrye-context-propagation-api-2.3.0.pom
[INFO] Downloaded from central: https://repo.maven.apache.org/maven2/io/smallrye/smallrye-context-propagation-api/2.3.0/smallrye-context-propagation-api-2.3.0.pom (967 B at 13 kB/s)
[INFO] Downloading from central: https://repo.maven.apache.org/maven2/io/smallrye/smallrye-context-propagation-storage/2.3.0/smallrye-context-propagation-storage-2.3.0.pom
[INFO] Downloaded from central: https://repo.maven.apache.org/maven2/io/smallrye/smallrye-context-propagation-storage/2.3.0/smallrye-context-propagation-storage-2.3.0.pom (1.1 kB at 16 kB/s)
[INFO] Downloading from central: https://repo.maven.apache.org/maven2/io/quarkus/quarkus-arc/3.37.3/quarkus-arc-3.37.3.pom
[INFO] Downloaded from central: https://repo.maven.apache.org/maven2/io/quarkus/quarkus-arc/3.37.3/quarkus-arc-3.37.3.pom (2.5 kB at 34 kB/s)
[INFO] Downloading from central: https://repo.maven.apache.org/maven2/io/quarkus/quarkus-arc-parent/3.37.3/quarkus-arc-parent-3.37.3.pom
[INFO] Downloaded from central: https://repo.maven.apache.org/maven2/io/quarkus/quarkus-arc-parent/3.37.3/quarkus-arc-parent-3.37.3.pom (858 B at 12 kB/s)
[INFO] Downloading from central: https://repo.maven.apache.org/maven2/io/quarkus/arc/arc/3.37.3/arc-3.37.3.pom
[INFO] Downloaded from central: https://repo.maven.apache.org/maven2/io/quarkus/arc/arc/3.37.3/arc-3.37.3.pom (2.1 kB at 26 kB/s)
[INFO] Downloading from central: https://repo.maven.apache.org/maven2/io/quarkus/arc/arc-parent/3.37.3/arc-parent-3.37.3.pom
[INFO] Downloaded from central: https://repo.maven.apache.org/maven2/io/quarkus/arc/arc-parent/3.37.3/arc-parent-3.37.3.pom (16 kB at 193 kB/s)
[INFO] Downloading from central: https://repo.maven.apache.org/maven2/org/jetbrains/kotlinx/kotlinx-coroutines-bom/1.11.0/kotlinx-coroutines-bom-1.11.0.pom
[INFO] Downloaded from central: https://repo.maven.apache.org/maven2/org/jetbrains/kotlinx/kotlinx-coroutines-bom/1.11.0/kotlinx-coroutines-bom-1.11.0.pom (4.3 kB at 49 kB/s)
[INFO] Downloading from central: https://repo.maven.apache.org/maven2/jakarta/transaction/jakarta.transaction-api/2.0.1/jakarta.transaction-api-2.0.1.pom
[INFO] Downloaded from central: https://repo.maven.apache.org/maven2/jakarta/transaction/jakarta.transaction-api/2.0.1/jakarta.transaction-api-2.0.1.pom (14 kB at 155 kB/s)
[INFO] Downloading from central: https://repo.maven.apache.org/maven2/io/smallrye/reactive/mutiny-smallrye-context-propagation/3.2.1/mutiny-smallrye-context-propagation-3.2.1.pom
[INFO] Downloaded from central: https://repo.maven.apache.org/maven2/io/smallrye/reactive/mutiny-smallrye-context-propagation/3.2.1/mutiny-smallrye-context-propagation-3.2.1.pom (3.7 kB at 51 kB/s)
[INFO] Downloading from central: https://repo.maven.apache.org/maven2/io/quarkus/quarkus-vertx/3.37.3/quarkus-vertx-3.37.3.pom
[INFO] Downloaded from central: https://repo.maven.apache.org/maven2/io/quarkus/quarkus-vertx/3.37.3/quarkus-vertx-3.37.3.pom (5.0 kB at 62 kB/s)
[INFO] Downloading from central: https://repo.maven.apache.org/maven2/io/quarkus/quarkus-vertx-parent/3.37.3/quarkus-vertx-parent-3.37.3.pom
[INFO] Downloaded from central: https://repo.maven.apache.org/maven2/io/quarkus/quarkus-vertx-parent/3.37.3/quarkus-vertx-parent-3.37.3.pom (853 B at 12 kB/s)
[INFO] Downloading from central: https://repo.maven.apache.org/maven2/io/quarkus/quarkus-netty/3.37.3/quarkus-netty-3.37.3.pom
[INFO] Downloaded from central: https://repo.maven.apache.org/maven2/io/quarkus/quarkus-netty/3.37.3/quarkus-netty-3.37.3.pom (3.4 kB at 46 kB/s)
[INFO] Downloading from central: https://repo.maven.apache.org/maven2/io/quarkus/quarkus-netty-parent/3.37.3/quarkus-netty-parent-3.37.3.pom
[INFO] Downloaded from central: https://repo.maven.apache.org/maven2/io/quarkus/quarkus-netty-parent/3.37.3/quarkus-netty-parent-3.37.3.pom (734 B at 9.9 kB/s)
[INFO] Downloading from central: https://repo.maven.apache.org/maven2/io/netty/netty-codec/4.1.135.Final/netty-codec-4.1.135.Final.pom
[INFO] Downloaded from central: https://repo.maven.apache.org/maven2/io/netty/netty-codec/4.1.135.Final/netty-codec-4.1.135.Final.pom (6.1 kB at 74 kB/s)
[INFO] Downloading from central: https://repo.maven.apache.org/maven2/io/netty/netty-parent/4.1.135.Final/netty-parent-4.1.135.Final.pom
[INFO] Downloaded from central: https://repo.maven.apache.org/maven2/io/netty/netty-parent/4.1.135.Final/netty-parent-4.1.135.Final.pom (101 kB at 1.0 MB/s)
[INFO] Downloading from central: https://repo.maven.apache.org/maven2/io/netty/netty-common/4.1.135.Final/netty-common-4.1.135.Final.pom
[INFO] Downloaded from central: https://repo.maven.apache.org/maven2/io/netty/netty-common/4.1.135.Final/netty-common-4.1.135.Final.pom (10 kB at 129 kB/s)
[INFO] Downloading from central: https://repo.maven.apache.org/maven2/io/netty/netty-buffer/4.1.135.Final/netty-buffer-4.1.135.Final.pom
[INFO] Downloaded from central: https://repo.maven.apache.org/maven2/io/netty/netty-buffer/4.1.135.Final/netty-buffer-4.1.135.Final.pom (2.2 kB at 26 kB/s)
[INFO] Downloading from central: https://repo.maven.apache.org/maven2/io/netty/netty-transport/4.1.135.Final/netty-transport-4.1.135.Final.pom
[INFO] Downloaded from central: https://repo.maven.apache.org/maven2/io/netty/netty-transport/4.1.135.Final/netty-transport-4.1.135.Final.pom (2.9 kB at 36 kB/s)
[INFO] Downloading from central: https://repo.maven.apache.org/maven2/io/netty/netty-resolver/4.1.135.Final/netty-resolver-4.1.135.Final.pom
[INFO] Downloaded from central: https://repo.maven.apache.org/maven2/io/netty/netty-resolver/4.1.135.Final/netty-resolver-4.1.135.Final.pom (2.2 kB at 22 kB/s)
[INFO] Downloading from central: https://repo.maven.apache.org/maven2/io/netty/netty-codec-http/4.1.135.Final/netty-codec-http-4.1.135.Final.pom
[INFO] Downloaded from central: https://repo.maven.apache.org/maven2/io/netty/netty-codec-http/4.1.135.Final/netty-codec-http-4.1.135.Final.pom (5.0 kB at 61 kB/s)
[INFO] Downloading from central: https://repo.maven.apache.org/maven2/io/netty/netty-handler/4.1.135.Final/netty-handler-4.1.135.Final.pom
[INFO] Downloaded from central: https://repo.maven.apache.org/maven2/io/netty/netty-handler/4.1.135.Final/netty-handler-4.1.135.Final.pom (5.4 kB at 68 kB/s)
[INFO] Downloading from central: https://repo.maven.apache.org/maven2/io/netty/netty-transport-native-unix-common/4.1.135.Final/netty-transport-native-unix-common-4.1.135.Final.pom
[INFO] Downloaded from central: https://repo.maven.apache.org/maven2/io/netty/netty-transport-native-unix-common/4.1.135.Final/netty-transport-native-unix-common-4.1.135.Final.pom (34 kB at 387 kB/s)
[INFO] Downloading from central: https://repo.maven.apache.org/maven2/io/netty/netty-codec-http2/4.1.135.Final/netty-codec-http2-4.1.135.Final.pom
[INFO] Downloaded from central: https://repo.maven.apache.org/maven2/io/netty/netty-codec-http2/4.1.135.Final/netty-codec-http2-4.1.135.Final.pom (6.5 kB at 79 kB/s)
[INFO] Downloading from central: https://repo.maven.apache.org/maven2/io/netty/netty-codec-haproxy/4.1.135.Final/netty-codec-haproxy-4.1.135.Final.pom
[INFO] Downloaded from central: https://repo.maven.apache.org/maven2/io/netty/netty-codec-haproxy/4.1.135.Final/netty-codec-haproxy-4.1.135.Final.pom (3.0 kB at 35 kB/s)
[INFO] Downloading from central: https://repo.maven.apache.org/maven2/io/smallrye/common/smallrye-common-vertx-context/2.18.1/smallrye-common-vertx-context-2.18.1.pom
[INFO] Downloaded from central: https://repo.maven.apache.org/maven2/io/smallrye/common/smallrye-common-vertx-context/2.18.1/smallrye-common-vertx-context-2.18.1.pom (2.7 kB at 34 kB/s)
[INFO] Downloading from central: https://repo.maven.apache.org/maven2/io/vertx/vertx-core/4.5.28/vertx-core-4.5.28.pom
[INFO] Downloaded from central: https://repo.maven.apache.org/maven2/io/vertx/vertx-core/4.5.28/vertx-core-4.5.28.pom (39 kB at 434 kB/s)
[INFO] Downloading from central: https://repo.maven.apache.org/maven2/io/vertx/vertx-parent/22/vertx-parent-22.pom
[INFO] Downloaded from central: https://repo.maven.apache.org/maven2/io/vertx/vertx-parent/22/vertx-parent-22.pom (17 kB at 193 kB/s)
[INFO] Downloading from central: https://repo.maven.apache.org/maven2/io/vertx/vertx-dependencies/4.5.28/vertx-dependencies-4.5.28.pom
[INFO] Downloaded from central: https://repo.maven.apache.org/maven2/io/vertx/vertx-dependencies/4.5.28/vertx-dependencies-4.5.28.pom (34 kB at 347 kB/s)
[INFO] Downloading from central: https://repo.maven.apache.org/maven2/io/netty/netty-bom/4.1.135.Final/netty-bom-4.1.135.Final.pom
[INFO] Downloaded from central: https://repo.maven.apache.org/maven2/io/netty/netty-bom/4.1.135.Final/netty-bom-4.1.135.Final.pom (15 kB at 166 kB/s)
[INFO] Downloading from central: https://repo.maven.apache.org/maven2/org/sonatype/oss/oss-parent/7/oss-parent-7.pom
[INFO] Downloaded from central: https://repo.maven.apache.org/maven2/org/sonatype/oss/oss-parent/7/oss-parent-7.pom (4.8 kB at 57 kB/s)
[INFO] Downloading from central: https://repo.maven.apache.org/maven2/com/fasterxml/jackson/jackson-bom/2.21.4/jackson-bom-2.21.4.pom
[INFO] Downloaded from central: https://repo.maven.apache.org/maven2/com/fasterxml/jackson/jackson-bom/2.21.4/jackson-bom-2.21.4.pom (20 kB at 266 kB/s)
[INFO] Downloading from central: https://repo.maven.apache.org/maven2/io/netty/netty-handler-proxy/4.1.135.Final/netty-handler-proxy-4.1.135.Final.pom
[INFO] Downloaded from central: https://repo.maven.apache.org/maven2/io/netty/netty-handler-proxy/4.1.135.Final/netty-handler-proxy-4.1.135.Final.pom (4.2 kB at 46 kB/s)
[INFO] Downloading from central: https://repo.maven.apache.org/maven2/io/netty/netty-codec-socks/4.1.135.Final/netty-codec-socks-4.1.135.Final.pom
[INFO] Downloaded from central: https://repo.maven.apache.org/maven2/io/netty/netty-codec-socks/4.1.135.Final/netty-codec-socks-4.1.135.Final.pom (3.1 kB at 38 kB/s)
[INFO] Downloading from central: https://repo.maven.apache.org/maven2/io/netty/netty-resolver-dns/4.1.135.Final/netty-resolver-dns-4.1.135.Final.pom
[INFO] Downloaded from central: https://repo.maven.apache.org/maven2/io/netty/netty-resolver-dns/4.1.135.Final/netty-resolver-dns-4.1.135.Final.pom (3.8 kB at 42 kB/s)
[INFO] Downloading from central: https://repo.maven.apache.org/maven2/io/netty/netty-codec-dns/4.1.135.Final/netty-codec-dns-4.1.135.Final.pom
[INFO] Downloaded from central: https://repo.maven.apache.org/maven2/io/netty/netty-codec-dns/4.1.135.Final/netty-codec-dns-4.1.135.Final.pom (3.3 kB at 36 kB/s)
[INFO] Downloading from central: https://repo.maven.apache.org/maven2/io/netty/netty-tcnative-classes/2.0.77.Final/netty-tcnative-classes-2.0.77.Final.pom
[INFO] Downloaded from central: https://repo.maven.apache.org/maven2/io/netty/netty-tcnative-classes/2.0.77.Final/netty-tcnative-classes-2.0.77.Final.pom (2.0 kB at 24 kB/s)
[INFO] Downloading from central: https://repo.maven.apache.org/maven2/io/netty/netty-tcnative-parent/2.0.77.Final/netty-tcnative-parent-2.0.77.Final.pom
[INFO] Downloaded from central: https://repo.maven.apache.org/maven2/io/netty/netty-tcnative-parent/2.0.77.Final/netty-tcnative-parent-2.0.77.Final.pom (44 kB at 475 kB/s)
[INFO] Downloading from central: https://repo.maven.apache.org/maven2/io/quarkus/quarkus-virtual-threads/3.37.3/quarkus-virtual-threads-3.37.3.pom
[INFO] Downloaded from central: https://repo.maven.apache.org/maven2/io/quarkus/quarkus-virtual-threads/3.37.3/quarkus-virtual-threads-3.37.3.pom (2.8 kB at 37 kB/s)
[INFO] Downloading from central: https://repo.maven.apache.org/maven2/io/quarkus/quarkus-virtual-threads-parent/3.37.3/quarkus-virtual-threads-parent-3.37.3.pom
[INFO] Downloaded from central: https://repo.maven.apache.org/maven2/io/quarkus/quarkus-virtual-threads-parent/3.37.3/quarkus-virtual-threads-parent-3.37.3.pom (753 B at 10 kB/s)
[INFO] Downloading from central: https://repo.maven.apache.org/maven2/io/quarkus/quarkus-vertx-latebound-mdc-provider/3.37.3/quarkus-vertx-latebound-mdc-provider-3.37.3.pom
[INFO] Downloaded from central: https://repo.maven.apache.org/maven2/io/quarkus/quarkus-vertx-latebound-mdc-provider/3.37.3/quarkus-vertx-latebound-mdc-provider-3.37.3.pom (850 B at 11 kB/s)
[INFO] Downloading from central: https://repo.maven.apache.org/maven2/io/smallrye/reactive/smallrye-mutiny-vertx-core/3.22.2/smallrye-mutiny-vertx-core-3.22.2.pom
[INFO] Downloaded from central: https://repo.maven.apache.org/maven2/io/smallrye/reactive/smallrye-mutiny-vertx-core/3.22.2/smallrye-mutiny-vertx-core-3.22.2.pom (6.8 kB at 94 kB/s)
[INFO] Downloading from central: https://repo.maven.apache.org/maven2/io/smallrye/reactive/vertx-mutiny-clients/3.22.2/vertx-mutiny-clients-3.22.2.pom
[INFO] Downloaded from central: https://repo.maven.apache.org/maven2/io/smallrye/reactive/vertx-mutiny-clients/3.22.2/vertx-mutiny-clients-3.22.2.pom (6.8 kB at 88 kB/s)
[INFO] Downloading from central: https://repo.maven.apache.org/maven2/io/smallrye/reactive/smallrye-mutiny-vertx-bindings-projects/3.22.2/smallrye-mutiny-vertx-bindings-projects-3.22.2.pom
[INFO] Downloaded from central: https://repo.maven.apache.org/maven2/io/smallrye/reactive/smallrye-mutiny-vertx-bindings-projects/3.22.2/smallrye-mutiny-vertx-bindings-projects-3.22.2.pom (17 kB at 222 kB/s)
[INFO] Downloading from central: https://repo.maven.apache.org/maven2/io/vertx/vertx-dependencies/4.5.26/vertx-dependencies-4.5.26.pom
[INFO] Downloaded from central: https://repo.maven.apache.org/maven2/io/vertx/vertx-dependencies/4.5.26/vertx-dependencies-4.5.26.pom (34 kB at 432 kB/s)
[INFO] Downloading from central: https://repo.maven.apache.org/maven2/io/netty/netty-bom/4.1.132.Final/netty-bom-4.1.132.Final.pom
[INFO] Downloaded from central: https://repo.maven.apache.org/maven2/io/netty/netty-bom/4.1.132.Final/netty-bom-4.1.132.Final.pom (15 kB at 189 kB/s)
[INFO] Downloading from central: https://repo.maven.apache.org/maven2/com/fasterxml/jackson/jackson-bom/2.18.6/jackson-bom-2.18.6.pom
[INFO] Downloaded from central: https://repo.maven.apache.org/maven2/com/fasterxml/jackson/jackson-bom/2.18.6/jackson-bom-2.18.6.pom (19 kB at 270 kB/s)
[INFO] Downloading from central: https://repo.maven.apache.org/maven2/com/fasterxml/jackson/jackson-parent/2.18.4/jackson-parent-2.18.4.pom
[INFO] Downloaded from central: https://repo.maven.apache.org/maven2/com/fasterxml/jackson/jackson-parent/2.18.4/jackson-parent-2.18.4.pom (7.2 kB at 104 kB/s)
[INFO] Downloading from central: https://repo.maven.apache.org/maven2/com/fasterxml/oss-parent/69/oss-parent-69.pom
[INFO] Downloaded from central: https://repo.maven.apache.org/maven2/com/fasterxml/oss-parent/69/oss-parent-69.pom (24 kB at 307 kB/s)
[INFO] Downloading from central: https://repo.maven.apache.org/maven2/org/testcontainers/testcontainers-bom/1.21.4/testcontainers-bom-1.21.4.pom
[INFO] Downloaded from central: https://repo.maven.apache.org/maven2/org/testcontainers/testcontainers-bom/1.21.4/testcontainers-bom-1.21.4.pom (12 kB at 136 kB/s)
[INFO] Downloading from central: https://repo.maven.apache.org/maven2/io/smallrye/reactive/smallrye-mutiny-vertx-runtime/3.22.2/smallrye-mutiny-vertx-runtime-3.22.2.pom
[INFO] Downloaded from central: https://repo.maven.apache.org/maven2/io/smallrye/reactive/smallrye-mutiny-vertx-runtime/3.22.2/smallrye-mutiny-vertx-runtime-3.22.2.pom (1.4 kB at 18 kB/s)
[INFO] Downloading from central: https://repo.maven.apache.org/maven2/io/smallrye/smallrye-fault-tolerance-vertx/6.11.1/smallrye-fault-tolerance-vertx-6.11.1.pom
[INFO] Downloaded from central: https://repo.maven.apache.org/maven2/io/smallrye/smallrye-fault-tolerance-vertx/6.11.1/smallrye-fault-tolerance-vertx-6.11.1.pom (3.9 kB at 51 kB/s)
[INFO] Downloading from central: https://repo.maven.apache.org/maven2/io/smallrye/smallrye-fault-tolerance-implementation-parent/6.11.1/smallrye-fault-tolerance-implementation-parent-6.11.1.pom
[INFO] Downloaded from central: https://repo.maven.apache.org/maven2/io/smallrye/smallrye-fault-tolerance-implementation-parent/6.11.1/smallrye-fault-tolerance-implementation-parent-6.11.1.pom (1.7 kB at 21 kB/s)
[INFO] Downloading from central: https://repo.maven.apache.org/maven2/io/smallrye/smallrye-fault-tolerance-parent/6.11.1/smallrye-fault-tolerance-parent-6.11.1.pom
[INFO] Downloaded from central: https://repo.maven.apache.org/maven2/io/smallrye/smallrye-fault-tolerance-parent/6.11.1/smallrye-fault-tolerance-parent-6.11.1.pom (21 kB at 280 kB/s)
[INFO] Downloading from central: https://repo.maven.apache.org/maven2/io/smallrye/smallrye-build-parent/45/smallrye-build-parent-45.pom
[INFO] Downloaded from central: https://repo.maven.apache.org/maven2/io/smallrye/smallrye-build-parent/45/smallrye-build-parent-45.pom (63 kB at 768 kB/s)
[INFO] Downloading from central: https://repo.maven.apache.org/maven2/io/quarkus/quarkus-security-runtime-spi/3.37.3/quarkus-security-runtime-spi-3.37.3.pom
[INFO] Downloaded from central: https://repo.maven.apache.org/maven2/io/quarkus/quarkus-security-runtime-spi/3.37.3/quarkus-security-runtime-spi-3.37.3.pom (1.7 kB at 17 kB/s)
[INFO] Downloading from central: https://repo.maven.apache.org/maven2/io/quarkus/quarkus-security-parent/3.37.3/quarkus-security-parent-3.37.3.pom
[INFO] Downloaded from central: https://repo.maven.apache.org/maven2/io/quarkus/quarkus-security-parent/3.37.3/quarkus-security-parent-3.37.3.pom (840 B at 9.1 kB/s)
[INFO] Downloading from central: https://repo.maven.apache.org/maven2/io/quarkus/security/quarkus-security/2.3.2/quarkus-security-2.3.2.pom
[INFO] Downloaded from central: https://repo.maven.apache.org/maven2/io/quarkus/security/quarkus-security/2.3.2/quarkus-security-2.3.2.pom (4.5 kB at 49 kB/s)
[INFO] Downloading from central: https://repo.maven.apache.org/maven2/io/quarkus/quarkus-jsonp/3.37.3/quarkus-jsonp-3.37.3.pom
[INFO] Downloaded from central: https://repo.maven.apache.org/maven2/io/quarkus/quarkus-jsonp/3.37.3/quarkus-jsonp-3.37.3.pom (2.7 kB at 36 kB/s)
[INFO] Downloading from central: https://repo.maven.apache.org/maven2/io/quarkus/quarkus-jsonp-parent/3.37.3/quarkus-jsonp-parent-3.37.3.pom
[INFO] Downloaded from central: https://repo.maven.apache.org/maven2/io/quarkus/quarkus-jsonp-parent/3.37.3/quarkus-jsonp-parent-3.37.3.pom (733 B at 9.5 kB/s)
[INFO] Downloading from central: https://repo.maven.apache.org/maven2/io/quarkus/resteasy/reactive/resteasy-reactive-vertx/3.37.3/resteasy-reactive-vertx-3.37.3.pom
[INFO] Downloaded from central: https://repo.maven.apache.org/maven2/io/quarkus/resteasy/reactive/resteasy-reactive-vertx/3.37.3/resteasy-reactive-vertx-3.37.3.pom (4.2 kB at 43 kB/s)
[INFO] Downloading from central: https://repo.maven.apache.org/maven2/io/quarkus/resteasy/reactive/resteasy-reactive-server-parent/3.37.3/resteasy-reactive-server-parent-3.37.3.pom
[INFO] Downloaded from central: https://repo.maven.apache.org/maven2/io/quarkus/resteasy/reactive/resteasy-reactive-server-parent/3.37.3/resteasy-reactive-server-parent-3.37.3.pom (828 B at 8.0 kB/s)
[INFO] Downloading from central: https://repo.maven.apache.org/maven2/io/vertx/vertx-web/4.5.28/vertx-web-4.5.28.pom
[INFO] Downloaded from central: https://repo.maven.apache.org/maven2/io/vertx/vertx-web/4.5.28/vertx-web-4.5.28.pom (5.1 kB at 61 kB/s)
[INFO] Downloading from central: https://repo.maven.apache.org/maven2/io/vertx/vertx-web-parent/4.5.28/vertx-web-parent-4.5.28.pom
[INFO] Downloaded from central: https://repo.maven.apache.org/maven2/io/vertx/vertx-web-parent/4.5.28/vertx-web-parent-4.5.28.pom (3.3 kB at 36 kB/s)
[INFO] Downloading from central: https://repo.maven.apache.org/maven2/io/vertx/vertx-ext-parent/42/vertx-ext-parent-42.pom
[INFO] Downloaded from central: https://repo.maven.apache.org/maven2/io/vertx/vertx-ext-parent/42/vertx-ext-parent-42.pom (7.9 kB at 96 kB/s)
[INFO] Downloading from central: https://repo.maven.apache.org/maven2/io/vertx/vertx-ext/42/vertx-ext-42.pom
[INFO] Downloaded from central: https://repo.maven.apache.org/maven2/io/vertx/vertx-ext/42/vertx-ext-42.pom (1.7 kB at 21 kB/s)
[INFO] Downloading from central: https://repo.maven.apache.org/maven2/io/vertx/vertx-web-common/4.5.28/vertx-web-common-4.5.28.pom
[INFO] Downloaded from central: https://repo.maven.apache.org/maven2/io/vertx/vertx-web-common/4.5.28/vertx-web-common-4.5.28.pom (522 B at 6.2 kB/s)
[INFO] Downloading from central: https://repo.maven.apache.org/maven2/io/vertx/vertx-auth-common/4.5.28/vertx-auth-common-4.5.28.pom
[INFO] Downloaded from central: https://repo.maven.apache.org/maven2/io/vertx/vertx-auth-common/4.5.28/vertx-auth-common-4.5.28.pom (2.0 kB at 25 kB/s)
[INFO] Downloading from central: https://repo.maven.apache.org/maven2/io/vertx/vertx-auth-parent/4.5.28/vertx-auth-parent-4.5.28.pom
[INFO] Downloaded from central: https://repo.maven.apache.org/maven2/io/vertx/vertx-auth-parent/4.5.28/vertx-auth-parent-4.5.28.pom (3.0 kB at 34 kB/s)
[INFO] Downloading from central: https://repo.maven.apache.org/maven2/io/vertx/vertx-bridge-common/4.5.28/vertx-bridge-common-4.5.28.pom
[INFO] Downloaded from central: https://repo.maven.apache.org/maven2/io/vertx/vertx-bridge-common/4.5.28/vertx-bridge-common-4.5.28.pom (3.8 kB at 43 kB/s)
[INFO] Downloading from central: https://repo.maven.apache.org/maven2/io/quarkus/resteasy/reactive/resteasy-reactive/3.37.3/resteasy-reactive-3.37.3.pom
[INFO] Downloaded from central: https://repo.maven.apache.org/maven2/io/quarkus/resteasy/reactive/resteasy-reactive/3.37.3/resteasy-reactive-3.37.3.pom (1.9 kB at 20 kB/s)
[INFO] Downloading from central: https://repo.maven.apache.org/maven2/io/quarkus/vertx/utils/quarkus-vertx-utils/3.37.3/quarkus-vertx-utils-3.37.3.pom
[INFO] Downloaded from central: https://repo.maven.apache.org/maven2/io/quarkus/vertx/utils/quarkus-vertx-utils/3.37.3/quarkus-vertx-utils-3.37.3.pom (1.3 kB at 13 kB/s)
[INFO] Downloading from central: https://repo.maven.apache.org/maven2/jakarta/xml/bind/jakarta.xml.bind-api/4.0.5/jakarta.xml.bind-api-4.0.5.pom
[INFO] Downloaded from central: https://repo.maven.apache.org/maven2/jakarta/xml/bind/jakarta.xml.bind-api/4.0.5/jakarta.xml.bind-api-4.0.5.pom (13 kB at 137 kB/s)
[INFO] Downloading from central: https://repo.maven.apache.org/maven2/jakarta/xml/bind/jakarta.xml.bind-api-parent/4.0.5/jakarta.xml.bind-api-parent-4.0.5.pom
[INFO] Downloaded from central: https://repo.maven.apache.org/maven2/jakarta/xml/bind/jakarta.xml.bind-api-parent/4.0.5/jakarta.xml.bind-api-parent-4.0.5.pom (9.1 kB at 97 kB/s)
[INFO] Downloading from central: https://repo.maven.apache.org/maven2/jakarta/activation/jakarta.activation-api/2.1.4/jakarta.activation-api-2.1.4.pom
[INFO] Downloaded from central: https://repo.maven.apache.org/maven2/jakarta/activation/jakarta.activation-api/2.1.4/jakarta.activation-api-2.1.4.pom (19 kB at 213 kB/s)
[INFO] Downloading from central: https://repo.maven.apache.org/maven2/io/quarkus/quarkus-vertx-http/3.37.3/quarkus-vertx-http-3.37.3.pom
[INFO] Downloaded from central: https://repo.maven.apache.org/maven2/io/quarkus/quarkus-vertx-http/3.37.3/quarkus-vertx-http-3.37.3.pom (5.7 kB at 68 kB/s)
[INFO] Downloading from central: https://repo.maven.apache.org/maven2/io/quarkus/quarkus-vertx-http-parent/3.37.3/quarkus-vertx-http-parent-3.37.3.pom
[INFO] Downloaded from central: https://repo.maven.apache.org/maven2/io/quarkus/quarkus-vertx-http-parent/3.37.3/quarkus-vertx-http-parent-3.37.3.pom (785 B at 11 kB/s)
[INFO] Downloading from central: https://repo.maven.apache.org/maven2/io/quarkus/quarkus-tls-registry/3.37.3/quarkus-tls-registry-3.37.3.pom
[INFO] Downloaded from central: https://repo.maven.apache.org/maven2/io/quarkus/quarkus-tls-registry/3.37.3/quarkus-tls-registry-3.37.3.pom (2.8 kB at 42 kB/s)
[INFO] Downloading from central: https://repo.maven.apache.org/maven2/io/quarkus/quarkus-tls-registry-parent/3.37.3/quarkus-tls-registry-parent-3.37.3.pom
[INFO] Downloaded from central: https://repo.maven.apache.org/maven2/io/quarkus/quarkus-tls-registry-parent/3.37.3/quarkus-tls-registry-parent-3.37.3.pom (846 B at 12 kB/s)
[INFO] Downloading from central: https://repo.maven.apache.org/maven2/io/quarkus/quarkus-tls-registry-spi/3.37.3/quarkus-tls-registry-spi-3.37.3.pom
[INFO] Downloaded from central: https://repo.maven.apache.org/maven2/io/quarkus/quarkus-tls-registry-spi/3.37.3/quarkus-tls-registry-spi-3.37.3.pom (1.0 kB at 12 kB/s)
[INFO] Downloading from central: https://repo.maven.apache.org/maven2/io/quarkus/quarkus-credentials/3.37.3/quarkus-credentials-3.37.3.pom
[INFO] Downloaded from central: https://repo.maven.apache.org/maven2/io/quarkus/quarkus-credentials/3.37.3/quarkus-credentials-3.37.3.pom (742 B at 9.4 kB/s)
[INFO] Downloading from central: https://repo.maven.apache.org/maven2/io/quarkus/quarkus-credentials-parent/3.37.3/quarkus-credentials-parent-3.37.3.pom
[INFO] Downloaded from central: https://repo.maven.apache.org/maven2/io/quarkus/quarkus-credentials-parent/3.37.3/quarkus-credentials-parent-3.37.3.pom (745 B at 8.5 kB/s)
[INFO] Downloading from central: https://repo.maven.apache.org/maven2/io/smallrye/certs/smallrye-private-key-pem-parser/0.9.3/smallrye-private-key-pem-parser-0.9.3.pom
[INFO] Downloaded from central: https://repo.maven.apache.org/maven2/io/smallrye/certs/smallrye-private-key-pem-parser/0.9.3/smallrye-private-key-pem-parser-0.9.3.pom (2.5 kB at 30 kB/s)
[INFO] Downloading from central: https://repo.maven.apache.org/maven2/io/smallrye/certs/smallrye-certificate-generator-parent/0.9.3/smallrye-certificate-generator-parent-0.9.3.pom
[INFO] Downloaded from central: https://repo.maven.apache.org/maven2/io/smallrye/certs/smallrye-certificate-generator-parent/0.9.3/smallrye-certificate-generator-parent-0.9.3.pom (5.8 kB at 70 kB/s)
[INFO] Downloading from central: https://repo.maven.apache.org/maven2/org/junit/junit-bom/5.12.1/junit-bom-5.12.1.pom
[INFO] Downloaded from central: https://repo.maven.apache.org/maven2/org/junit/junit-bom/5.12.1/junit-bom-5.12.1.pom (5.6 kB at 77 kB/s)
[INFO] Downloading from central: https://repo.maven.apache.org/maven2/io/smallrye/reactive/smallrye-mutiny-vertx-web/3.22.2/smallrye-mutiny-vertx-web-3.22.2.pom
[INFO] Downloaded from central: https://repo.maven.apache.org/maven2/io/smallrye/reactive/smallrye-mutiny-vertx-web/3.22.2/smallrye-mutiny-vertx-web-3.22.2.pom (8.0 kB at 107 kB/s)
[INFO] Downloading from central: https://repo.maven.apache.org/maven2/io/smallrye/reactive/smallrye-mutiny-vertx-web-common/3.22.2/smallrye-mutiny-vertx-web-common-3.22.2.pom
[INFO] Downloaded from central: https://repo.maven.apache.org/maven2/io/smallrye/reactive/smallrye-mutiny-vertx-web-common/3.22.2/smallrye-mutiny-vertx-web-common-3.22.2.pom (4.7 kB at 61 kB/s)
[INFO] Downloading from central: https://repo.maven.apache.org/maven2/io/smallrye/reactive/smallrye-mutiny-vertx-auth-common/3.22.2/smallrye-mutiny-vertx-auth-common-3.22.2.pom
[INFO] Downloaded from central: https://repo.maven.apache.org/maven2/io/smallrye/reactive/smallrye-mutiny-vertx-auth-common/3.22.2/smallrye-mutiny-vertx-auth-common-3.22.2.pom (4.7 kB at 64 kB/s)
[INFO] Downloading from central: https://repo.maven.apache.org/maven2/io/smallrye/reactive/smallrye-mutiny-vertx-bridge-common/3.22.2/smallrye-mutiny-vertx-bridge-common-3.22.2.pom
[INFO] Downloaded from central: https://repo.maven.apache.org/maven2/io/smallrye/reactive/smallrye-mutiny-vertx-bridge-common/3.22.2/smallrye-mutiny-vertx-bridge-common-3.22.2.pom (4.7 kB at 67 kB/s)
[INFO] Downloading from central: https://repo.maven.apache.org/maven2/io/smallrye/reactive/smallrye-mutiny-vertx-uri-template/3.22.2/smallrye-mutiny-vertx-uri-template-3.22.2.pom
[INFO] Downloaded from central: https://repo.maven.apache.org/maven2/io/smallrye/reactive/smallrye-mutiny-vertx-uri-template/3.22.2/smallrye-mutiny-vertx-uri-template-3.22.2.pom (4.9 kB at 65 kB/s)
[INFO] Downloading from central: https://repo.maven.apache.org/maven2/io/vertx/vertx-uri-template/4.5.28/vertx-uri-template-4.5.28.pom
[INFO] Downloaded from central: https://repo.maven.apache.org/maven2/io/vertx/vertx-uri-template/4.5.28/vertx-uri-template-4.5.28.pom (3.5 kB at 42 kB/s)
[INFO] Downloading from central: https://repo.maven.apache.org/maven2/com/aayushatharva/brotli4j/brotli4j/1.23.0/brotli4j-1.23.0.pom
[INFO] Downloaded from central: https://repo.maven.apache.org/maven2/com/aayushatharva/brotli4j/brotli4j/1.23.0/brotli4j-1.23.0.pom (8.9 kB at 93 kB/s)
[INFO] Downloading from central: https://repo.maven.apache.org/maven2/com/aayushatharva/brotli4j/brotli4j-parent/1.23.0/brotli4j-parent-1.23.0.pom
[INFO] Downloaded from central: https://repo.maven.apache.org/maven2/com/aayushatharva/brotli4j/brotli4j-parent/1.23.0/brotli4j-parent-1.23.0.pom (8.0 kB at 88 kB/s)
[INFO] Downloading from central: https://repo.maven.apache.org/maven2/com/aayushatharva/brotli4j/service/1.23.0/service-1.23.0.pom
[INFO] Downloaded from central: https://repo.maven.apache.org/maven2/com/aayushatharva/brotli4j/service/1.23.0/service-1.23.0.pom (2.0 kB at 21 kB/s)
[INFO] Downloading from central: https://repo.maven.apache.org/maven2/com/aayushatharva/brotli4j/native-linux-x86_64/1.23.0/native-linux-x86_64-1.23.0.pom
[INFO] Downloaded from central: https://repo.maven.apache.org/maven2/com/aayushatharva/brotli4j/native-linux-x86_64/1.23.0/native-linux-x86_64-1.23.0.pom (4.7 kB at 49 kB/s)
[INFO] Downloading from central: https://repo.maven.apache.org/maven2/com/aayushatharva/brotli4j/natives/1.23.0/natives-1.23.0.pom
[INFO] Downloaded from central: https://repo.maven.apache.org/maven2/com/aayushatharva/brotli4j/natives/1.23.0/natives-1.23.0.pom (6.1 kB at 67 kB/s)
[INFO] Downloading from central: https://repo.maven.apache.org/maven2/io/quarkus/quarkus-junit/3.37.3/quarkus-junit-3.37.3.pom
[INFO] Downloaded from central: https://repo.maven.apache.org/maven2/io/quarkus/quarkus-junit/3.37.3/quarkus-junit-3.37.3.pom (2.3 kB at 33 kB/s)
[INFO] Downloading from central: https://repo.maven.apache.org/maven2/io/quarkus/quarkus-test-framework/3.37.3/quarkus-test-framework-3.37.3.pom
[INFO] Downloaded from central: https://repo.maven.apache.org/maven2/io/quarkus/quarkus-test-framework/3.37.3/quarkus-test-framework-3.37.3.pom (3.1 kB at 42 kB/s)
[INFO] Downloading from central: https://repo.maven.apache.org/maven2/io/quarkus/quarkus-test-common/3.37.3/quarkus-test-common-3.37.3.pom
[INFO] Downloaded from central: https://repo.maven.apache.org/maven2/io/quarkus/quarkus-test-common/3.37.3/quarkus-test-common-3.37.3.pom (3.3 kB at 44 kB/s)
[INFO] Downloading from central: https://repo.maven.apache.org/maven2/io/quarkus/quarkus-bootstrap-gradle-resolver/3.37.3/quarkus-bootstrap-gradle-resolver-3.37.3.pom
[INFO] Downloaded from central: https://repo.maven.apache.org/maven2/io/quarkus/quarkus-bootstrap-gradle-resolver/3.37.3/quarkus-bootstrap-gradle-resolver-3.37.3.pom (4.7 kB at 65 kB/s)
[INFO] Downloading from central: https://repo.maven.apache.org/maven2/io/quarkus/quarkus-junit-config/3.37.3/quarkus-junit-config-3.37.3.pom
[INFO] Downloaded from central: https://repo.maven.apache.org/maven2/io/quarkus/quarkus-junit-config/3.37.3/quarkus-junit-config-3.37.3.pom (1.2 kB at 17 kB/s)
[INFO] Downloading from central: https://repo.maven.apache.org/maven2/io/quarkus/quarkus-junit-common/3.37.3/quarkus-junit-common-3.37.3.pom
[INFO] Downloaded from central: https://repo.maven.apache.org/maven2/io/quarkus/quarkus-junit-common/3.37.3/quarkus-junit-common-3.37.3.pom (1.3 kB at 18 kB/s)
[INFO] Downloading from central: https://repo.maven.apache.org/maven2/io/quarkus/quarkus-rest/3.37.3/quarkus-rest-3.37.3.jar
[INFO] Downloaded from central: https://repo.maven.apache.org/maven2/io/quarkus/quarkus-rest/3.37.3/quarkus-rest-3.37.3.jar (133 kB at 1.6 MB/s)
[INFO] Downloading from central: https://repo.maven.apache.org/maven2/io/quarkus/quarkus-rest-common/3.37.3/quarkus-rest-common-3.37.3.jar
[INFO] Downloading from central: https://repo.maven.apache.org/maven2/io/quarkus/resteasy/reactive/resteasy-reactive-common/3.37.3/resteasy-reactive-common-3.37.3.jar
[INFO] Downloading from central: https://repo.maven.apache.org/maven2/io/quarkus/resteasy/reactive/resteasy-reactive-common-types/3.37.3/resteasy-reactive-common-types-3.37.3.jar
[INFO] Downloading from central: https://repo.maven.apache.org/maven2/org/reactivestreams/reactive-streams/1.0.4/reactive-streams-1.0.4.jar
[INFO] Downloading from central: https://repo.maven.apache.org/maven2/io/smallrye/reactive/mutiny-zero-flow-adapters/1.2.1/mutiny-zero-flow-adapters-1.2.1.jar
[INFO] Downloaded from central: https://repo.maven.apache.org/maven2/io/quarkus/quarkus-rest-common/3.37.3/quarkus-rest-common-3.37.3.jar (21 kB at 240 kB/s)
[INFO] Downloading from central: https://repo.maven.apache.org/maven2/io/quarkus/quarkus-mutiny/3.37.3/quarkus-mutiny-3.37.3.jar
[INFO] Downloaded from central: https://repo.maven.apache.org/maven2/io/quarkus/resteasy/reactive/resteasy-reactive-common-types/3.37.3/resteasy-reactive-common-types-3.37.3.jar (7.1 kB at 45 kB/s)
[INFO] Downloading from central: https://repo.maven.apache.org/maven2/io/quarkus/quarkus-smallrye-context-propagation/3.37.3/quarkus-smallrye-context-propagation-3.37.3.jar
[INFO] Downloaded from central: https://repo.maven.apache.org/maven2/io/smallrye/reactive/mutiny-zero-flow-adapters/1.2.1/mutiny-zero-flow-adapters-1.2.1.jar (15 kB at 96 kB/s)
[INFO] Downloading from central: https://repo.maven.apache.org/maven2/io/smallrye/smallrye-context-propagation/2.3.0/smallrye-context-propagation-2.3.0.jar
[INFO] Downloaded from central: https://repo.maven.apache.org/maven2/org/reactivestreams/reactive-streams/1.0.4/reactive-streams-1.0.4.jar (12 kB at 72 kB/s)
[INFO] Downloading from central: https://repo.maven.apache.org/maven2/io/smallrye/smallrye-context-propagation-api/2.3.0/smallrye-context-propagation-api-2.3.0.jar
[INFO] Downloaded from central: https://repo.maven.apache.org/maven2/io/quarkus/quarkus-mutiny/3.37.3/quarkus-mutiny-3.37.3.jar (13 kB at 76 kB/s)
[INFO] Downloading from central: https://repo.maven.apache.org/maven2/io/smallrye/smallrye-context-propagation-storage/2.3.0/smallrye-context-propagation-storage-2.3.0.jar
[INFO] Downloaded from central: https://repo.maven.apache.org/maven2/io/quarkus/quarkus-smallrye-context-propagation/3.37.3/quarkus-smallrye-context-propagation-3.37.3.jar (18 kB at 76 kB/s)
[INFO] Downloading from central: https://repo.maven.apache.org/maven2/io/smallrye/reactive/mutiny-smallrye-context-propagation/3.2.1/mutiny-smallrye-context-propagation-3.2.1.jar
[INFO] Downloaded from central: https://repo.maven.apache.org/maven2/io/smallrye/smallrye-context-propagation-api/2.3.0/smallrye-context-propagation-api-2.3.0.jar (8.7 kB at 36 kB/s)
[INFO] Downloading from central: https://repo.maven.apache.org/maven2/io/quarkus/quarkus-vertx/3.37.3/quarkus-vertx-3.37.3.jar
[INFO] Downloaded from central: https://repo.maven.apache.org/maven2/io/quarkus/resteasy/reactive/resteasy-reactive-common/3.37.3/resteasy-reactive-common-3.37.3.jar (323 kB at 1.3 MB/s)
[INFO] Downloading from central: https://repo.maven.apache.org/maven2/io/quarkus/quarkus-netty/3.37.3/quarkus-netty-3.37.3.jar
[INFO] Downloaded from central: https://repo.maven.apache.org/maven2/io/smallrye/smallrye-context-propagation/2.3.0/smallrye-context-propagation-2.3.0.jar (90 kB at 348 kB/s)
[INFO] Downloading from central: https://repo.maven.apache.org/maven2/io/netty/netty-codec/4.1.135.Final/netty-codec-4.1.135.Final.jar
[INFO] Downloaded from central: https://repo.maven.apache.org/maven2/io/smallrye/smallrye-context-propagation-storage/2.3.0/smallrye-context-propagation-storage-2.3.0.jar (8.5 kB at 32 kB/s)
[INFO] Downloading from central: https://repo.maven.apache.org/maven2/io/netty/netty-codec-haproxy/4.1.135.Final/netty-codec-haproxy-4.1.135.Final.jar
[INFO] Downloaded from central: https://repo.maven.apache.org/maven2/io/smallrye/reactive/mutiny-smallrye-context-propagation/3.2.1/mutiny-smallrye-context-propagation-3.2.1.jar (21 kB at 65 kB/s)
[INFO] Downloading from central: https://repo.maven.apache.org/maven2/io/quarkus/quarkus-vertx-latebound-mdc-provider/3.37.3/quarkus-vertx-latebound-mdc-provider-3.37.3.jar
[INFO] Downloaded from central: https://repo.maven.apache.org/maven2/io/quarkus/quarkus-netty/3.37.3/quarkus-netty-3.37.3.jar (68 kB at 203 kB/s)
[INFO] Downloading from central: https://repo.maven.apache.org/maven2/io/smallrye/smallrye-fault-tolerance-vertx/6.11.1/smallrye-fault-tolerance-vertx-6.11.1.jar
[INFO] Downloaded from central: https://repo.maven.apache.org/maven2/io/quarkus/quarkus-vertx/3.37.3/quarkus-vertx-3.37.3.jar (147 kB at 435 kB/s)
[INFO] Downloading from central: https://repo.maven.apache.org/maven2/io/quarkus/resteasy/reactive/resteasy-reactive-vertx/3.37.3/resteasy-reactive-vertx-3.37.3.jar
[INFO] Downloaded from central: https://repo.maven.apache.org/maven2/io/netty/netty-codec-haproxy/4.1.135.Final/netty-codec-haproxy-4.1.135.Final.jar (38 kB at 112 kB/s)
[INFO] Downloading from central: https://repo.maven.apache.org/maven2/io/vertx/vertx-web/4.5.28/vertx-web-4.5.28.jar
[INFO] Downloaded from central: https://repo.maven.apache.org/maven2/io/netty/netty-codec/4.1.135.Final/netty-codec-4.1.135.Final.jar (359 kB at 971 kB/s)
[INFO] Downloading from central: https://repo.maven.apache.org/maven2/io/vertx/vertx-web-common/4.5.28/vertx-web-common-4.5.28.jar
[INFO] Downloaded from central: https://repo.maven.apache.org/maven2/io/smallrye/smallrye-fault-tolerance-vertx/6.11.1/smallrye-fault-tolerance-vertx-6.11.1.jar (9.6 kB at 23 kB/s)
[INFO] Downloading from central: https://repo.maven.apache.org/maven2/io/vertx/vertx-auth-common/4.5.28/vertx-auth-common-4.5.28.jar
[INFO] Downloaded from central: https://repo.maven.apache.org/maven2/io/quarkus/quarkus-vertx-latebound-mdc-provider/3.37.3/quarkus-vertx-latebound-mdc-provider-3.37.3.jar (9.9 kB at 23 kB/s)
[INFO] Downloading from central: https://repo.maven.apache.org/maven2/io/vertx/vertx-bridge-common/4.5.28/vertx-bridge-common-4.5.28.jar
[INFO] Downloaded from central: https://repo.maven.apache.org/maven2/io/quarkus/resteasy/reactive/resteasy-reactive-vertx/3.37.3/resteasy-reactive-vertx-3.37.3.jar (50 kB at 115 kB/s)
[INFO] Downloading from central: https://repo.maven.apache.org/maven2/io/smallrye/reactive/smallrye-mutiny-vertx-core/3.22.2/smallrye-mutiny-vertx-core-3.22.2.jar
[INFO] Downloaded from central: https://repo.maven.apache.org/maven2/io/vertx/vertx-web-common/4.5.28/vertx-web-common-4.5.28.jar (32 kB at 71 kB/s)
[INFO] Downloading from central: https://repo.maven.apache.org/maven2/io/smallrye/reactive/smallrye-mutiny-vertx-runtime/3.22.2/smallrye-mutiny-vertx-runtime-3.22.2.jar
[INFO] Downloaded from central: https://repo.maven.apache.org/maven2/io/vertx/vertx-web/4.5.28/vertx-web-4.5.28.jar (363 kB at 765 kB/s)
[INFO] Downloading from central: https://repo.maven.apache.org/maven2/io/quarkus/resteasy/reactive/resteasy-reactive/3.37.3/resteasy-reactive-3.37.3.jar
[INFO] Downloaded from central: https://repo.maven.apache.org/maven2/io/vertx/vertx-bridge-common/4.5.28/vertx-bridge-common-4.5.28.jar (11 kB at 22 kB/s)
[INFO] Downloading from central: https://repo.maven.apache.org/maven2/io/quarkus/vertx/utils/quarkus-vertx-utils/3.37.3/quarkus-vertx-utils-3.37.3.jar
[INFO] Downloaded from central: https://repo.maven.apache.org/maven2/io/vertx/vertx-auth-common/4.5.28/vertx-auth-common-4.5.28.jar (134 kB at 265 kB/s)
[INFO] Downloading from central: https://repo.maven.apache.org/maven2/jakarta/ws/rs/jakarta.ws.rs-api/3.1.0/jakarta.ws.rs-api-3.1.0.jar
[INFO] Downloaded from central: https://repo.maven.apache.org/maven2/io/smallrye/reactive/smallrye-mutiny-vertx-runtime/3.22.2/smallrye-mutiny-vertx-runtime-3.22.2.jar (29 kB at 55 kB/s)
[INFO] Downloading from central: https://repo.maven.apache.org/maven2/jakarta/xml/bind/jakarta.xml.bind-api/4.0.5/jakarta.xml.bind-api-4.0.5.jar
[INFO] Downloaded from central: https://repo.maven.apache.org/maven2/io/smallrye/reactive/smallrye-mutiny-vertx-core/3.22.2/smallrye-mutiny-vertx-core-3.22.2.jar (341 kB at 639 kB/s)
[INFO] Downloading from central: https://repo.maven.apache.org/maven2/jakarta/activation/jakarta.activation-api/2.1.4/jakarta.activation-api-2.1.4.jar
[INFO] Downloaded from central: https://repo.maven.apache.org/maven2/io/quarkus/resteasy/reactive/resteasy-reactive/3.37.3/resteasy-reactive-3.37.3.jar (548 kB at 923 kB/s)
[INFO] Downloading from central: https://repo.maven.apache.org/maven2/io/quarkus/quarkus-vertx-http/3.37.3/quarkus-vertx-http-3.37.3.jar
[INFO] Downloaded from central: https://repo.maven.apache.org/maven2/io/quarkus/vertx/utils/quarkus-vertx-utils/3.37.3/quarkus-vertx-utils-3.37.3.jar (23 kB at 38 kB/s)
[INFO] Downloading from central: https://repo.maven.apache.org/maven2/io/quarkus/quarkus-security-runtime-spi/3.37.3/quarkus-security-runtime-spi-3.37.3.jar
[INFO] Downloaded from central: https://repo.maven.apache.org/maven2/jakarta/ws/rs/jakarta.ws.rs-api/3.1.0/jakarta.ws.rs-api-3.1.0.jar (155 kB at 251 kB/s)
[INFO] Downloading from central: https://repo.maven.apache.org/maven2/io/quarkus/quarkus-tls-registry/3.37.3/quarkus-tls-registry-3.37.3.jar
[INFO] Downloaded from central: https://repo.maven.apache.org/maven2/jakarta/activation/jakarta.activation-api/2.1.4/jakarta.activation-api-2.1.4.jar (67 kB at 109 kB/s)
[INFO] Downloading from central: https://repo.maven.apache.org/maven2/io/quarkus/quarkus-tls-registry-spi/3.37.3/quarkus-tls-registry-spi-3.37.3.jar
[INFO] Downloaded from central: https://repo.maven.apache.org/maven2/jakarta/xml/bind/jakarta.xml.bind-api/4.0.5/jakarta.xml.bind-api-4.0.5.jar (131 kB at 207 kB/s)
[INFO] Downloading from central: https://repo.maven.apache.org/maven2/io/smallrye/certs/smallrye-private-key-pem-parser/0.9.3/smallrye-private-key-pem-parser-0.9.3.jar
[INFO] Downloaded from central: https://repo.maven.apache.org/maven2/io/quarkus/quarkus-security-runtime-spi/3.37.3/quarkus-security-runtime-spi-3.37.3.jar (29 kB at 43 kB/s)
[INFO] Downloading from central: https://repo.maven.apache.org/maven2/io/quarkus/quarkus-credentials/3.37.3/quarkus-credentials-3.37.3.jar
[INFO] Downloaded from central: https://repo.maven.apache.org/maven2/io/quarkus/quarkus-tls-registry-spi/3.37.3/quarkus-tls-registry-spi-3.37.3.jar (13 kB at 19 kB/s)
[INFO] Downloading from central: https://repo.maven.apache.org/maven2/io/smallrye/common/smallrye-common-vertx-context/2.18.1/smallrye-common-vertx-context-2.18.1.jar
[INFO] Downloaded from central: https://repo.maven.apache.org/maven2/io/quarkus/quarkus-tls-registry/3.37.3/quarkus-tls-registry-3.37.3.jar (96 kB at 138 kB/s)
[INFO] Downloading from central: https://repo.maven.apache.org/maven2/io/quarkus/security/quarkus-security/2.3.2/quarkus-security-2.3.2.jar
[INFO] Downloaded from central: https://repo.maven.apache.org/maven2/io/quarkus/quarkus-vertx-http/3.37.3/quarkus-vertx-http-3.37.3.jar (753 kB at 1.1 MB/s)
[INFO] Downloading from central: https://repo.maven.apache.org/maven2/io/smallrye/reactive/smallrye-mutiny-vertx-web/3.22.2/smallrye-mutiny-vertx-web-3.22.2.jar
[INFO] Downloaded from central: https://repo.maven.apache.org/maven2/io/smallrye/certs/smallrye-private-key-pem-parser/0.9.3/smallrye-private-key-pem-parser-0.9.3.jar (20 kB at 28 kB/s)
[INFO] Downloading from central: https://repo.maven.apache.org/maven2/io/smallrye/reactive/smallrye-mutiny-vertx-web-common/3.22.2/smallrye-mutiny-vertx-web-common-3.22.2.jar
[INFO] Downloaded from central: https://repo.maven.apache.org/maven2/io/quarkus/quarkus-credentials/3.37.3/quarkus-credentials-3.37.3.jar (8.5 kB at 11 kB/s)
[INFO] Downloading from central: https://repo.maven.apache.org/maven2/io/smallrye/reactive/smallrye-mutiny-vertx-auth-common/3.22.2/smallrye-mutiny-vertx-auth-common-3.22.2.jar
[INFO] Downloaded from central: https://repo.maven.apache.org/maven2/io/smallrye/common/smallrye-common-vertx-context/2.18.1/smallrye-common-vertx-context-2.18.1.jar (7.2 kB at 9.4 kB/s)
[INFO] Downloading from central: https://repo.maven.apache.org/maven2/io/smallrye/reactive/smallrye-mutiny-vertx-bridge-common/3.22.2/smallrye-mutiny-vertx-bridge-common-3.22.2.jar
[INFO] Downloaded from central: https://repo.maven.apache.org/maven2/io/smallrye/reactive/smallrye-mutiny-vertx-web/3.22.2/smallrye-mutiny-vertx-web-3.22.2.jar (150 kB at 192 kB/s)
[INFO] Downloading from central: https://repo.maven.apache.org/maven2/io/smallrye/reactive/smallrye-mutiny-vertx-uri-template/3.22.2/smallrye-mutiny-vertx-uri-template-3.22.2.jar
[INFO] Downloaded from central: https://repo.maven.apache.org/maven2/io/quarkus/security/quarkus-security/2.3.2/quarkus-security-2.3.2.jar (22 kB at 28 kB/s)
[INFO] Downloading from central: https://repo.maven.apache.org/maven2/io/vertx/vertx-uri-template/4.5.28/vertx-uri-template-4.5.28.jar
[INFO] Downloaded from central: https://repo.maven.apache.org/maven2/io/smallrye/reactive/smallrye-mutiny-vertx-web-common/3.22.2/smallrye-mutiny-vertx-web-common-3.22.2.jar (19 kB at 24 kB/s)
[INFO] Downloading from central: https://repo.maven.apache.org/maven2/com/aayushatharva/brotli4j/brotli4j/1.23.0/brotli4j-1.23.0.jar
[INFO] Downloaded from central: https://repo.maven.apache.org/maven2/io/smallrye/reactive/smallrye-mutiny-vertx-bridge-common/3.22.2/smallrye-mutiny-vertx-bridge-common-3.22.2.jar (6.4 kB at 7.7 kB/s)
[INFO] Downloading from central: https://repo.maven.apache.org/maven2/com/aayushatharva/brotli4j/service/1.23.0/service-1.23.0.jar
[INFO] Downloaded from central: https://repo.maven.apache.org/maven2/io/smallrye/reactive/smallrye-mutiny-vertx-auth-common/3.22.2/smallrye-mutiny-vertx-auth-common-3.22.2.jar (42 kB at 50 kB/s)
[INFO] Downloading from central: https://repo.maven.apache.org/maven2/com/aayushatharva/brotli4j/native-linux-x86_64/1.23.0/native-linux-x86_64-1.23.0.jar
[INFO] Downloaded from central: https://repo.maven.apache.org/maven2/io/smallrye/reactive/smallrye-mutiny-vertx-uri-template/3.22.2/smallrye-mutiny-vertx-uri-template-3.22.2.jar (7.8 kB at 9.2 kB/s)
[INFO] Downloading from central: https://repo.maven.apache.org/maven2/io/quarkus/quarkus-jsonp/3.37.3/quarkus-jsonp-3.37.3.jar
[INFO] Downloaded from central: https://repo.maven.apache.org/maven2/io/vertx/vertx-uri-template/4.5.28/vertx-uri-template-4.5.28.jar (35 kB at 40 kB/s)
[INFO] Downloading from central: https://repo.maven.apache.org/maven2/io/quarkus/quarkus-virtual-threads/3.37.3/quarkus-virtual-threads-3.37.3.jar
[INFO] Downloaded from central: https://repo.maven.apache.org/maven2/com/aayushatharva/brotli4j/brotli4j/1.23.0/brotli4j-1.23.0.jar (47 kB at 54 kB/s)
[INFO] Downloading from central: https://repo.maven.apache.org/maven2/io/vertx/vertx-core/4.5.28/vertx-core-4.5.28.jar
[INFO] Downloaded from central: https://repo.maven.apache.org/maven2/com/aayushatharva/brotli4j/service/1.23.0/service-1.23.0.jar (3.4 kB at 3.7 kB/s)
[INFO] Downloading from central: https://repo.maven.apache.org/maven2/io/netty/netty-common/4.1.135.Final/netty-common-4.1.135.Final.jar
[INFO] Downloaded from central: https://repo.maven.apache.org/maven2/io/quarkus/quarkus-jsonp/3.37.3/quarkus-jsonp-3.37.3.jar (7.5 kB at 8.1 kB/s)
[INFO] Downloading from central: https://repo.maven.apache.org/maven2/io/netty/netty-buffer/4.1.135.Final/netty-buffer-4.1.135.Final.jar
[INFO] Downloaded from central: https://repo.maven.apache.org/maven2/io/quarkus/quarkus-virtual-threads/3.37.3/quarkus-virtual-threads-3.37.3.jar (25 kB at 26 kB/s)
[INFO] Downloading from central: https://repo.maven.apache.org/maven2/io/netty/netty-transport/4.1.135.Final/netty-transport-4.1.135.Final.jar
[INFO] Downloaded from central: https://repo.maven.apache.org/maven2/com/aayushatharva/brotli4j/native-linux-x86_64/1.23.0/native-linux-x86_64-1.23.0.jar (444 kB at 466 kB/s)
[INFO] Downloading from central: https://repo.maven.apache.org/maven2/io/netty/netty-handler/4.1.135.Final/netty-handler-4.1.135.Final.jar
[INFO] Downloaded from central: https://repo.maven.apache.org/maven2/io/netty/netty-buffer/4.1.135.Final/netty-buffer-4.1.135.Final.jar (359 kB at 355 kB/s)
[INFO] Downloading from central: https://repo.maven.apache.org/maven2/io/netty/netty-transport-native-unix-common/4.1.135.Final/netty-transport-native-unix-common-4.1.135.Final.jar
[INFO] Downloaded from central: https://repo.maven.apache.org/maven2/io/netty/netty-common/4.1.135.Final/netty-common-4.1.135.Final.jar (739 kB at 721 kB/s)
[INFO] Downloading from central: https://repo.maven.apache.org/maven2/io/netty/netty-handler-proxy/4.1.135.Final/netty-handler-proxy-4.1.135.Final.jar
[INFO] Downloaded from central: https://repo.maven.apache.org/maven2/io/vertx/vertx-core/4.5.28/vertx-core-4.5.28.jar (1.7 MB at 1.6 MB/s)
[INFO] Downloading from central: https://repo.maven.apache.org/maven2/io/netty/netty-codec-socks/4.1.135.Final/netty-codec-socks-4.1.135.Final.jar
[INFO] Downloaded from central: https://repo.maven.apache.org/maven2/io/netty/netty-handler/4.1.135.Final/netty-handler-4.1.135.Final.jar (587 kB at 556 kB/s)
[INFO] Downloading from central: https://repo.maven.apache.org/maven2/io/netty/netty-codec-http/4.1.135.Final/netty-codec-http-4.1.135.Final.jar
[INFO] Downloaded from central: https://repo.maven.apache.org/maven2/io/netty/netty-transport/4.1.135.Final/netty-transport-4.1.135.Final.jar (522 kB at 488 kB/s)
[INFO] Downloading from central: https://repo.maven.apache.org/maven2/io/netty/netty-codec-http2/4.1.135.Final/netty-codec-http2-4.1.135.Final.jar
[INFO] Downloaded from central: https://repo.maven.apache.org/maven2/io/netty/netty-transport-native-unix-common/4.1.135.Final/netty-transport-native-unix-common-4.1.135.Final.jar (44 kB at 41 kB/s)
[INFO] Downloading from central: https://repo.maven.apache.org/maven2/io/netty/netty-resolver/4.1.135.Final/netty-resolver-4.1.135.Final.jar
[INFO] Downloaded from central: https://repo.maven.apache.org/maven2/io/netty/netty-handler-proxy/4.1.135.Final/netty-handler-proxy-4.1.135.Final.jar (26 kB at 23 kB/s)
[INFO] Downloading from central: https://repo.maven.apache.org/maven2/io/netty/netty-resolver-dns/4.1.135.Final/netty-resolver-dns-4.1.135.Final.jar
[INFO] Downloaded from central: https://repo.maven.apache.org/maven2/io/netty/netty-codec-socks/4.1.135.Final/netty-codec-socks-4.1.135.Final.jar (121 kB at 108 kB/s)
[INFO] Downloading from central: https://repo.maven.apache.org/maven2/io/netty/netty-codec-dns/4.1.135.Final/netty-codec-dns-4.1.135.Final.jar
[INFO] Downloaded from central: https://repo.maven.apache.org/maven2/io/netty/netty-codec-http/4.1.135.Final/netty-codec-http-4.1.135.Final.jar (691 kB at 601 kB/s)
[INFO] Downloading from central: https://repo.maven.apache.org/maven2/io/netty/netty-tcnative-classes/2.0.77.Final/netty-tcnative-classes-2.0.77.Final.jar
[INFO] Downloaded from central: https://repo.maven.apache.org/maven2/io/netty/netty-codec-http2/4.1.135.Final/netty-codec-http2-4.1.135.Final.jar (503 kB at 435 kB/s)
[INFO] Downloading from central: https://repo.maven.apache.org/maven2/io/quarkus/quarkus-arc/3.37.3/quarkus-arc-3.37.3.jar
[INFO] Downloaded from central: https://repo.maven.apache.org/maven2/io/netty/netty-resolver/4.1.135.Final/netty-resolver-4.1.135.Final.jar (38 kB at 32 kB/s)
[INFO] Downloading from central: https://repo.maven.apache.org/maven2/io/quarkus/arc/arc/3.37.3/arc-3.37.3.jar
[INFO] Downloaded from central: https://repo.maven.apache.org/maven2/io/netty/netty-resolver-dns/4.1.135.Final/netty-resolver-dns-4.1.135.Final.jar (189 kB at 159 kB/s)
[INFO] Downloading from central: https://repo.maven.apache.org/maven2/jakarta/transaction/jakarta.transaction-api/2.0.1/jakarta.transaction-api-2.0.1.jar
[INFO] Downloaded from central: https://repo.maven.apache.org/maven2/io/netty/netty-codec-dns/4.1.135.Final/netty-codec-dns-4.1.135.Final.jar (68 kB at 57 kB/s)
[INFO] Downloading from central: https://repo.maven.apache.org/maven2/io/quarkus/quarkus-ide-launcher/3.37.3/quarkus-ide-launcher-3.37.3.jar
[INFO] Downloaded from central: https://repo.maven.apache.org/maven2/io/netty/netty-tcnative-classes/2.0.77.Final/netty-tcnative-classes-2.0.77.Final.jar (37 kB at 31 kB/s)
[INFO] Downloading from central: https://repo.maven.apache.org/maven2/org/eclipse/microprofile/context-propagation/microprofile-context-propagation-api/1.3/microprofile-context-propagation-api-1.3.jar
[INFO] Downloaded from central: https://repo.maven.apache.org/maven2/io/quarkus/quarkus-arc/3.37.3/quarkus-arc-3.37.3.jar (71 kB at 57 kB/s)
[INFO] Downloading from central: https://repo.maven.apache.org/maven2/io/quarkus/quarkus-junit/3.37.3/quarkus-junit-3.37.3.jar
[INFO] Downloaded from central: https://repo.maven.apache.org/maven2/io/quarkus/arc/arc/3.37.3/arc-3.37.3.jar (289 kB at 229 kB/s)
[INFO] Downloading from central: https://repo.maven.apache.org/maven2/io/quarkus/quarkus-test-common/3.37.3/quarkus-test-common-3.37.3.jar
[INFO] Downloaded from central: https://repo.maven.apache.org/maven2/jakarta/transaction/jakarta.transaction-api/2.0.1/jakarta.transaction-api-2.0.1.jar (29 kB at 22 kB/s)
[INFO] Downloading from central: https://repo.maven.apache.org/maven2/org/apache/maven/resolver/maven-resolver-transport-http/1.9.25/maven-resolver-transport-http-1.9.25.jar
[INFO] Downloaded from central: https://repo.maven.apache.org/maven2/io/quarkus/quarkus-junit/3.37.3/quarkus-junit-3.37.3.jar (199 kB at 152 kB/s)
[INFO] Downloading from central: https://repo.maven.apache.org/maven2/com/google/code/gson/gson/2.14.0/gson-2.14.0.jar
[INFO] Downloaded from central: https://repo.maven.apache.org/maven2/org/eclipse/microprofile/context-propagation/microprofile-context-propagation-api/1.3/microprofile-context-propagation-api-1.3.jar (16 kB at 12 kB/s)
[INFO] Downloading from central: https://repo.maven.apache.org/maven2/com/google/errorprone/error_prone_annotations/2.49.0/error_prone_annotations-2.49.0.jar
[INFO] Downloaded from central: https://repo.maven.apache.org/maven2/io/quarkus/quarkus-test-common/3.37.3/quarkus-test-common-3.37.3.jar (148 kB at 110 kB/s)
[INFO] Downloading from central: https://repo.maven.apache.org/maven2/org/apache/maven/wagon/wagon-provider-api/3.5.3/wagon-provider-api-3.5.3.jar
[INFO] Downloaded from central: https://repo.maven.apache.org/maven2/org/apache/maven/resolver/maven-resolver-transport-http/1.9.25/maven-resolver-transport-http-1.9.25.jar (63 kB at 47 kB/s)
[INFO] Downloading from central: https://repo.maven.apache.org/maven2/org/apache/maven/wagon/wagon-http-shared/3.5.3/wagon-http-shared-3.5.3.jar
[INFO] Downloaded from central: https://repo.maven.apache.org/maven2/com/google/errorprone/error_prone_annotations/2.49.0/error_prone_annotations-2.49.0.jar (20 kB at 14 kB/s)
[INFO] Downloading from central: https://repo.maven.apache.org/maven2/org/apache/maven/resolver/maven-resolver-connector-basic/1.9.27/maven-resolver-connector-basic-1.9.27.jar
[INFO] Downloaded from central: https://repo.maven.apache.org/maven2/org/apache/maven/wagon/wagon-provider-api/3.5.3/wagon-provider-api-3.5.3.jar (55 kB at 39 kB/s)
[INFO] Downloading from central: https://repo.maven.apache.org/maven2/org/apache/maven/resolver/maven-resolver-transport-wagon/1.9.27/maven-resolver-transport-wagon-1.9.27.jar
[INFO] Downloaded from central: https://repo.maven.apache.org/maven2/com/google/code/gson/gson/2.14.0/gson-2.14.0.jar (314 kB at 220 kB/s)
[INFO] Downloading from central: https://repo.maven.apache.org/maven2/org/apache/maven/wagon/wagon-http/3.5.3/wagon-http-3.5.3.jar
[INFO] Downloaded from central: https://repo.maven.apache.org/maven2/org/apache/maven/wagon/wagon-http-shared/3.5.3/wagon-http-shared-3.5.3.jar (41 kB at 29 kB/s)
[INFO] Downloading from central: https://repo.maven.apache.org/maven2/org/apache/maven/wagon/wagon-file/3.5.3/wagon-file-3.5.3.jar
[INFO] Downloaded from central: https://repo.maven.apache.org/maven2/org/apache/maven/resolver/maven-resolver-connector-basic/1.9.27/maven-resolver-connector-basic-1.9.27.jar (40 kB at 28 kB/s)
[INFO] Downloading from central: https://repo.maven.apache.org/maven2/io/quarkus/quarkus-bootstrap-gradle-resolver/3.37.3/quarkus-bootstrap-gradle-resolver-3.37.3.jar
[INFO] Downloaded from central: https://repo.maven.apache.org/maven2/org/apache/maven/wagon/wagon-http/3.5.3/wagon-http-3.5.3.jar (9.4 kB at 6.3 kB/s)
[INFO] Downloading from central: https://repo.maven.apache.org/maven2/io/quarkus/quarkus-junit-config/3.37.3/quarkus-junit-config-3.37.3.jar
[INFO] Downloaded from central: https://repo.maven.apache.org/maven2/org/apache/maven/resolver/maven-resolver-transport-wagon/1.9.27/maven-resolver-transport-wagon-1.9.27.jar (32 kB at 22 kB/s)
[INFO] Downloading from central: https://repo.maven.apache.org/maven2/io/quarkus/quarkus-junit-common/3.37.3/quarkus-junit-common-3.37.3.jar
[INFO] Downloaded from central: https://repo.maven.apache.org/maven2/org/apache/maven/wagon/wagon-file/3.5.3/wagon-file-3.5.3.jar (11 kB at 7.5 kB/s)
[INFO] Downloaded from central: https://repo.maven.apache.org/maven2/io/quarkus/quarkus-junit-config/3.37.3/quarkus-junit-config-3.37.3.jar (19 kB at 12 kB/s)
[INFO] Downloaded from central: https://repo.maven.apache.org/maven2/io/quarkus/quarkus-junit-common/3.37.3/quarkus-junit-common-3.37.3.jar (12 kB at 7.6 kB/s)
[INFO] Downloaded from central: https://repo.maven.apache.org/maven2/io/quarkus/quarkus-bootstrap-gradle-resolver/3.37.3/quarkus-bootstrap-gradle-resolver-3.37.3.jar (3.0 MB at 1.8 MB/s)
[INFO] Downloaded from central: https://repo.maven.apache.org/maven2/io/quarkus/quarkus-ide-launcher/3.37.3/quarkus-ide-launcher-3.37.3.jar (16 MB at 9.1 MB/s)
[INFO] 
[INFO] --- resources:3.3.1:resources (default-resources) @ fixture ---
[INFO] Downloading from central: https://repo.maven.apache.org/maven2/org/codehaus/plexus/plexus-utils/3.5.1/plexus-utils-3.5.1.pom
[INFO] Downloaded from central: https://repo.maven.apache.org/maven2/org/codehaus/plexus/plexus-utils/3.5.1/plexus-utils-3.5.1.pom (8.8 kB at 146 kB/s)
[INFO] Downloading from central: https://repo.maven.apache.org/maven2/org/codehaus/plexus/plexus/10/plexus-10.pom
[INFO] Downloaded from central: https://repo.maven.apache.org/maven2/org/codehaus/plexus/plexus/10/plexus-10.pom (25 kB at 391 kB/s)
[INFO] Downloading from central: https://repo.maven.apache.org/maven2/org/apache/maven/shared/maven-filtering/3.3.1/maven-filtering-3.3.1.pom
[INFO] Downloaded from central: https://repo.maven.apache.org/maven2/org/apache/maven/shared/maven-filtering/3.3.1/maven-filtering-3.3.1.pom (6.0 kB at 94 kB/s)
[INFO] Downloading from central: https://repo.maven.apache.org/maven2/org/slf4j/slf4j-api/1.7.36/slf4j-api-1.7.36.pom
[INFO] Downloaded from central: https://repo.maven.apache.org/maven2/org/slf4j/slf4j-api/1.7.36/slf4j-api-1.7.36.pom (2.7 kB at 40 kB/s)
[INFO] Downloading from central: https://repo.maven.apache.org/maven2/org/slf4j/slf4j-parent/1.7.36/slf4j-parent-1.7.36.pom
[INFO] Downloaded from central: https://repo.maven.apache.org/maven2/org/slf4j/slf4j-parent/1.7.36/slf4j-parent-1.7.36.pom (14 kB at 198 kB/s)
[INFO] Downloading from central: https://repo.maven.apache.org/maven2/org/sonatype/plexus/plexus-build-api/0.0.7/plexus-build-api-0.0.7.pom
[INFO] Downloaded from central: https://repo.maven.apache.org/maven2/org/sonatype/plexus/plexus-build-api/0.0.7/plexus-build-api-0.0.7.pom (3.2 kB at 37 kB/s)
[INFO] Downloading from central: https://repo.maven.apache.org/maven2/org/sonatype/spice/spice-parent/15/spice-parent-15.pom
[INFO] Downloaded from central: https://repo.maven.apache.org/maven2/org/sonatype/spice/spice-parent/15/spice-parent-15.pom (8.4 kB at 101 kB/s)
[INFO] Downloading from central: https://repo.maven.apache.org/maven2/org/sonatype/forge/forge-parent/5/forge-parent-5.pom
[INFO] Downloaded from central: https://repo.maven.apache.org/maven2/org/sonatype/forge/forge-parent/5/forge-parent-5.pom (8.4 kB at 97 kB/s)
[INFO] Downloading from central: https://repo.maven.apache.org/maven2/org/codehaus/plexus/plexus-utils/3.5.0/plexus-utils-3.5.0.pom
[INFO] Downloaded from central: https://repo.maven.apache.org/maven2/org/codehaus/plexus/plexus-utils/3.5.0/plexus-utils-3.5.0.pom (8.0 kB at 146 kB/s)
[INFO] Downloading from central: https://repo.maven.apache.org/maven2/commons-io/commons-io/2.11.0/commons-io-2.11.0.pom
[INFO] Downloaded from central: https://repo.maven.apache.org/maven2/commons-io/commons-io/2.11.0/commons-io-2.11.0.pom (20 kB at 334 kB/s)
[INFO] Downloading from central: https://repo.maven.apache.org/maven2/org/apache/commons/commons-parent/52/commons-parent-52.pom
[INFO] Downloaded from central: https://repo.maven.apache.org/maven2/org/apache/commons/commons-parent/52/commons-parent-52.pom (79 kB at 1.0 MB/s)
[INFO] Downloading from central: https://repo.maven.apache.org/maven2/org/junit/junit-bom/5.7.2/junit-bom-5.7.2.pom
[INFO] Downloaded from central: https://repo.maven.apache.org/maven2/org/junit/junit-bom/5.7.2/junit-bom-5.7.2.pom (5.1 kB at 78 kB/s)
[INFO] Downloading from central: https://repo.maven.apache.org/maven2/org/apache/commons/commons-lang3/3.12.0/commons-lang3-3.12.0.pom
[INFO] Downloaded from central: https://repo.maven.apache.org/maven2/org/apache/commons/commons-lang3/3.12.0/commons-lang3-3.12.0.pom (31 kB at 479 kB/s)
[INFO] Downloading from central: https://repo.maven.apache.org/maven2/org/junit/junit-bom/5.7.1/junit-bom-5.7.1.pom
[INFO] Downloaded from central: https://repo.maven.apache.org/maven2/org/junit/junit-bom/5.7.1/junit-bom-5.7.1.pom (5.1 kB at 85 kB/s)
[INFO] Downloading from central: https://repo.maven.apache.org/maven2/org/codehaus/plexus/plexus-utils/3.5.1/plexus-utils-3.5.1.jar
[INFO] Downloaded from central: https://repo.maven.apache.org/maven2/org/codehaus/plexus/plexus-utils/3.5.1/plexus-utils-3.5.1.jar (269 kB at 3.7 MB/s)
[INFO] Downloading from central: https://repo.maven.apache.org/maven2/org/apache/maven/shared/maven-filtering/3.3.1/maven-filtering-3.3.1.jar
[INFO] Downloading from central: https://repo.maven.apache.org/maven2/org/slf4j/slf4j-api/1.7.36/slf4j-api-1.7.36.jar
[INFO] Downloading from central: https://repo.maven.apache.org/maven2/org/sonatype/plexus/plexus-build-api/0.0.7/plexus-build-api-0.0.7.jar
[INFO] Downloading from central: https://repo.maven.apache.org/maven2/commons-io/commons-io/2.11.0/commons-io-2.11.0.jar
[INFO] Downloading from central: https://repo.maven.apache.org/maven2/org/apache/commons/commons-lang3/3.12.0/commons-lang3-3.12.0.jar
[INFO] Downloaded from central: https://repo.maven.apache.org/maven2/commons-io/commons-io/2.11.0/commons-io-2.11.0.jar (327 kB at 3.9 MB/s)
[INFO] Downloaded from central: https://repo.maven.apache.org/maven2/org/apache/maven/shared/maven-filtering/3.3.1/maven-filtering-3.3.1.jar (55 kB at 625 kB/s)
[INFO] Downloaded from central: https://repo.maven.apache.org/maven2/org/apache/commons/commons-lang3/3.12.0/commons-lang3-3.12.0.jar (587 kB at 6.6 MB/s)
[INFO] Downloaded from central: https://repo.maven.apache.org/maven2/org/slf4j/slf4j-api/1.7.36/slf4j-api-1.7.36.jar (41 kB at 447 kB/s)
[INFO] Downloaded from central: https://repo.maven.apache.org/maven2/org/sonatype/plexus/plexus-build-api/0.0.7/plexus-build-api-0.0.7.jar (8.5 kB at 86 kB/s)
[INFO] Copying 1 resource from src/main/resources to target/classes
[INFO] 
[INFO] --- quarkus:3.37.3:generate-code (default-generate-code) @ fixture ---
[INFO] Downloading from central: https://repo.maven.apache.org/maven2/io/quarkus/platform/quarkus-bom-quarkus-platform-properties/3.37.3/quarkus-bom-quarkus-platform-properties-3.37.3.properties
[INFO] Downloaded from central: https://repo.maven.apache.org/maven2/io/quarkus/platform/quarkus-bom-quarkus-platform-properties/3.37.3/quarkus-bom-quarkus-platform-properties-3.37.3.properties (976 B at 15 kB/s)
[INFO] Downloading from central: https://repo.maven.apache.org/maven2/io/quarkus/quarkus-rest-kotlin/3.37.3/quarkus-rest-kotlin-3.37.3.jar
[INFO] Downloaded from central: https://repo.maven.apache.org/maven2/io/quarkus/quarkus-rest-kotlin/3.37.3/quarkus-rest-kotlin-3.37.3.jar (36 kB at 441 kB/s)
[INFO] Downloading from central: https://repo.maven.apache.org/maven2/io/quarkus/quarkus-rest-deployment/3.37.3/quarkus-rest-deployment-3.37.3.pom
[INFO] Downloading from central: https://repo.maven.apache.org/maven2/io/quarkus/quarkus-arc-deployment/3.37.3/quarkus-arc-deployment-3.37.3.pom
[INFO] Downloaded from central: https://repo.maven.apache.org/maven2/io/quarkus/quarkus-arc-deployment/3.37.3/quarkus-arc-deployment-3.37.3.pom (3.5 kB at 56 kB/s)
[INFO] Downloaded from central: https://repo.maven.apache.org/maven2/io/quarkus/quarkus-rest-deployment/3.37.3/quarkus-rest-deployment-3.37.3.pom (5.8 kB at 75 kB/s)
[INFO] Downloading from central: https://repo.maven.apache.org/maven2/io/quarkus/quarkus-smallrye-context-propagation-spi/3.37.3/quarkus-smallrye-context-propagation-spi-3.37.3.pom
[INFO] Downloading from central: https://repo.maven.apache.org/maven2/io/quarkus/resteasy/reactive/resteasy-reactive-processor/3.37.3/resteasy-reactive-processor-3.37.3.pom
[INFO] Downloaded from central: https://repo.maven.apache.org/maven2/io/quarkus/quarkus-smallrye-context-propagation-spi/3.37.3/quarkus-smallrye-context-propagation-spi-3.37.3.pom (1.0 kB at 16 kB/s)
[INFO] Downloading from central: https://repo.maven.apache.org/maven2/io/quarkus/quarkus-devui-deployment-spi/3.37.3/quarkus-devui-deployment-spi-3.37.3.pom
[INFO] Downloaded from central: https://repo.maven.apache.org/maven2/io/quarkus/resteasy/reactive/resteasy-reactive-processor/3.37.3/resteasy-reactive-processor-3.37.3.pom (2.8 kB at 33 kB/s)
[INFO] Downloaded from central: https://repo.maven.apache.org/maven2/io/quarkus/quarkus-devui-deployment-spi/3.37.3/quarkus-devui-deployment-spi-3.37.3.pom (796 B at 13 kB/s)
[INFO] Downloading from central: https://repo.maven.apache.org/maven2/io/quarkus/resteasy/reactive/resteasy-reactive-common-processor/3.37.3/resteasy-reactive-common-processor-3.37.3.pom
[INFO] Downloading from central: https://repo.maven.apache.org/maven2/io/quarkus/quarkus-devui-parent/3.37.3/quarkus-devui-parent-3.37.3.pom
[INFO] Downloaded from central: https://repo.maven.apache.org/maven2/io/quarkus/resteasy/reactive/resteasy-reactive-common-processor/3.37.3/resteasy-reactive-common-processor-3.37.3.pom (2.1 kB at 25 kB/s)
[INFO] Downloaded from central: https://repo.maven.apache.org/maven2/io/quarkus/quarkus-devui-parent/3.37.3/quarkus-devui-parent-3.37.3.pom (879 B at 14 kB/s)
[INFO] Downloading from central: https://repo.maven.apache.org/maven2/io/quarkus/quarkus-arc-dev/3.37.3/quarkus-arc-dev-3.37.3.pom
[INFO] Downloading from central: https://repo.maven.apache.org/maven2/io/quarkus/quarkus-vertx-http-deployment/3.37.3/quarkus-vertx-http-deployment-3.37.3.pom
[INFO] Downloaded from central: https://repo.maven.apache.org/maven2/io/quarkus/quarkus-arc-dev/3.37.3/quarkus-arc-dev-3.37.3.pom (823 B at 12 kB/s)
[INFO] Downloaded from central: https://repo.maven.apache.org/maven2/io/quarkus/quarkus-vertx-http-deployment/3.37.3/quarkus-vertx-http-deployment-3.37.3.pom (6.0 kB at 96 kB/s)
[INFO] Downloading from central: https://repo.maven.apache.org/maven2/io/quarkus/arc/arc-processor/3.37.3/arc-processor-3.37.3.pom
[INFO] Downloading from central: https://repo.maven.apache.org/maven2/io/quarkus/quarkus-vertx-deployment/3.37.3/quarkus-vertx-deployment-3.37.3.pom
[INFO] Downloaded from central: https://repo.maven.apache.org/maven2/io/quarkus/arc/arc-processor/3.37.3/arc-processor-3.37.3.pom (3.4 kB at 46 kB/s)
[INFO] Downloaded from central: https://repo.maven.apache.org/maven2/io/quarkus/quarkus-vertx-deployment/3.37.3/quarkus-vertx-deployment-3.37.3.pom (3.8 kB at 59 kB/s)
[INFO] Downloading from central: https://repo.maven.apache.org/maven2/io/quarkus/quarkus-arc-test-supplement/3.37.3/quarkus-arc-test-supplement-3.37.3.pom
[INFO] Downloaded from central: https://repo.maven.apache.org/maven2/io/quarkus/quarkus-arc-test-supplement/3.37.3/quarkus-arc-test-supplement-3.37.3.pom (833 B at 12 kB/s)
[INFO] Downloading from central: https://repo.maven.apache.org/maven2/io/quarkus/quarkus-arc-test-supplement-decorator/3.37.3/quarkus-arc-test-supplement-decorator-3.37.3.pom
[INFO] Downloaded from central: https://repo.maven.apache.org/maven2/io/quarkus/quarkus-arc-test-supplement-decorator/3.37.3/quarkus-arc-test-supplement-decorator-3.37.3.pom (1.3 kB at 21 kB/s)
[INFO] Downloading from central: https://repo.maven.apache.org/maven2/io/quarkus/quarkus-tls-registry-deployment-spi/3.37.3/quarkus-tls-registry-deployment-spi-3.37.3.pom
[INFO] Downloaded from central: https://repo.maven.apache.org/maven2/io/quarkus/quarkus-tls-registry-deployment-spi/3.37.3/quarkus-tls-registry-deployment-spi-3.37.3.pom (1.1 kB at 15 kB/s)
[INFO] Downloading from central: https://repo.maven.apache.org/maven2/io/quarkus/quarkus-netty-deployment/3.37.3/quarkus-netty-deployment-3.37.3.pom
[INFO] Downloaded from central: https://repo.maven.apache.org/maven2/io/quarkus/quarkus-netty-deployment/3.37.3/quarkus-netty-deployment-3.37.3.pom (1.9 kB at 28 kB/s)
[INFO] Downloading from central: https://repo.maven.apache.org/maven2/io/quarkus/quarkus-virtual-threads-deployment/3.37.3/quarkus-virtual-threads-deployment-3.37.3.pom
[INFO] Downloaded from central: https://repo.maven.apache.org/maven2/io/quarkus/quarkus-virtual-threads-deployment/3.37.3/quarkus-virtual-threads-deployment-3.37.3.pom (2.0 kB at 30 kB/s)
[INFO] Downloading from central: https://repo.maven.apache.org/maven2/io/quarkus/quarkus-mutiny-deployment/3.37.3/quarkus-mutiny-deployment-3.37.3.pom
[INFO] Downloaded from central: https://repo.maven.apache.org/maven2/io/quarkus/quarkus-mutiny-deployment/3.37.3/quarkus-mutiny-deployment-3.37.3.pom (2.2 kB at 34 kB/s)
[INFO] Downloading from central: https://repo.maven.apache.org/maven2/io/quarkus/quarkus-smallrye-context-propagation-deployment/3.37.3/quarkus-smallrye-context-propagation-deployment-3.37.3.pom
[INFO] Downloaded from central: https://repo.maven.apache.org/maven2/io/quarkus/quarkus-smallrye-context-propagation-deployment/3.37.3/quarkus-smallrye-context-propagation-deployment-3.37.3.pom (2.3 kB at 32 kB/s)
[INFO] Downloading from central: https://repo.maven.apache.org/maven2/io/quarkus/quarkus-jackson-spi/3.37.3/quarkus-jackson-spi-3.37.3.pom
[INFO] Downloaded from central: https://repo.maven.apache.org/maven2/io/quarkus/quarkus-jackson-spi/3.37.3/quarkus-jackson-spi-3.37.3.pom (830 B at 13 kB/s)
[INFO] Downloading from central: https://repo.maven.apache.org/maven2/io/quarkus/quarkus-jackson-parent/3.37.3/quarkus-jackson-parent-3.37.3.pom
[INFO] Downloaded from central: https://repo.maven.apache.org/maven2/io/quarkus/quarkus-jackson-parent/3.37.3/quarkus-jackson-parent-3.37.3.pom (766 B at 12 kB/s)
[INFO] Downloading from central: https://repo.maven.apache.org/maven2/io/quarkus/quarkus-vertx-deployment-spi/3.37.3/quarkus-vertx-deployment-spi-3.37.3.pom
[INFO] Downloaded from central: https://repo.maven.apache.org/maven2/io/quarkus/quarkus-vertx-deployment-spi/3.37.3/quarkus-vertx-deployment-spi-3.37.3.pom (904 B at 14 kB/s)
[INFO] Downloading from central: https://repo.maven.apache.org/maven2/io/quarkus/quarkus-vertx-http-deployment-spi/3.37.3/quarkus-vertx-http-deployment-spi-3.37.3.pom
[INFO] Downloaded from central: https://repo.maven.apache.org/maven2/io/quarkus/quarkus-vertx-http-deployment-spi/3.37.3/quarkus-vertx-http-deployment-spi-3.37.3.pom (957 B at 15 kB/s)
[INFO] Downloading from central: https://repo.maven.apache.org/maven2/io/quarkus/quarkus-tls-registry-deployment/3.37.3/quarkus-tls-registry-deployment-3.37.3.pom
[INFO] Downloaded from central: https://repo.maven.apache.org/maven2/io/quarkus/quarkus-tls-registry-deployment/3.37.3/quarkus-tls-registry-deployment-3.37.3.pom (3.7 kB at 51 kB/s)
[INFO] Downloading from central: https://repo.maven.apache.org/maven2/io/quarkus/quarkus-credentials-deployment/3.37.3/quarkus-credentials-deployment-3.37.3.pom
[INFO] Downloaded from central: https://repo.maven.apache.org/maven2/io/quarkus/quarkus-credentials-deployment/3.37.3/quarkus-credentials-deployment-3.37.3.pom (1.9 kB at 28 kB/s)
[INFO] Downloading from central: https://repo.maven.apache.org/maven2/io/quarkus/quarkus-kubernetes-spi/3.37.3/quarkus-kubernetes-spi-3.37.3.pom
[INFO] Downloaded from central: https://repo.maven.apache.org/maven2/io/quarkus/quarkus-kubernetes-spi/3.37.3/quarkus-kubernetes-spi-3.37.3.pom (1.2 kB at 20 kB/s)
[INFO] Downloading from central: https://repo.maven.apache.org/maven2/io/quarkus/quarkus-kubernetes-parent/3.37.3/quarkus-kubernetes-parent-3.37.3.pom
[INFO] Downloaded from central: https://repo.maven.apache.org/maven2/io/quarkus/quarkus-kubernetes-parent/3.37.3/quarkus-kubernetes-parent-3.37.3.pom (834 B at 12 kB/s)
[INFO] Downloading from central: https://repo.maven.apache.org/maven2/io/quarkus/quarkus-security-spi/3.37.3/quarkus-security-spi-3.37.3.pom
[INFO] Downloaded from central: https://repo.maven.apache.org/maven2/io/quarkus/quarkus-security-spi/3.37.3/quarkus-security-spi-3.37.3.pom (1.7 kB at 24 kB/s)
[INFO] Downloading from central: https://repo.maven.apache.org/maven2/io/quarkus/quarkus-rest-dev/3.37.3/quarkus-rest-dev-3.37.3.pom
[INFO] Downloaded from central: https://repo.maven.apache.org/maven2/io/quarkus/quarkus-rest-dev/3.37.3/quarkus-rest-dev-3.37.3.pom (972 B at 15 kB/s)
[INFO] Downloading from central: https://repo.maven.apache.org/maven2/io/quarkus/quarkus-rest-server-spi-deployment/3.37.3/quarkus-rest-server-spi-deployment-3.37.3.pom
[INFO] Downloaded from central: https://repo.maven.apache.org/maven2/io/quarkus/quarkus-rest-server-spi-deployment/3.37.3/quarkus-rest-server-spi-deployment-3.37.3.pom (954 B at 15 kB/s)
[INFO] Downloading from central: https://repo.maven.apache.org/maven2/io/quarkus/quarkus-rest-spi-deployment/3.37.3/quarkus-rest-spi-deployment-3.37.3.pom
[INFO] Downloaded from central: https://repo.maven.apache.org/maven2/io/quarkus/quarkus-rest-spi-deployment/3.37.3/quarkus-rest-spi-deployment-3.37.3.pom (896 B at 14 kB/s)
[INFO] Downloading from central: https://repo.maven.apache.org/maven2/io/quarkus/quarkus-jaxrs-spi-deployment/3.37.3/quarkus-jaxrs-spi-deployment-3.37.3.pom
[INFO] Downloaded from central: https://repo.maven.apache.org/maven2/io/quarkus/quarkus-jaxrs-spi-deployment/3.37.3/quarkus-jaxrs-spi-deployment-3.37.3.pom (774 B at 11 kB/s)
[INFO] Downloading from central: https://repo.maven.apache.org/maven2/io/quarkus/quarkus-jaxrs-spi-parent/3.37.3/quarkus-jaxrs-spi-parent-3.37.3.pom
[INFO] Downloaded from central: https://repo.maven.apache.org/maven2/io/quarkus/quarkus-jaxrs-spi-parent/3.37.3/quarkus-jaxrs-spi-parent-3.37.3.pom (718 B at 11 kB/s)
[INFO] Downloading from central: https://repo.maven.apache.org/maven2/io/quarkus/quarkus-jsonp-deployment/3.37.3/quarkus-jsonp-deployment-3.37.3.pom
[INFO] Downloaded from central: https://repo.maven.apache.org/maven2/io/quarkus/quarkus-jsonp-deployment/3.37.3/quarkus-jsonp-deployment-3.37.3.pom (1.7 kB at 26 kB/s)
[INFO] Downloading from central: https://repo.maven.apache.org/maven2/io/quarkus/quarkus-rest-common-deployment/3.37.3/quarkus-rest-common-deployment-3.37.3.pom
[INFO] Downloaded from central: https://repo.maven.apache.org/maven2/io/quarkus/quarkus-rest-common-deployment/3.37.3/quarkus-rest-common-deployment-3.37.3.pom (3.9 kB at 59 kB/s)
[INFO] Downloading from central: https://repo.maven.apache.org/maven2/io/quarkus/quarkus-rest-deployment/3.37.3/quarkus-rest-deployment-3.37.3.jar
[INFO] Downloading from central: https://repo.maven.apache.org/maven2/io/quarkus/resteasy/reactive/resteasy-reactive-common-processor/3.37.3/resteasy-reactive-common-processor-3.37.3.jar
[INFO] Downloading from central: https://repo.maven.apache.org/maven2/io/quarkus/resteasy/reactive/resteasy-reactive-processor/3.37.3/resteasy-reactive-processor-3.37.3.jar
[INFO] Downloading from central: https://repo.maven.apache.org/maven2/io/quarkus/quarkus-tls-registry-deployment-spi/3.37.3/quarkus-tls-registry-deployment-spi-3.37.3.jar
[INFO] Downloading from central: https://repo.maven.apache.org/maven2/io/quarkus/quarkus-vertx-http-deployment/3.37.3/quarkus-vertx-http-deployment-3.37.3.jar
[INFO] Downloading from central: https://repo.maven.apache.org/maven2/io/quarkus/quarkus-vertx-deployment/3.37.3/quarkus-vertx-deployment-3.37.3.jar
[INFO] Downloading from central: https://repo.maven.apache.org/maven2/io/quarkus/quarkus-netty-deployment/3.37.3/quarkus-netty-deployment-3.37.3.jar
[INFO] Downloaded from central: https://repo.maven.apache.org/maven2/io/quarkus/quarkus-rest-deployment/3.37.3/quarkus-rest-deployment-3.37.3.jar (163 kB at 2.0 MB/s)
[INFO] Downloaded from central: https://repo.maven.apache.org/maven2/io/quarkus/quarkus-vertx-http-deployment/3.37.3/quarkus-vertx-http-deployment-3.37.3.jar (148 kB at 1.9 MB/s)
[INFO] Downloaded from central: https://repo.maven.apache.org/maven2/io/quarkus/resteasy/reactive/resteasy-reactive-common-processor/3.37.3/resteasy-reactive-common-processor-3.37.3.jar (131 kB at 1.5 MB/s)
[INFO] Downloaded from central: https://repo.maven.apache.org/maven2/io/quarkus/resteasy/reactive/resteasy-reactive-processor/3.37.3/resteasy-reactive-processor-3.37.3.jar (153 kB at 1.8 MB/s)
[INFO] Downloaded from central: https://repo.maven.apache.org/maven2/io/quarkus/quarkus-tls-registry-deployment-spi/3.37.3/quarkus-tls-registry-deployment-spi-3.37.3.jar (7.7 kB at 82 kB/s)
[INFO] Downloading from central: https://repo.maven.apache.org/maven2/io/quarkus/quarkus-jackson-spi/3.37.3/quarkus-jackson-spi-3.37.3.jar
[INFO] Downloading from central: https://repo.maven.apache.org/maven2/io/quarkus/quarkus-vertx-deployment-spi/3.37.3/quarkus-vertx-deployment-spi-3.37.3.jar
[INFO] Downloading from central: https://repo.maven.apache.org/maven2/io/quarkus/quarkus-vertx-http-deployment-spi/3.37.3/quarkus-vertx-http-deployment-spi-3.37.3.jar
[INFO] Downloading from central: https://repo.maven.apache.org/maven2/io/quarkus/quarkus-mutiny-deployment/3.37.3/quarkus-mutiny-deployment-3.37.3.jar
[INFO] Downloading from central: https://repo.maven.apache.org/maven2/io/quarkus/quarkus-smallrye-context-propagation-deployment/3.37.3/quarkus-smallrye-context-propagation-deployment-3.37.3.jar
[INFO] Downloaded from central: https://repo.maven.apache.org/maven2/io/quarkus/quarkus-vertx-deployment-spi/3.37.3/quarkus-vertx-deployment-spi-3.37.3.jar (7.1 kB at 80 kB/s)
[INFO] Downloaded from central: https://repo.maven.apache.org/maven2/io/quarkus/quarkus-jackson-spi/3.37.3/quarkus-jackson-spi-3.37.3.jar (9.7 kB at 104 kB/s)
[INFO] Downloaded from central: https://repo.maven.apache.org/maven2/io/quarkus/quarkus-smallrye-context-propagation-deployment/3.37.3/quarkus-smallrye-context-propagation-deployment-3.37.3.jar (25 kB at 300 kB/s)
[INFO] Downloaded from central: https://repo.maven.apache.org/maven2/io/quarkus/quarkus-vertx-http-deployment-spi/3.37.3/quarkus-vertx-http-deployment-spi-3.37.3.jar (18 kB at 189 kB/s)
[INFO] Downloaded from central: https://repo.maven.apache.org/maven2/io/quarkus/quarkus-netty-deployment/3.37.3/quarkus-netty-deployment-3.37.3.jar (38 kB at 167 kB/s)
[INFO] Downloaded from central: https://repo.maven.apache.org/maven2/io/quarkus/quarkus-mutiny-deployment/3.37.3/quarkus-mutiny-deployment-3.37.3.jar (17 kB at 161 kB/s)
[INFO] Downloaded from central: https://repo.maven.apache.org/maven2/io/quarkus/quarkus-vertx-deployment/3.37.3/quarkus-vertx-deployment-3.37.3.jar (57 kB at 235 kB/s)
[INFO] Downloading from central: https://repo.maven.apache.org/maven2/io/quarkus/quarkus-tls-registry-deployment/3.37.3/quarkus-tls-registry-deployment-3.37.3.jar
[INFO] Downloading from central: https://repo.maven.apache.org/maven2/io/quarkus/quarkus-credentials-deployment/3.37.3/quarkus-credentials-deployment-3.37.3.jar
[INFO] Downloading from central: https://repo.maven.apache.org/maven2/io/quarkus/quarkus-kubernetes-spi/3.37.3/quarkus-kubernetes-spi-3.37.3.jar
[INFO] Downloading from central: https://repo.maven.apache.org/maven2/io/quarkus/quarkus-devui-deployment-spi/3.37.3/quarkus-devui-deployment-spi-3.37.3.jar
[INFO] Downloading from central: https://repo.maven.apache.org/maven2/io/quarkus/quarkus-rest-dev/3.37.3/quarkus-rest-dev-3.37.3.jar
[INFO] Downloading from central: https://repo.maven.apache.org/maven2/io/quarkus/quarkus-rest-server-spi-deployment/3.37.3/quarkus-rest-server-spi-deployment-3.37.3.jar
[INFO] Downloading from central: https://repo.maven.apache.org/maven2/io/quarkus/quarkus-rest-spi-deployment/3.37.3/quarkus-rest-spi-deployment-3.37.3.jar
[INFO] Downloaded from central: https://repo.maven.apache.org/maven2/io/quarkus/quarkus-rest-dev/3.37.3/quarkus-rest-dev-3.37.3.jar (10 kB at 132 kB/s)
[INFO] Downloaded from central: https://repo.maven.apache.org/maven2/io/quarkus/quarkus-credentials-deployment/3.37.3/quarkus-credentials-deployment-3.37.3.jar (9.5 kB at 109 kB/s)
[INFO] Downloaded from central: https://repo.maven.apache.org/maven2/io/quarkus/quarkus-kubernetes-spi/3.37.3/quarkus-kubernetes-spi-3.37.3.jar (43 kB at 471 kB/s)
[INFO] Downloaded from central: https://repo.maven.apache.org/maven2/io/quarkus/quarkus-devui-deployment-spi/3.37.3/quarkus-devui-deployment-spi-3.37.3.jar (72 kB at 810 kB/s)
[INFO] Downloaded from central: https://repo.maven.apache.org/maven2/io/quarkus/quarkus-rest-spi-deployment/3.37.3/quarkus-rest-spi-deployment-3.37.3.jar (33 kB at 401 kB/s)
[INFO] Downloaded from central: https://repo.maven.apache.org/maven2/io/quarkus/quarkus-rest-server-spi-deployment/3.37.3/quarkus-rest-server-spi-deployment-3.37.3.jar (16 kB at 188 kB/s)
[INFO] Downloading from central: https://repo.maven.apache.org/maven2/io/quarkus/quarkus-jaxrs-spi-deployment/3.37.3/quarkus-jaxrs-spi-deployment-3.37.3.jar
[INFO] Downloading from central: https://repo.maven.apache.org/maven2/io/quarkus/quarkus-security-spi/3.37.3/quarkus-security-spi-3.37.3.jar
[INFO] Downloading from central: https://repo.maven.apache.org/maven2/io/quarkus/quarkus-jsonp-deployment/3.37.3/quarkus-jsonp-deployment-3.37.3.jar
[INFO] Downloading from central: https://repo.maven.apache.org/maven2/io/quarkus/quarkus-rest-common-deployment/3.37.3/quarkus-rest-common-deployment-3.37.3.jar
[INFO] Downloading from central: https://repo.maven.apache.org/maven2/io/quarkus/quarkus-virtual-threads-deployment/3.37.3/quarkus-virtual-threads-deployment-3.37.3.jar
[INFO] Downloading from central: https://repo.maven.apache.org/maven2/io/quarkus/quarkus-arc-deployment/3.37.3/quarkus-arc-deployment-3.37.3.jar
[INFO] Downloaded from central: https://repo.maven.apache.org/maven2/io/quarkus/quarkus-tls-registry-deployment/3.37.3/quarkus-tls-registry-deployment-3.37.3.jar (16 kB at 91 kB/s)
[INFO] Downloaded from central: https://repo.maven.apache.org/maven2/io/quarkus/quarkus-jsonp-deployment/3.37.3/quarkus-jsonp-deployment-3.37.3.jar (10 kB at 124 kB/s)
[INFO] Downloaded from central: https://repo.maven.apache.org/maven2/io/quarkus/quarkus-security-spi/3.37.3/quarkus-security-spi-3.37.3.jar (42 kB at 423 kB/s)
[INFO] Downloaded from central: https://repo.maven.apache.org/maven2/io/quarkus/quarkus-virtual-threads-deployment/3.37.3/quarkus-virtual-threads-deployment-3.37.3.jar (11 kB at 118 kB/s)
[INFO] Downloaded from central: https://repo.maven.apache.org/maven2/io/quarkus/quarkus-jaxrs-spi-deployment/3.37.3/quarkus-jaxrs-spi-deployment-3.37.3.jar (7.1 kB at 66 kB/s)
[INFO] Downloaded from central: https://repo.maven.apache.org/maven2/io/quarkus/quarkus-rest-common-deployment/3.37.3/quarkus-rest-common-deployment-3.37.3.jar (42 kB at 420 kB/s)
[INFO] Downloaded from central: https://repo.maven.apache.org/maven2/io/quarkus/quarkus-arc-deployment/3.37.3/quarkus-arc-deployment-3.37.3.jar (343 kB at 3.1 MB/s)
[INFO] Downloading from central: https://repo.maven.apache.org/maven2/io/quarkus/quarkus-arc-test-supplement-decorator/3.37.3/quarkus-arc-test-supplement-decorator-3.37.3.jar
[INFO] Downloading from central: https://repo.maven.apache.org/maven2/io/quarkus/quarkus-arc-test-supplement/3.37.3/quarkus-arc-test-supplement-3.37.3.jar
[INFO] Downloading from central: https://repo.maven.apache.org/maven2/io/quarkus/quarkus-arc-dev/3.37.3/quarkus-arc-dev-3.37.3.jar
[INFO] Downloading from central: https://repo.maven.apache.org/maven2/io/quarkus/quarkus-smallrye-context-propagation-spi/3.37.3/quarkus-smallrye-context-propagation-spi-3.37.3.jar
[INFO] Downloading from central: https://repo.maven.apache.org/maven2/io/quarkus/arc/arc-processor/3.37.3/arc-processor-3.37.3.jar
[INFO] Downloaded from central: https://repo.maven.apache.org/maven2/io/quarkus/quarkus-arc-dev/3.37.3/quarkus-arc-dev-3.37.3.jar (25 kB at 336 kB/s)
[INFO] Downloaded from central: https://repo.maven.apache.org/maven2/io/quarkus/quarkus-smallrye-context-propagation-spi/3.37.3/quarkus-smallrye-context-propagation-spi-3.37.3.jar (7.4 kB at 92 kB/s)
[INFO] Downloaded from central: https://repo.maven.apache.org/maven2/io/quarkus/quarkus-arc-test-supplement-decorator/3.37.3/quarkus-arc-test-supplement-decorator-3.37.3.jar (8.4 kB at 100 kB/s)
[INFO] Downloaded from central: https://repo.maven.apache.org/maven2/io/quarkus/quarkus-arc-test-supplement/3.37.3/quarkus-arc-test-supplement-3.37.3.jar (12 kB at 131 kB/s)
[INFO] Downloaded from central: https://repo.maven.apache.org/maven2/io/quarkus/arc/arc-processor/3.37.3/arc-processor-3.37.3.jar (803 kB at 6.6 MB/s)
[INFO] 
[INFO] --- compiler:3.15.0:compile (default-compile) @ fixture ---
[INFO] Downloading from central: https://repo.maven.apache.org/maven2/org/ow2/asm/asm/9.9.1/asm-9.9.1.pom
[INFO] Downloaded from central: https://repo.maven.apache.org/maven2/org/ow2/asm/asm/9.9.1/asm-9.9.1.pom (2.4 kB at 42 kB/s)
[INFO] Downloading from central: https://repo.maven.apache.org/maven2/org/apache/maven/shared/maven-shared-incremental/1.1/maven-shared-incremental-1.1.pom
[INFO] Downloaded from central: https://repo.maven.apache.org/maven2/org/apache/maven/shared/maven-shared-incremental/1.1/maven-shared-incremental-1.1.pom (4.7 kB at 72 kB/s)
[INFO] Downloading from central: https://repo.maven.apache.org/maven2/org/apache/maven/shared/maven-shared-components/19/maven-shared-components-19.pom
[INFO] Downloaded from central: https://repo.maven.apache.org/maven2/org/apache/maven/shared/maven-shared-components/19/maven-shared-components-19.pom (6.4 kB at 98 kB/s)
[INFO] Downloading from central: https://repo.maven.apache.org/maven2/org/apache/maven/maven-parent/23/maven-parent-23.pom
[INFO] Downloaded from central: https://repo.maven.apache.org/maven2/org/apache/maven/maven-parent/23/maven-parent-23.pom (33 kB at 479 kB/s)
[INFO] Downloading from central: https://repo.maven.apache.org/maven2/org/apache/apache/13/apache-13.pom
[INFO] Downloaded from central: https://repo.maven.apache.org/maven2/org/apache/apache/13/apache-13.pom (14 kB at 215 kB/s)
[INFO] Downloading from central: https://repo.maven.apache.org/maven2/org/codehaus/plexus/plexus-java/1.5.2/plexus-java-1.5.2.pom
[INFO] Downloaded from central: https://repo.maven.apache.org/maven2/org/codehaus/plexus/plexus-java/1.5.2/plexus-java-1.5.2.pom (4.1 kB at 65 kB/s)
[INFO] Downloading from central: https://repo.maven.apache.org/maven2/org/codehaus/plexus/plexus-languages/1.5.2/plexus-languages-1.5.2.pom
[INFO] Downloaded from central: https://repo.maven.apache.org/maven2/org/codehaus/plexus/plexus-languages/1.5.2/plexus-languages-1.5.2.pom (3.9 kB at 64 kB/s)
[INFO] Downloading from central: https://repo.maven.apache.org/maven2/org/codehaus/plexus/plexus/24/plexus-24.pom
[INFO] Downloaded from central: https://repo.maven.apache.org/maven2/org/codehaus/plexus/plexus/24/plexus-24.pom (31 kB at 483 kB/s)
[INFO] Downloading from central: https://repo.maven.apache.org/maven2/com/thoughtworks/qdox/qdox/2.2.0/qdox-2.2.0.pom
[INFO] Downloaded from central: https://repo.maven.apache.org/maven2/com/thoughtworks/qdox/qdox/2.2.0/qdox-2.2.0.pom (18 kB at 208 kB/s)
[INFO] Downloading from central: https://repo.maven.apache.org/maven2/org/codehaus/plexus/plexus-compiler-api/2.16.2/plexus-compiler-api-2.16.2.pom
[INFO] Downloaded from central: https://repo.maven.apache.org/maven2/org/codehaus/plexus/plexus-compiler-api/2.16.2/plexus-compiler-api-2.16.2.pom (1.4 kB at 21 kB/s)
[INFO] Downloading from central: https://repo.maven.apache.org/maven2/org/codehaus/plexus/plexus-compiler/2.16.2/plexus-compiler-2.16.2.pom
[INFO] Downloaded from central: https://repo.maven.apache.org/maven2/org/codehaus/plexus/plexus-compiler/2.16.2/plexus-compiler-2.16.2.pom (7.5 kB at 101 kB/s)
[INFO] Downloading from central: https://repo.maven.apache.org/maven2/org/codehaus/plexus/plexus-utils/4.0.2/plexus-utils-4.0.2.pom
[INFO] Downloaded from central: https://repo.maven.apache.org/maven2/org/codehaus/plexus/plexus-utils/4.0.2/plexus-utils-4.0.2.pom (13 kB at 225 kB/s)
[INFO] Downloading from central: https://repo.maven.apache.org/maven2/org/codehaus/plexus/plexus-compiler-manager/2.16.2/plexus-compiler-manager-2.16.2.pom
[INFO] Downloaded from central: https://repo.maven.apache.org/maven2/org/codehaus/plexus/plexus-compiler-manager/2.16.2/plexus-compiler-manager-2.16.2.pom (1.3 kB at 16 kB/s)
[INFO] Downloading from central: https://repo.maven.apache.org/maven2/org/codehaus/plexus/plexus-xml/3.0.1/plexus-xml-3.0.1.pom
[INFO] Downloaded from central: https://repo.maven.apache.org/maven2/org/codehaus/plexus/plexus-xml/3.0.1/plexus-xml-3.0.1.pom (3.7 kB at 63 kB/s)
[INFO] Downloading from central: https://repo.maven.apache.org/maven2/org/codehaus/plexus/plexus/18/plexus-18.pom
[INFO] Downloaded from central: https://repo.maven.apache.org/maven2/org/codehaus/plexus/plexus/18/plexus-18.pom (29 kB at 424 kB/s)
[INFO] Downloading from central: https://repo.maven.apache.org/maven2/org/junit/junit-bom/5.10.2/junit-bom-5.10.2.pom
[INFO] Downloaded from central: https://repo.maven.apache.org/maven2/org/junit/junit-bom/5.10.2/junit-bom-5.10.2.pom (5.6 kB at 76 kB/s)
[INFO] Downloading from central: https://repo.maven.apache.org/maven2/org/codehaus/plexus/plexus-compiler-javac/2.16.2/plexus-compiler-javac-2.16.2.pom
[INFO] Downloaded from central: https://repo.maven.apache.org/maven2/org/codehaus/plexus/plexus-compiler-javac/2.16.2/plexus-compiler-javac-2.16.2.pom (1.3 kB at 20 kB/s)
[INFO] Downloading from central: https://repo.maven.apache.org/maven2/org/codehaus/plexus/plexus-compilers/2.16.2/plexus-compilers-2.16.2.pom
[INFO] Downloaded from central: https://repo.maven.apache.org/maven2/org/codehaus/plexus/plexus-compilers/2.16.2/plexus-compilers-2.16.2.pom (1.6 kB at 22 kB/s)
[INFO] Downloading from central: https://repo.maven.apache.org/maven2/org/ow2/asm/asm/9.9.1/asm-9.9.1.jar
[INFO] Downloaded from central: https://repo.maven.apache.org/maven2/org/ow2/asm/asm/9.9.1/asm-9.9.1.jar (126 kB at 1.7 MB/s)
[INFO] Downloading from central: https://repo.maven.apache.org/maven2/org/apache/maven/shared/maven-shared-incremental/1.1/maven-shared-incremental-1.1.jar
[INFO] Downloading from central: https://repo.maven.apache.org/maven2/org/codehaus/plexus/plexus-java/1.5.2/plexus-java-1.5.2.jar
[INFO] Downloading from central: https://repo.maven.apache.org/maven2/com/thoughtworks/qdox/qdox/2.2.0/qdox-2.2.0.jar
[INFO] Downloading from central: https://repo.maven.apache.org/maven2/org/codehaus/plexus/plexus-compiler-api/2.16.2/plexus-compiler-api-2.16.2.jar
[INFO] Downloading from central: https://repo.maven.apache.org/maven2/org/codehaus/plexus/plexus-compiler-manager/2.16.2/plexus-compiler-manager-2.16.2.jar
[INFO] Downloaded from central: https://repo.maven.apache.org/maven2/org/codehaus/plexus/plexus-compiler-manager/2.16.2/plexus-compiler-manager-2.16.2.jar (5.2 kB at 65 kB/s)
[INFO] Downloading from central: https://repo.maven.apache.org/maven2/org/codehaus/plexus/plexus-xml/3.0.1/plexus-xml-3.0.1.jar
[INFO] Downloaded from central: https://repo.maven.apache.org/maven2/org/apache/maven/shared/maven-shared-incremental/1.1/maven-shared-incremental-1.1.jar (14 kB at 163 kB/s)
[INFO] Downloading from central: https://repo.maven.apache.org/maven2/org/codehaus/plexus/plexus-compiler-javac/2.16.2/plexus-compiler-javac-2.16.2.jar
[INFO] Downloaded from central: https://repo.maven.apache.org/maven2/org/codehaus/plexus/plexus-compiler-api/2.16.2/plexus-compiler-api-2.16.2.jar (29 kB at 350 kB/s)
[INFO] Downloading from central: https://repo.maven.apache.org/maven2/org/codehaus/plexus/plexus-utils/4.0.2/plexus-utils-4.0.2.jar
[INFO] Downloaded from central: https://repo.maven.apache.org/maven2/org/codehaus/plexus/plexus-java/1.5.2/plexus-java-1.5.2.jar (57 kB at 637 kB/s)
[INFO] Downloaded from central: https://repo.maven.apache.org/maven2/com/thoughtworks/qdox/qdox/2.2.0/qdox-2.2.0.jar (353 kB at 3.3 MB/s)
[INFO] Downloaded from central: https://repo.maven.apache.org/maven2/org/codehaus/plexus/plexus-xml/3.0.1/plexus-xml-3.0.1.jar (94 kB at 664 kB/s)
[INFO] Downloaded from central: https://repo.maven.apache.org/maven2/org/codehaus/plexus/plexus-utils/4.0.2/plexus-utils-4.0.2.jar (193 kB at 1.3 MB/s)
[INFO] Downloaded from central: https://repo.maven.apache.org/maven2/org/codehaus/plexus/plexus-compiler-javac/2.16.2/plexus-compiler-javac-2.16.2.jar (30 kB at 192 kB/s)
[INFO] Recompiling the module because of changed source code.
[INFO] Compiling 2 source files with javac [debug parameters release 25] to target/classes
[INFO] 
[INFO] --- resources:3.3.1:testResources (default-testResources) @ fixture ---
[INFO] skip non existing resourceDirectory /w/src/test/resources
[INFO] 
[INFO] --- quarkus:3.37.3:generate-code-tests (default-generate-code-tests) @ fixture ---
[INFO] 
[INFO] --- compiler:3.15.0:testCompile (default-testCompile) @ fixture ---
[INFO] No sources to compile
[INFO] 
[INFO] --- surefire:3.5.6:test (default-test) @ fixture ---
[INFO] Downloading from central: https://repo.maven.apache.org/maven2/org/apache/maven/surefire/surefire-api/3.5.6/surefire-api-3.5.6.pom
[INFO] Downloaded from central: https://repo.maven.apache.org/maven2/org/apache/maven/surefire/surefire-api/3.5.6/surefire-api-3.5.6.pom (3.7 kB at 42 kB/s)
[INFO] Downloading from central: https://repo.maven.apache.org/maven2/org/apache/maven/surefire/surefire-logger-api/3.5.6/surefire-logger-api-3.5.6.pom
[INFO] Downloaded from central: https://repo.maven.apache.org/maven2/org/apache/maven/surefire/surefire-logger-api/3.5.6/surefire-logger-api-3.5.6.pom (3.5 kB at 42 kB/s)
[INFO] Downloading from central: https://repo.maven.apache.org/maven2/org/apache/maven/surefire/surefire-shared-utils/3.5.6/surefire-shared-utils-3.5.6.pom
[INFO] Downloaded from central: https://repo.maven.apache.org/maven2/org/apache/maven/surefire/surefire-shared-utils/3.5.6/surefire-shared-utils-3.5.6.pom (4.0 kB at 49 kB/s)
[INFO] Downloading from central: https://repo.maven.apache.org/maven2/org/apache/maven/surefire/surefire-extensions-api/3.5.6/surefire-extensions-api-3.5.6.pom
[INFO] Downloaded from central: https://repo.maven.apache.org/maven2/org/apache/maven/surefire/surefire-extensions-api/3.5.6/surefire-extensions-api-3.5.6.pom (3.6 kB at 46 kB/s)
[INFO] Downloading from central: https://repo.maven.apache.org/maven2/org/apache/maven/surefire/maven-surefire-common/3.5.6/maven-surefire-common-3.5.6.pom
[INFO] Downloaded from central: https://repo.maven.apache.org/maven2/org/apache/maven/surefire/maven-surefire-common/3.5.6/maven-surefire-common-3.5.6.pom (7.3 kB at 91 kB/s)
[INFO] Downloading from central: https://repo.maven.apache.org/maven2/org/apache/maven/surefire/surefire-booter/3.5.6/surefire-booter-3.5.6.pom
[INFO] Downloaded from central: https://repo.maven.apache.org/maven2/org/apache/maven/surefire/surefire-booter/3.5.6/surefire-booter-3.5.6.pom (5.1 kB at 64 kB/s)
[INFO] Downloading from central: https://repo.maven.apache.org/maven2/org/apache/maven/surefire/surefire-extensions-spi/3.5.6/surefire-extensions-spi-3.5.6.pom
[INFO] Downloaded from central: https://repo.maven.apache.org/maven2/org/apache/maven/surefire/surefire-extensions-spi/3.5.6/surefire-extensions-spi-3.5.6.pom (1.7 kB at 21 kB/s)
[INFO] Downloading from central: https://repo.maven.apache.org/maven2/org/apache/maven/resolver/maven-resolver-util/1.4.1/maven-resolver-util-1.4.1.pom
[INFO] Downloaded from central: https://repo.maven.apache.org/maven2/org/apache/maven/resolver/maven-resolver-util/1.4.1/maven-resolver-util-1.4.1.pom (2.8 kB at 40 kB/s)
[INFO] Downloading from central: https://repo.maven.apache.org/maven2/org/apache/maven/resolver/maven-resolver/1.4.1/maven-resolver-1.4.1.pom
[INFO] Downloaded from central: https://repo.maven.apache.org/maven2/org/apache/maven/resolver/maven-resolver/1.4.1/maven-resolver-1.4.1.pom (18 kB at 256 kB/s)
[INFO] Downloading from central: https://repo.maven.apache.org/maven2/org/apache/maven/maven-parent/33/maven-parent-33.pom
[INFO] Downloaded from central: https://repo.maven.apache.org/maven2/org/apache/maven/maven-parent/33/maven-parent-33.pom (44 kB at 559 kB/s)
[INFO] Downloading from central: https://repo.maven.apache.org/maven2/org/apache/maven/resolver/maven-resolver-api/1.4.1/maven-resolver-api-1.4.1.pom
[INFO] Downloaded from central: https://repo.maven.apache.org/maven2/org/apache/maven/resolver/maven-resolver-api/1.4.1/maven-resolver-api-1.4.1.pom (2.6 kB at 38 kB/s)
[INFO] Downloading from central: https://repo.maven.apache.org/maven2/org/apache/maven/shared/maven-common-artifact-filters/3.4.0/maven-common-artifact-filters-3.4.0.pom
[INFO] Downloaded from central: https://repo.maven.apache.org/maven2/org/apache/maven/shared/maven-common-artifact-filters/3.4.0/maven-common-artifact-filters-3.4.0.pom (5.4 kB at 72 kB/s)
[INFO] Downloading from central: https://repo.maven.apache.org/maven2/org/apache/maven/shared/maven-shared-components/42/maven-shared-components-42.pom
[INFO] Downloaded from central: https://repo.maven.apache.org/maven2/org/apache/maven/shared/maven-shared-components/42/maven-shared-components-42.pom (3.8 kB at 51 kB/s)
[INFO] Downloading from central: https://repo.maven.apache.org/maven2/org/apache/maven/maven-parent/42/maven-parent-42.pom
[INFO] Downloaded from central: https://repo.maven.apache.org/maven2/org/apache/maven/maven-parent/42/maven-parent-42.pom (50 kB at 673 kB/s)
[INFO] Downloading from central: https://repo.maven.apache.org/maven2/org/apache/apache/32/apache-32.pom
[INFO] Downloaded from central: https://repo.maven.apache.org/maven2/org/apache/apache/32/apache-32.pom (24 kB at 299 kB/s)
[INFO] Downloading from central: https://repo.maven.apache.org/maven2/org/apache/maven/surefire/surefire-api/3.5.6/surefire-api-3.5.6.jar
[INFO] Downloaded from central: https://repo.maven.apache.org/maven2/org/apache/maven/surefire/surefire-api/3.5.6/surefire-api-3.5.6.jar (174 kB at 2.1 MB/s)
[INFO] Downloading from central: https://repo.maven.apache.org/maven2/org/apache/maven/surefire/surefire-logger-api/3.5.6/surefire-logger-api-3.5.6.jar
[INFO] Downloading from central: https://repo.maven.apache.org/maven2/org/apache/maven/surefire/surefire-shared-utils/3.5.6/surefire-shared-utils-3.5.6.jar
[INFO] Downloading from central: https://repo.maven.apache.org/maven2/org/apache/maven/surefire/surefire-extensions-api/3.5.6/surefire-extensions-api-3.5.6.jar
[INFO] Downloading from central: https://repo.maven.apache.org/maven2/org/apache/maven/surefire/maven-surefire-common/3.5.6/maven-surefire-common-3.5.6.jar
[INFO] Downloading from central: https://repo.maven.apache.org/maven2/org/apache/maven/surefire/surefire-booter/3.5.6/surefire-booter-3.5.6.jar
[INFO] Downloaded from central: https://repo.maven.apache.org/maven2/org/apache/maven/surefire/surefire-extensions-api/3.5.6/surefire-extensions-api-3.5.6.jar (26 kB at 283 kB/s)
[INFO] Downloading from central: https://repo.maven.apache.org/maven2/org/apache/maven/surefire/surefire-extensions-spi/3.5.6/surefire-extensions-spi-3.5.6.jar
[INFO] Downloaded from central: https://repo.maven.apache.org/maven2/org/apache/maven/surefire/surefire-logger-api/3.5.6/surefire-logger-api-3.5.6.jar (14 kB at 146 kB/s)
[INFO] Downloading from central: https://repo.maven.apache.org/maven2/org/apache/maven/resolver/maven-resolver-util/1.4.1/maven-resolver-util-1.4.1.jar
[INFO] Downloaded from central: https://repo.maven.apache.org/maven2/org/apache/maven/surefire/surefire-booter/3.5.6/surefire-booter-3.5.6.jar (123 kB at 1.2 MB/s)
[INFO] Downloading from central: https://repo.maven.apache.org/maven2/org/apache/maven/resolver/maven-resolver-api/1.4.1/maven-resolver-api-1.4.1.jar
[INFO] Downloaded from central: https://repo.maven.apache.org/maven2/org/apache/maven/surefire/maven-surefire-common/3.5.6/maven-surefire-common-3.5.6.jar (317 kB at 3.2 MB/s)
[INFO] Downloading from central: https://repo.maven.apache.org/maven2/org/apache/maven/shared/maven-common-artifact-filters/3.4.0/maven-common-artifact-filters-3.4.0.jar
[INFO] Downloaded from central: https://repo.maven.apache.org/maven2/org/apache/maven/surefire/surefire-extensions-spi/3.5.6/surefire-extensions-spi-3.5.6.jar (8.2 kB at 50 kB/s)
[INFO] Downloaded from central: https://repo.maven.apache.org/maven2/org/apache/maven/resolver/maven-resolver-util/1.4.1/maven-resolver-util-1.4.1.jar (168 kB at 991 kB/s)
[INFO] Downloaded from central: https://repo.maven.apache.org/maven2/org/apache/maven/resolver/maven-resolver-api/1.4.1/maven-resolver-api-1.4.1.jar (149 kB at 832 kB/s)
[INFO] Downloaded from central: https://repo.maven.apache.org/maven2/org/apache/maven/shared/maven-common-artifact-filters/3.4.0/maven-common-artifact-filters-3.4.0.jar (58 kB at 318 kB/s)
[INFO] Downloaded from central: https://repo.maven.apache.org/maven2/org/apache/maven/surefire/surefire-shared-utils/3.5.6/surefire-shared-utils-3.5.6.jar (3.0 MB at 16 MB/s)
[INFO] Tests are skipped.
[INFO] 
[INFO] --- quarkus:3.37.3:build (default-build) @ fixture ---
[INFO] [io.quarkus.deployment.QuarkusAugmentor] Quarkus augmentation completed in 10180ms
[INFO] ------------------------------------------------------------------------
[INFO] BUILD SUCCESS
[INFO] ------------------------------------------------------------------------
[INFO] Total time:  01:17 min
[INFO] Finished at: 2026-07-24T20:29:13Z
[INFO] ------------------------------------------------------------------------
