WARNING: A restricted method in java.lang.System has been called
WARNING: java.lang.System::load has been called by org.fusesource.jansi.internal.JansiLoader in an unnamed module (file:/tmp/apache-maven-3.9.9/lib/jansi-2.4.1.jar)
WARNING: Use --enable-native-access=ALL-UNNAMED to avoid a warning for callers in this module
WARNING: Restricted methods will be blocked in a future release unless native access is enabled

WARNING: A terminally deprecated method in sun.misc.Unsafe has been called
WARNING: sun.misc.Unsafe::objectFieldOffset has been called by com.google.common.util.concurrent.AbstractFuture$UnsafeAtomicHelper (file:/tmp/apache-maven-3.9.9/lib/guava-33.2.1-jre.jar)
WARNING: Please consider reporting this to the maintainers of class com.google.common.util.concurrent.AbstractFuture$UnsafeAtomicHelper
WARNING: sun.misc.Unsafe::objectFieldOffset will be removed in a future release
[INFO] Scanning for projects...
[INFO] Downloading from central: https://repo.maven.apache.org/maven2/io/quarkus/platform/quarkus-maven-plugin/3.37.3/quarkus-maven-plugin-3.37.3.pom
[INFO] Downloaded from central: https://repo.maven.apache.org/maven2/io/quarkus/platform/quarkus-maven-plugin/3.37.3/quarkus-maven-plugin-3.37.3.pom (10 kB at 25 kB/s)
[INFO] Downloading from central: https://repo.maven.apache.org/maven2/io/quarkus/platform/quarkus-bom/3.37.3/quarkus-bom-3.37.3.pom
[INFO] Downloaded from central: https://repo.maven.apache.org/maven2/io/quarkus/platform/quarkus-bom/3.37.3/quarkus-bom-3.37.3.pom (410 kB at 2.7 MB/s)
[INFO] Downloading from central: https://repo.maven.apache.org/maven2/io/quarkus/platform/quarkus-maven-plugin/3.37.3/quarkus-maven-plugin-3.37.3.jar
[INFO] Downloaded from central: https://repo.maven.apache.org/maven2/io/quarkus/platform/quarkus-maven-plugin/3.37.3/quarkus-maven-plugin-3.37.3.jar (932 kB at 4.0 MB/s)
[INFO] 
[INFO] ------------------< org.apache.maven:standalone-pom >-------------------
[INFO] Building Maven Stub Project (No POM) 1
[INFO] --------------------------------[ pom ]---------------------------------
[INFO] 
[INFO] --- quarkus:3.37.3:create (default-cli) @ standalone-pom ---
[INFO] Downloading from central: https://repo.maven.apache.org/maven2/io/quarkus/quarkus-bootstrap-core/3.37.3/quarkus-bootstrap-core-3.37.3.pom
[INFO] Downloaded from central: https://repo.maven.apache.org/maven2/io/quarkus/quarkus-bootstrap-core/3.37.3/quarkus-bootstrap-core-3.37.3.pom (5.2 kB at 49 kB/s)
[INFO] Downloading from central: https://repo.maven.apache.org/maven2/io/quarkus/quarkus-bootstrap-parent/3.37.3/quarkus-bootstrap-parent-3.37.3.pom
[INFO] Downloaded from central: https://repo.maven.apache.org/maven2/io/quarkus/quarkus-bootstrap-parent/3.37.3/quarkus-bootstrap-parent-3.37.3.pom (15 kB at 144 kB/s)
[INFO] Downloading from central: https://repo.maven.apache.org/maven2/io/quarkus/quarkus-parent/3.37.3/quarkus-parent-3.37.3.pom
[INFO] Downloaded from central: https://repo.maven.apache.org/maven2/io/quarkus/quarkus-parent/3.37.3/quarkus-parent-3.37.3.pom (32 kB at 303 kB/s)
[INFO] Downloading from central: https://repo.maven.apache.org/maven2/io/quarkus/quarkus-bootstrap-bom/3.37.3/quarkus-bootstrap-bom-3.37.3.pom
[INFO] Downloaded from central: https://repo.maven.apache.org/maven2/io/quarkus/quarkus-bootstrap-bom/3.37.3/quarkus-bootstrap-bom-3.37.3.pom (23 kB at 208 kB/s)
[INFO] Downloading from gradle: https://repo.gradle.org/artifactory/libs-releases/io/smallrye/common/smallrye-common-bom/2.18.1/smallrye-common-bom-2.18.1.pom
[INFO] Downloading from central: https://repo.maven.apache.org/maven2/io/smallrye/common/smallrye-common-bom/2.18.1/smallrye-common-bom-2.18.1.pom
[INFO] Downloaded from central: https://repo.maven.apache.org/maven2/io/smallrye/common/smallrye-common-bom/2.18.1/smallrye-common-bom-2.18.1.pom (5.6 kB at 52 kB/s)
[INFO] Downloading from central: https://repo.maven.apache.org/maven2/io/quarkus/quarkus-bootstrap-bom-test/3.37.3/quarkus-bootstrap-bom-test-3.37.3.pom
[INFO] Downloaded from central: https://repo.maven.apache.org/maven2/io/quarkus/quarkus-bootstrap-bom-test/3.37.3/quarkus-bootstrap-bom-test-3.37.3.pom (3.0 kB at 29 kB/s)
[INFO] Downloading from gradle: https://repo.gradle.org/artifactory/libs-releases/org/junit/junit-bom/6.1.1/junit-bom-6.1.1.pom
[INFO] Downloading from central: https://repo.maven.apache.org/maven2/org/junit/junit-bom/6.1.1/junit-bom-6.1.1.pom
[INFO] Downloaded from central: https://repo.maven.apache.org/maven2/org/junit/junit-bom/6.1.1/junit-bom-6.1.1.pom (5.4 kB at 55 kB/s)
[INFO] Downloading from central: https://repo.maven.apache.org/maven2/io/quarkus/quarkus-classloader-commons/3.37.3/quarkus-classloader-commons-3.37.3.pom
[INFO] Downloaded from central: https://repo.maven.apache.org/maven2/io/quarkus/quarkus-classloader-commons/3.37.3/quarkus-classloader-commons-3.37.3.pom (1.5 kB at 15 kB/s)
[INFO] Downloading from central: https://repo.maven.apache.org/maven2/io/quarkus/quarkus-value-registry/3.37.3/quarkus-value-registry-3.37.3.pom
[INFO] Downloaded from central: https://repo.maven.apache.org/maven2/io/quarkus/quarkus-value-registry/3.37.3/quarkus-value-registry-3.37.3.pom (806 B at 8.0 kB/s)
[INFO] Downloading from central: https://repo.maven.apache.org/maven2/io/quarkus/quarkus-bootstrap-app-model/3.37.3/quarkus-bootstrap-app-model-3.37.3.pom
[INFO] Downloaded from central: https://repo.maven.apache.org/maven2/io/quarkus/quarkus-bootstrap-app-model/3.37.3/quarkus-bootstrap-app-model-3.37.3.pom (3.7 kB at 36 kB/s)
[INFO] Downloading from central: https://repo.maven.apache.org/maven2/io/quarkus/quarkus-fs-util/1.4.2/quarkus-fs-util-1.4.2.pom
[INFO] Downloaded from central: https://repo.maven.apache.org/maven2/io/quarkus/quarkus-fs-util/1.4.2/quarkus-fs-util-1.4.2.pom (10 kB at 95 kB/s)
[INFO] Downloading from central: https://repo.maven.apache.org/maven2/org/jboss/jboss-parent/51/jboss-parent-51.pom
[INFO] Downloaded from central: https://repo.maven.apache.org/maven2/org/jboss/jboss-parent/51/jboss-parent-51.pom (104 kB at 924 kB/s)
[INFO] Downloading from central: https://repo.maven.apache.org/maven2/org/jboss/logging/jboss-logging/3.6.3.Final/jboss-logging-3.6.3.Final.pom
[INFO] Downloaded from central: https://repo.maven.apache.org/maven2/org/jboss/logging/jboss-logging/3.6.3.Final/jboss-logging-3.6.3.Final.pom (23 kB at 190 kB/s)
[INFO] Downloading from central: https://repo.maven.apache.org/maven2/org/jboss/jboss-parent/52/jboss-parent-52.pom
[INFO] Downloaded from central: https://repo.maven.apache.org/maven2/org/jboss/jboss-parent/52/jboss-parent-52.pom (102 kB at 1.0 MB/s)
[INFO] Downloading from central: https://repo.maven.apache.org/maven2/org/junit/junit-bom/5.13.4/junit-bom-5.13.4.pom
[INFO] Downloaded from central: https://repo.maven.apache.org/maven2/org/junit/junit-bom/5.13.4/junit-bom-5.13.4.pom (5.7 kB at 61 kB/s)
[INFO] Downloading from central: https://repo.maven.apache.org/maven2/io/smallrye/classfile/jdk-classfile-backport/26/jdk-classfile-backport-26.pom
[INFO] Downloaded from central: https://repo.maven.apache.org/maven2/io/smallrye/classfile/jdk-classfile-backport/26/jdk-classfile-backport-26.pom (4.0 kB at 35 kB/s)
[INFO] Downloading from central: https://repo.maven.apache.org/maven2/io/smallrye/smallrye-build-parent/48/smallrye-build-parent-48.pom
[INFO] Downloaded from central: https://repo.maven.apache.org/maven2/io/smallrye/smallrye-build-parent/48/smallrye-build-parent-48.pom (69 kB at 621 kB/s)
[INFO] Downloading from central: https://repo.maven.apache.org/maven2/org/jboss/logging/commons-logging-jboss-logging/2.0.0.Final/commons-logging-jboss-logging-2.0.0.Final.pom
[INFO] Downloaded from central: https://repo.maven.apache.org/maven2/org/jboss/logging/commons-logging-jboss-logging/2.0.0.Final/commons-logging-jboss-logging-2.0.0.Final.pom (13 kB at 111 kB/s)
[INFO] Downloading from central: https://repo.maven.apache.org/maven2/io/quarkus/quarkus-bootstrap-json/3.37.3/quarkus-bootstrap-json-3.37.3.pom
[INFO] Downloaded from central: https://repo.maven.apache.org/maven2/io/quarkus/quarkus-bootstrap-json/3.37.3/quarkus-bootstrap-json-3.37.3.pom (2.9 kB at 26 kB/s)
[INFO] Downloading from central: https://repo.maven.apache.org/maven2/io/smallrye/common/smallrye-common-io/2.18.1/smallrye-common-io-2.18.1.pom
[INFO] Downloaded from central: https://repo.maven.apache.org/maven2/io/smallrye/common/smallrye-common-io/2.18.1/smallrye-common-io-2.18.1.pom (2.9 kB at 26 kB/s)
[INFO] Downloading from central: https://repo.maven.apache.org/maven2/io/smallrye/common/smallrye-common-parent/2.18.1/smallrye-common-parent-2.18.1.pom
[INFO] Downloaded from central: https://repo.maven.apache.org/maven2/io/smallrye/common/smallrye-common-parent/2.18.1/smallrye-common-parent-2.18.1.pom (10 kB at 84 kB/s)
[INFO] Downloading from central: https://repo.maven.apache.org/maven2/io/smallrye/smallrye-parent/49/smallrye-parent-49.pom
[INFO] Downloaded from central: https://repo.maven.apache.org/maven2/io/smallrye/smallrye-parent/49/smallrye-parent-49.pom (5.9 kB at 58 kB/s)
[INFO] Downloading from central: https://repo.maven.apache.org/maven2/io/smallrye/smallrye-build-parent/49/smallrye-build-parent-49.pom
[INFO] Downloaded from central: https://repo.maven.apache.org/maven2/io/smallrye/smallrye-build-parent/49/smallrye-build-parent-49.pom (66 kB at 572 kB/s)
[INFO] Downloading from central: https://repo.maven.apache.org/maven2/org/jboss/shrinkwrap/shrinkwrap-bom/1.2.6/shrinkwrap-bom-1.2.6.pom
[INFO] Downloaded from central: https://repo.maven.apache.org/maven2/org/jboss/shrinkwrap/shrinkwrap-bom/1.2.6/shrinkwrap-bom-1.2.6.pom (4.0 kB at 34 kB/s)
[INFO] Downloading from central: https://repo.maven.apache.org/maven2/org/junit/junit-bom/6.0.3/junit-bom-6.0.3.pom
[INFO] Downloaded from central: https://repo.maven.apache.org/maven2/org/junit/junit-bom/6.0.3/junit-bom-6.0.3.pom (5.1 kB at 53 kB/s)
[INFO] Downloading from central: https://repo.maven.apache.org/maven2/io/smallrye/common/smallrye-common-constraint/2.18.1/smallrye-common-constraint-2.18.1.pom
[INFO] Downloaded from central: https://repo.maven.apache.org/maven2/io/smallrye/common/smallrye-common-constraint/2.18.1/smallrye-common-constraint-2.18.1.pom (2.5 kB at 21 kB/s)
[INFO] Downloading from central: https://repo.maven.apache.org/maven2/io/quarkus/quarkus-bootstrap-maven-resolver/3.37.3/quarkus-bootstrap-maven-resolver-3.37.3.pom
[INFO] Downloaded from central: https://repo.maven.apache.org/maven2/io/quarkus/quarkus-bootstrap-maven-resolver/3.37.3/quarkus-bootstrap-maven-resolver-3.37.3.pom (7.4 kB at 73 kB/s)
[INFO] Downloading from central: https://repo.maven.apache.org/maven2/io/smallrye/beanbag/smallrye-beanbag-maven/1.6.1/smallrye-beanbag-maven-1.6.1.pom
[INFO] Downloaded from central: https://repo.maven.apache.org/maven2/io/smallrye/beanbag/smallrye-beanbag-maven/1.6.1/smallrye-beanbag-maven-1.6.1.pom (6.8 kB at 57 kB/s)
[INFO] Downloading from central: https://repo.maven.apache.org/maven2/io/smallrye/beanbag/smallrye-beanbag-parent/1.6.1/smallrye-beanbag-parent-1.6.1.pom
[INFO] Downloaded from central: https://repo.maven.apache.org/maven2/io/smallrye/beanbag/smallrye-beanbag-parent/1.6.1/smallrye-beanbag-parent-1.6.1.pom (16 kB at 132 kB/s)
[INFO] Downloading from central: https://repo.maven.apache.org/maven2/io/smallrye/smallrye-parent/48/smallrye-parent-48.pom
[INFO] Downloaded from central: https://repo.maven.apache.org/maven2/io/smallrye/smallrye-parent/48/smallrye-parent-48.pom (5.9 kB at 64 kB/s)
[INFO] Downloading from central: https://repo.maven.apache.org/maven2/io/smallrye/common/smallrye-common-bom/2.15.0/smallrye-common-bom-2.15.0.pom
[INFO] Downloaded from central: https://repo.maven.apache.org/maven2/io/smallrye/common/smallrye-common-bom/2.15.0/smallrye-common-bom-2.15.0.pom (5.4 kB at 52 kB/s)
[INFO] Downloading from central: https://repo.maven.apache.org/maven2/org/junit/junit-bom/6.0.1/junit-bom-6.0.1.pom
[INFO] Downloaded from central: https://repo.maven.apache.org/maven2/org/junit/junit-bom/6.0.1/junit-bom-6.0.1.pom (5.1 kB at 57 kB/s)
[INFO] Downloading from central: https://repo.maven.apache.org/maven2/io/smallrye/beanbag/smallrye-beanbag-sisu/1.6.1/smallrye-beanbag-sisu-1.6.1.pom
[INFO] Downloaded from central: https://repo.maven.apache.org/maven2/io/smallrye/beanbag/smallrye-beanbag-sisu/1.6.1/smallrye-beanbag-sisu-1.6.1.pom (1.4 kB at 13 kB/s)
[INFO] Downloading from central: https://repo.maven.apache.org/maven2/io/smallrye/beanbag/smallrye-beanbag/1.6.1/smallrye-beanbag-1.6.1.pom
[INFO] Downloaded from central: https://repo.maven.apache.org/maven2/io/smallrye/beanbag/smallrye-beanbag/1.6.1/smallrye-beanbag-1.6.1.pom (964 B at 8.8 kB/s)
[INFO] Downloading from central: https://repo.maven.apache.org/maven2/javax/inject/javax.inject/1/javax.inject-1.pom
[INFO] Downloaded from central: https://repo.maven.apache.org/maven2/javax/inject/javax.inject/1/javax.inject-1.pom (612 B at 5.7 kB/s)
[INFO] Downloading from central: https://repo.maven.apache.org/maven2/commons-codec/commons-codec/1.22.0/commons-codec-1.22.0.pom
[INFO] Downloaded from central: https://repo.maven.apache.org/maven2/commons-codec/commons-codec/1.22.0/commons-codec-1.22.0.pom (19 kB at 176 kB/s)
[INFO] Downloading from central: https://repo.maven.apache.org/maven2/org/apache/commons/commons-parent/98/commons-parent-98.pom
[INFO] Downloaded from central: https://repo.maven.apache.org/maven2/org/apache/commons/commons-parent/98/commons-parent-98.pom (80 kB at 614 kB/s)
[INFO] Downloading from central: https://repo.maven.apache.org/maven2/org/apache/apache/37/apache-37.pom
[INFO] Downloaded from central: https://repo.maven.apache.org/maven2/org/apache/apache/37/apache-37.pom (26 kB at 239 kB/s)
[INFO] Downloading from central: https://repo.maven.apache.org/maven2/org/junit/junit-bom/5.14.2/junit-bom-5.14.2.pom
[INFO] Downloaded from central: https://repo.maven.apache.org/maven2/org/junit/junit-bom/5.14.2/junit-bom-5.14.2.pom (5.7 kB at 62 kB/s)
[INFO] Downloading from central: https://repo.maven.apache.org/maven2/org/apache/commons/commons-lang3/3.20.0/commons-lang3-3.20.0.pom
[INFO] Downloaded from central: https://repo.maven.apache.org/maven2/org/apache/commons/commons-lang3/3.20.0/commons-lang3-3.20.0.pom (33 kB at 276 kB/s)
[INFO] Downloading from central: https://repo.maven.apache.org/maven2/org/apache/commons/commons-parent/92/commons-parent-92.pom
[INFO] Downloaded from central: https://repo.maven.apache.org/maven2/org/apache/commons/commons-parent/92/commons-parent-92.pom (80 kB at 687 kB/s)
[INFO] Downloading from central: https://repo.maven.apache.org/maven2/org/apache/apache/35/apache-35.pom
[INFO] Downloaded from central: https://repo.maven.apache.org/maven2/org/apache/apache/35/apache-35.pom (24 kB at 261 kB/s)
[INFO] Downloading from central: https://repo.maven.apache.org/maven2/org/apache/httpcomponents/httpclient/4.5.14/httpclient-4.5.14.pom
[INFO] Downloaded from central: https://repo.maven.apache.org/maven2/org/apache/httpcomponents/httpclient/4.5.14/httpclient-4.5.14.pom (6.6 kB at 59 kB/s)
[INFO] Downloading from central: https://repo.maven.apache.org/maven2/org/apache/httpcomponents/httpcomponents-client/4.5.14/httpcomponents-client-4.5.14.pom
[INFO] Downloaded from central: https://repo.maven.apache.org/maven2/org/apache/httpcomponents/httpcomponents-client/4.5.14/httpcomponents-client-4.5.14.pom (15 kB at 136 kB/s)
[INFO] Downloading from central: https://repo.maven.apache.org/maven2/org/apache/httpcomponents/httpcomponents-parent/11/httpcomponents-parent-11.pom
[INFO] Downloaded from central: https://repo.maven.apache.org/maven2/org/apache/httpcomponents/httpcomponents-parent/11/httpcomponents-parent-11.pom (35 kB at 289 kB/s)
[INFO] Downloading from central: https://repo.maven.apache.org/maven2/org/apache/apache/21/apache-21.pom
[INFO] Downloaded from central: https://repo.maven.apache.org/maven2/org/apache/apache/21/apache-21.pom (17 kB at 182 kB/s)
[INFO] Downloading from central: https://repo.maven.apache.org/maven2/org/apache/httpcomponents/httpcore/4.4.16/httpcore-4.4.16.pom
[INFO] Downloaded from central: https://repo.maven.apache.org/maven2/org/apache/httpcomponents/httpcore/4.4.16/httpcore-4.4.16.pom (5.0 kB at 45 kB/s)
[INFO] Downloading from central: https://repo.maven.apache.org/maven2/org/apache/httpcomponents/httpcomponents-core/4.4.16/httpcomponents-core-4.4.16.pom
[INFO] Downloaded from central: https://repo.maven.apache.org/maven2/org/apache/httpcomponents/httpcomponents-core/4.4.16/httpcomponents-core-4.4.16.pom (12 kB at 109 kB/s)
[INFO] Downloading from central: https://repo.maven.apache.org/maven2/org/apache/maven/maven-artifact/3.9.16/maven-artifact-3.9.16.pom
[INFO] Downloaded from central: https://repo.maven.apache.org/maven2/org/apache/maven/maven-artifact/3.9.16/maven-artifact-3.9.16.pom (2.3 kB at 20 kB/s)
[INFO] Downloading from central: https://repo.maven.apache.org/maven2/org/apache/maven/maven/3.9.16/maven-3.9.16.pom
[INFO] Downloaded from central: https://repo.maven.apache.org/maven2/org/apache/maven/maven/3.9.16/maven-3.9.16.pom (27 kB at 225 kB/s)
[INFO] Downloading from central: https://repo.maven.apache.org/maven2/org/apache/maven/maven-parent/48/maven-parent-48.pom
[INFO] Downloaded from central: https://repo.maven.apache.org/maven2/org/apache/maven/maven-parent/48/maven-parent-48.pom (50 kB at 426 kB/s)
[INFO] Downloading from central: https://repo.maven.apache.org/maven2/org/apache/apache/38/apache-38.pom
[INFO] Downloaded from central: https://repo.maven.apache.org/maven2/org/apache/apache/38/apache-38.pom (26 kB at 261 kB/s)
[INFO] Downloading from central: https://repo.maven.apache.org/maven2/org/junit/junit-bom/5.14.4/junit-bom-5.14.4.pom
[INFO] Downloaded from central: https://repo.maven.apache.org/maven2/org/junit/junit-bom/5.14.4/junit-bom-5.14.4.pom (5.7 kB at 64 kB/s)
[INFO] Downloading from central: https://repo.maven.apache.org/maven2/org/codehaus/plexus/plexus-utils/3.6.1/plexus-utils-3.6.1.pom
[INFO] Downloaded from central: https://repo.maven.apache.org/maven2/org/codehaus/plexus/plexus-utils/3.6.1/plexus-utils-3.6.1.pom (7.9 kB at 65 kB/s)
[INFO] Downloading from central: https://repo.maven.apache.org/maven2/org/codehaus/plexus/plexus/25/plexus-25.pom
[INFO] Downloaded from central: https://repo.maven.apache.org/maven2/org/codehaus/plexus/plexus/25/plexus-25.pom (31 kB at 259 kB/s)
[INFO] Downloading from central: https://repo.maven.apache.org/maven2/org/junit/junit-bom/5.14.1/junit-bom-5.14.1.pom
[INFO] Downloaded from central: https://repo.maven.apache.org/maven2/org/junit/junit-bom/5.14.1/junit-bom-5.14.1.pom (5.7 kB at 59 kB/s)
[INFO] Downloading from central: https://repo.maven.apache.org/maven2/org/apache/maven/maven-builder-support/3.9.16/maven-builder-support-3.9.16.pom
[INFO] Downloaded from central: https://repo.maven.apache.org/maven2/org/apache/maven/maven-builder-support/3.9.16/maven-builder-support-3.9.16.pom (1.6 kB at 13 kB/s)
[INFO] Downloading from central: https://repo.maven.apache.org/maven2/org/apache/maven/maven-model/3.9.16/maven-model-3.9.16.pom
[INFO] Downloaded from central: https://repo.maven.apache.org/maven2/org/apache/maven/maven-model/3.9.16/maven-model-3.9.16.pom (2.9 kB at 24 kB/s)
[INFO] Downloading from central: https://repo.maven.apache.org/maven2/org/apache/maven/maven-model-builder/3.9.16/maven-model-builder-3.9.16.pom
[INFO] Downloaded from central: https://repo.maven.apache.org/maven2/org/apache/maven/maven-model-builder/3.9.16/maven-model-builder-3.9.16.pom (4.0 kB at 32 kB/s)
[INFO] Downloading from central: https://repo.maven.apache.org/maven2/org/codehaus/plexus/plexus-interpolation/1.26/plexus-interpolation-1.26.pom
[INFO] Downloaded from central: https://repo.maven.apache.org/maven2/org/codehaus/plexus/plexus-interpolation/1.26/plexus-interpolation-1.26.pom (2.7 kB at 23 kB/s)
[INFO] Downloading from central: https://repo.maven.apache.org/maven2/org/codehaus/plexus/plexus/5.1/plexus-5.1.pom
[INFO] Downloaded from central: https://repo.maven.apache.org/maven2/org/codehaus/plexus/plexus/5.1/plexus-5.1.pom (23 kB at 221 kB/s)
[INFO] Downloading from central: https://repo.maven.apache.org/maven2/org/eclipse/sisu/org.eclipse.sisu.inject/1.0.0/org.eclipse.sisu.inject-1.0.0.pom
[INFO] Downloaded from central: https://repo.maven.apache.org/maven2/org/eclipse/sisu/org.eclipse.sisu.inject/1.0.0/org.eclipse.sisu.inject-1.0.0.pom (18 kB at 156 kB/s)
[INFO] Downloading from central: https://repo.maven.apache.org/maven2/org/eclipse/sisu/sisu-inject/1.0.0/sisu-inject-1.0.0.pom
[INFO] Downloaded from central: https://repo.maven.apache.org/maven2/org/eclipse/sisu/sisu-inject/1.0.0/sisu-inject-1.0.0.pom (28 kB at 244 kB/s)
[INFO] Downloading from central: https://repo.maven.apache.org/maven2/org/junit/junit-bom/5.12.2/junit-bom-5.12.2.pom
[INFO] Downloaded from central: https://repo.maven.apache.org/maven2/org/junit/junit-bom/5.12.2/junit-bom-5.12.2.pom (5.6 kB at 60 kB/s)
[INFO] Downloading from central: https://repo.maven.apache.org/maven2/org/ow2/asm/asm/9.10.1/asm-9.10.1.pom
[INFO] Downloaded from central: https://repo.maven.apache.org/maven2/org/ow2/asm/asm/9.10.1/asm-9.10.1.pom (2.4 kB at 18 kB/s)
[INFO] Downloading from central: https://repo.maven.apache.org/maven2/org/ow2/ow2/1.5.1/ow2-1.5.1.pom
[INFO] Downloaded from central: https://repo.maven.apache.org/maven2/org/ow2/ow2/1.5.1/ow2-1.5.1.pom (11 kB at 110 kB/s)
[INFO] Downloading from central: https://repo.maven.apache.org/maven2/org/apache/maven/maven-repository-metadata/3.9.16/maven-repository-metadata-3.9.16.pom
[INFO] Downloaded from central: https://repo.maven.apache.org/maven2/org/apache/maven/maven-repository-metadata/3.9.16/maven-repository-metadata-3.9.16.pom (2.2 kB at 20 kB/s)
[INFO] Downloading from central: https://repo.maven.apache.org/maven2/org/apache/maven/maven-resolver-provider/3.9.16/maven-resolver-provider-3.9.16.pom
[INFO] Downloaded from central: https://repo.maven.apache.org/maven2/org/apache/maven/maven-resolver-provider/3.9.16/maven-resolver-provider-3.9.16.pom (4.7 kB at 43 kB/s)
[INFO] Downloading from central: https://repo.maven.apache.org/maven2/org/apache/maven/maven-settings/3.9.16/maven-settings-3.9.16.pom
[INFO] Downloaded from central: https://repo.maven.apache.org/maven2/org/apache/maven/maven-settings/3.9.16/maven-settings-3.9.16.pom (1.8 kB at 16 kB/s)
[INFO] Downloading from central: https://repo.maven.apache.org/maven2/org/apache/maven/maven-settings-builder/3.9.16/maven-settings-builder-3.9.16.pom
[INFO] Downloaded from central: https://repo.maven.apache.org/maven2/org/apache/maven/maven-settings-builder/3.9.16/maven-settings-builder-3.9.16.pom (2.6 kB at 24 kB/s)
[INFO] Downloading from central: https://repo.maven.apache.org/maven2/org/codehaus/plexus/plexus-sec-dispatcher/2.0/plexus-sec-dispatcher-2.0.pom
[INFO] Downloaded from central: https://repo.maven.apache.org/maven2/org/codehaus/plexus/plexus-sec-dispatcher/2.0/plexus-sec-dispatcher-2.0.pom (3.2 kB at 28 kB/s)
[INFO] Downloading from central: https://repo.maven.apache.org/maven2/org/codehaus/plexus/plexus/8/plexus-8.pom
[INFO] Downloaded from central: https://repo.maven.apache.org/maven2/org/codehaus/plexus/plexus/8/plexus-8.pom (25 kB at 254 kB/s)
[INFO] Downloading from central: https://repo.maven.apache.org/maven2/org/codehaus/plexus/plexus-cipher/2.0/plexus-cipher-2.0.pom
[INFO] Downloaded from central: https://repo.maven.apache.org/maven2/org/codehaus/plexus/plexus-cipher/2.0/plexus-cipher-2.0.pom (4.4 kB at 40 kB/s)
[INFO] Downloading from central: https://repo.maven.apache.org/maven2/org/codehaus/plexus/plexus-xml/4.0.2/plexus-xml-4.0.2.pom
[INFO] Downloaded from central: https://repo.maven.apache.org/maven2/org/codehaus/plexus/plexus-xml/4.0.2/plexus-xml-4.0.2.pom (4.2 kB at 38 kB/s)
[INFO] Downloading from central: https://repo.maven.apache.org/maven2/org/codehaus/plexus/plexus/13/plexus-13.pom
[INFO] Downloaded from central: https://repo.maven.apache.org/maven2/org/codehaus/plexus/plexus/13/plexus-13.pom (27 kB at 266 kB/s)
[INFO] Downloading from central: https://repo.maven.apache.org/maven2/org/junit/junit-bom/5.9.3/junit-bom-5.9.3.pom
[INFO] Downloaded from central: https://repo.maven.apache.org/maven2/org/junit/junit-bom/5.9.3/junit-bom-5.9.3.pom (5.6 kB at 61 kB/s)
[INFO] Downloading from central: https://repo.maven.apache.org/maven2/org/apache/maven/maven-xml-impl/4.0.0-alpha-7/maven-xml-impl-4.0.0-alpha-7.pom
[INFO] Downloaded from central: https://repo.maven.apache.org/maven2/org/apache/maven/maven-xml-impl/4.0.0-alpha-7/maven-xml-impl-4.0.0-alpha-7.pom (1.9 kB at 18 kB/s)
[INFO] Downloading from central: https://repo.maven.apache.org/maven2/org/apache/maven/maven/4.0.0-alpha-7/maven-4.0.0-alpha-7.pom
[INFO] Downloaded from central: https://repo.maven.apache.org/maven2/org/apache/maven/maven/4.0.0-alpha-7/maven-4.0.0-alpha-7.pom (26 kB at 243 kB/s)
[INFO] Downloading from central: https://repo.maven.apache.org/maven2/org/apache/maven/maven-parent/40/maven-parent-40.pom
[INFO] Downloaded from central: https://repo.maven.apache.org/maven2/org/apache/maven/maven-parent/40/maven-parent-40.pom (49 kB at 462 kB/s)
[INFO] Downloading from central: https://repo.maven.apache.org/maven2/org/apache/apache/30/apache-30.pom
[INFO] Downloaded from central: https://repo.maven.apache.org/maven2/org/apache/apache/30/apache-30.pom (23 kB at 240 kB/s)
[INFO] Downloading from central: https://repo.maven.apache.org/maven2/org/apache/maven/maven-bom/4.0.0-alpha-7/maven-bom-4.0.0-alpha-7.pom
[INFO] Downloaded from central: https://repo.maven.apache.org/maven2/org/apache/maven/maven-bom/4.0.0-alpha-7/maven-bom-4.0.0-alpha-7.pom (6.3 kB at 54 kB/s)
[INFO] Downloading from central: https://repo.maven.apache.org/maven2/org/junit/junit-bom/5.9.1/junit-bom-5.9.1.pom
[INFO] Downloaded from central: https://repo.maven.apache.org/maven2/org/junit/junit-bom/5.9.1/junit-bom-5.9.1.pom (5.6 kB at 63 kB/s)
[INFO] Downloading from central: https://repo.maven.apache.org/maven2/org/mockito/mockito-bom/4.11.0/mockito-bom-4.11.0.pom
[INFO] Downloaded from central: https://repo.maven.apache.org/maven2/org/mockito/mockito-bom/4.11.0/mockito-bom-4.11.0.pom (3.2 kB at 30 kB/s)
[INFO] Downloading from central: https://repo.maven.apache.org/maven2/org/apache/maven/maven-api-xml/4.0.0-alpha-7/maven-api-xml-4.0.0-alpha-7.pom
[INFO] Downloaded from central: https://repo.maven.apache.org/maven2/org/apache/maven/maven-api-xml/4.0.0-alpha-7/maven-api-xml-4.0.0-alpha-7.pom (1.6 kB at 14 kB/s)
[INFO] Downloading from central: https://repo.maven.apache.org/maven2/org/apache/maven/maven-api/4.0.0-alpha-7/maven-api-4.0.0-alpha-7.pom
[INFO] Downloaded from central: https://repo.maven.apache.org/maven2/org/apache/maven/maven-api/4.0.0-alpha-7/maven-api-4.0.0-alpha-7.pom (3.6 kB at 32 kB/s)
[INFO] Downloading from central: https://repo.maven.apache.org/maven2/org/apache/maven/maven-api-meta/4.0.0-alpha-7/maven-api-meta-4.0.0-alpha-7.pom
[INFO] Downloaded from central: https://repo.maven.apache.org/maven2/org/apache/maven/maven-api-meta/4.0.0-alpha-7/maven-api-meta-4.0.0-alpha-7.pom (1.4 kB at 12 kB/s)
[INFO] Downloading from central: https://repo.maven.apache.org/maven2/org/eclipse/sisu/org.eclipse.sisu.plexus/1.0.0/org.eclipse.sisu.plexus-1.0.0.pom
[INFO] Downloaded from central: https://repo.maven.apache.org/maven2/org/eclipse/sisu/org.eclipse.sisu.plexus/1.0.0/org.eclipse.sisu.plexus-1.0.0.pom (17 kB at 160 kB/s)
[INFO] Downloading from central: https://repo.maven.apache.org/maven2/org/jboss/logmanager/jboss-logmanager/3.2.2.Final/jboss-logmanager-3.2.2.Final.pom
[INFO] Downloaded from central: https://repo.maven.apache.org/maven2/org/jboss/logmanager/jboss-logmanager/3.2.2.Final/jboss-logmanager-3.2.2.Final.pom (18 kB at 145 kB/s)
[INFO] Downloading from central: https://repo.maven.apache.org/maven2/io/smallrye/common/smallrye-common-cpu/2.18.1/smallrye-common-cpu-2.18.1.pom
[INFO] Downloaded from central: https://repo.maven.apache.org/maven2/io/smallrye/common/smallrye-common-cpu/2.18.1/smallrye-common-cpu-2.18.1.pom (2.9 kB at 26 kB/s)
[INFO] Downloading from central: https://repo.maven.apache.org/maven2/io/smallrye/common/smallrye-common-expression/2.18.1/smallrye-common-expression-2.18.1.pom
[INFO] Downloaded from central: https://repo.maven.apache.org/maven2/io/smallrye/common/smallrye-common-expression/2.18.1/smallrye-common-expression-2.18.1.pom (2.6 kB at 24 kB/s)
[INFO] Downloading from central: https://repo.maven.apache.org/maven2/io/smallrye/common/smallrye-common-function/2.18.1/smallrye-common-function-2.18.1.pom
[INFO] Downloaded from central: https://repo.maven.apache.org/maven2/io/smallrye/common/smallrye-common-function/2.18.1/smallrye-common-function-2.18.1.pom (2.5 kB at 23 kB/s)
[INFO] Downloading from central: https://repo.maven.apache.org/maven2/io/smallrye/common/smallrye-common-net/2.18.1/smallrye-common-net-2.18.1.pom
[INFO] Downloaded from central: https://repo.maven.apache.org/maven2/io/smallrye/common/smallrye-common-net/2.18.1/smallrye-common-net-2.18.1.pom (2.8 kB at 24 kB/s)
[INFO] Downloading from central: https://repo.maven.apache.org/maven2/io/smallrye/common/smallrye-common-os/2.18.1/smallrye-common-os-2.18.1.pom
[INFO] Downloaded from central: https://repo.maven.apache.org/maven2/io/smallrye/common/smallrye-common-os/2.18.1/smallrye-common-os-2.18.1.pom (1.7 kB at 16 kB/s)
[INFO] Downloading from central: https://repo.maven.apache.org/maven2/io/smallrye/common/smallrye-common-ref/2.18.1/smallrye-common-ref-2.18.1.pom
[INFO] Downloaded from central: https://repo.maven.apache.org/maven2/io/smallrye/common/smallrye-common-ref/2.18.1/smallrye-common-ref-2.18.1.pom (1.8 kB at 16 kB/s)
[INFO] Downloading from central: https://repo.maven.apache.org/maven2/jakarta/json/jakarta.json-api/2.1.3/jakarta.json-api-2.1.3.pom
[INFO] Downloaded from central: https://repo.maven.apache.org/maven2/jakarta/json/jakarta.json-api/2.1.3/jakarta.json-api-2.1.3.pom (19 kB at 157 kB/s)
[INFO] Downloading from central: https://repo.maven.apache.org/maven2/org/eclipse/ee4j/project/1.0.8/project-1.0.8.pom
[INFO] Downloaded from central: https://repo.maven.apache.org/maven2/org/eclipse/ee4j/project/1.0.8/project-1.0.8.pom (15 kB at 117 kB/s)
[INFO] Downloading from central: https://repo.maven.apache.org/maven2/org/eclipse/parsson/parsson/1.1.9/parsson-1.1.9.pom
[INFO] Downloaded from central: https://repo.maven.apache.org/maven2/org/eclipse/parsson/parsson/1.1.9/parsson-1.1.9.pom (4.6 kB at 39 kB/s)
[INFO] Downloading from central: https://repo.maven.apache.org/maven2/org/eclipse/parsson/project/1.1.9/project-1.1.9.pom
[INFO] Downloaded from central: https://repo.maven.apache.org/maven2/org/eclipse/parsson/project/1.1.9/project-1.1.9.pom (25 kB at 219 kB/s)
[INFO] Downloading from central: https://repo.maven.apache.org/maven2/org/eclipse/ee4j/project/1.0.9/project-1.0.9.pom
[INFO] Downloaded from central: https://repo.maven.apache.org/maven2/org/eclipse/ee4j/project/1.0.9/project-1.0.9.pom (16 kB at 160 kB/s)
[INFO] Downloading from central: https://repo.maven.apache.org/maven2/org/jboss/slf4j/slf4j-jboss-logmanager/2.0.2.Final/slf4j-jboss-logmanager-2.0.2.Final.pom
[INFO] Downloaded from central: https://repo.maven.apache.org/maven2/org/jboss/slf4j/slf4j-jboss-logmanager/2.0.2.Final/slf4j-jboss-logmanager-2.0.2.Final.pom (12 kB at 100 kB/s)
[INFO] Downloading from central: https://repo.maven.apache.org/maven2/org/junit/junit-bom/5.10.3/junit-bom-5.10.3.pom
[INFO] Downloaded from central: https://repo.maven.apache.org/maven2/org/junit/junit-bom/5.10.3/junit-bom-5.10.3.pom (5.6 kB at 63 kB/s)
[INFO] Downloading from central: https://repo.maven.apache.org/maven2/org/slf4j/slf4j-api/2.0.18/slf4j-api-2.0.18.pom
[INFO] Downloaded from central: https://repo.maven.apache.org/maven2/org/slf4j/slf4j-api/2.0.18/slf4j-api-2.0.18.pom (2.8 kB at 24 kB/s)
[INFO] Downloading from central: https://repo.maven.apache.org/maven2/org/slf4j/slf4j-parent/2.0.18/slf4j-parent-2.0.18.pom
[INFO] Downloaded from central: https://repo.maven.apache.org/maven2/org/slf4j/slf4j-parent/2.0.18/slf4j-parent-2.0.18.pom (13 kB at 130 kB/s)
[INFO] Downloading from central: https://repo.maven.apache.org/maven2/org/slf4j/slf4j-bom/2.0.18/slf4j-bom-2.0.18.pom
[INFO] Downloaded from central: https://repo.maven.apache.org/maven2/org/slf4j/slf4j-bom/2.0.18/slf4j-bom-2.0.18.pom (7.9 kB at 80 kB/s)
[INFO] Downloading from central: https://repo.maven.apache.org/maven2/io/quarkus/quarkus-bootstrap-maven4-resolver/3.37.3/quarkus-bootstrap-maven4-resolver-3.37.3.pom
[INFO] Downloaded from central: https://repo.maven.apache.org/maven2/io/quarkus/quarkus-bootstrap-maven4-resolver/3.37.3/quarkus-bootstrap-maven4-resolver-3.37.3.pom (1.4 kB at 14 kB/s)
[INFO] Downloading from central: https://repo.maven.apache.org/maven2/org/apache/maven/maven-embedder/3.9.16/maven-embedder-3.9.16.pom
[INFO] Downloaded from central: https://repo.maven.apache.org/maven2/org/apache/maven/maven-embedder/3.9.16/maven-embedder-3.9.16.pom (6.7 kB at 58 kB/s)
[INFO] Downloading from central: https://repo.maven.apache.org/maven2/org/apache/maven/maven-core/3.9.16/maven-core-3.9.16.pom
[INFO] Downloaded from central: https://repo.maven.apache.org/maven2/org/apache/maven/maven-core/3.9.16/maven-core-3.9.16.pom (8.0 kB at 66 kB/s)
[INFO] Downloading from central: https://repo.maven.apache.org/maven2/org/apache/maven/maven-plugin-api/3.9.16/maven-plugin-api-3.9.16.pom
[INFO] Downloaded from central: https://repo.maven.apache.org/maven2/org/apache/maven/maven-plugin-api/3.9.16/maven-plugin-api-3.9.16.pom (3.1 kB at 27 kB/s)
[INFO] Downloading from central: https://repo.maven.apache.org/maven2/org/codehaus/plexus/plexus-classworlds/2.6.0/plexus-classworlds-2.6.0.pom
[INFO] Downloaded from central: https://repo.maven.apache.org/maven2/org/codehaus/plexus/plexus-classworlds/2.6.0/plexus-classworlds-2.6.0.pom (7.9 kB at 71 kB/s)
[INFO] Downloading from central: https://repo.maven.apache.org/maven2/org/apache/maven/shared/maven-shared-utils/3.4.2/maven-shared-utils-3.4.2.pom
[INFO] Downloaded from central: https://repo.maven.apache.org/maven2/org/apache/maven/shared/maven-shared-utils/3.4.2/maven-shared-utils-3.4.2.pom (5.9 kB at 48 kB/s)
[INFO] Downloading from central: https://repo.maven.apache.org/maven2/org/apache/maven/shared/maven-shared-components/39/maven-shared-components-39.pom
[INFO] Downloaded from central: https://repo.maven.apache.org/maven2/org/apache/maven/shared/maven-shared-components/39/maven-shared-components-39.pom (3.2 kB at 26 kB/s)
[INFO] Downloading from central: https://repo.maven.apache.org/maven2/org/apache/maven/maven-parent/39/maven-parent-39.pom
[INFO] Downloaded from central: https://repo.maven.apache.org/maven2/org/apache/maven/maven-parent/39/maven-parent-39.pom (48 kB at 453 kB/s)
[INFO] Downloading from central: https://repo.maven.apache.org/maven2/org/apache/apache/29/apache-29.pom
[INFO] Downloaded from central: https://repo.maven.apache.org/maven2/org/apache/apache/29/apache-29.pom (21 kB at 223 kB/s)
[INFO] Downloading from central: https://repo.maven.apache.org/maven2/com/google/inject/guice/5.1.0/guice-5.1.0.pom
[INFO] Downloaded from central: https://repo.maven.apache.org/maven2/com/google/inject/guice/5.1.0/guice-5.1.0.pom (8.9 kB at 74 kB/s)
[INFO] Downloading from central: https://repo.maven.apache.org/maven2/com/google/inject/guice-parent/5.1.0/guice-parent-5.1.0.pom
[INFO] Downloaded from central: https://repo.maven.apache.org/maven2/com/google/inject/guice-parent/5.1.0/guice-parent-5.1.0.pom (18 kB at 157 kB/s)
[INFO] Downloading from central: https://repo.maven.apache.org/maven2/com/google/google/5/google-5.pom
[INFO] Downloaded from central: https://repo.maven.apache.org/maven2/com/google/google/5/google-5.pom (2.5 kB at 23 kB/s)
[INFO] Downloading from central: https://repo.maven.apache.org/maven2/aopalliance/aopalliance/1.0/aopalliance-1.0.pom
[INFO] Downloaded from central: https://repo.maven.apache.org/maven2/aopalliance/aopalliance/1.0/aopalliance-1.0.pom (363 B at 3.9 kB/s)
[INFO] Downloading from central: https://repo.maven.apache.org/maven2/com/google/guava/guava/33.6.0-jre/guava-33.6.0-jre.pom
[INFO] Downloaded from central: https://repo.maven.apache.org/maven2/com/google/guava/guava/33.6.0-jre/guava-33.6.0-jre.pom (9.8 kB at 84 kB/s)
[INFO] Downloading from central: https://repo.maven.apache.org/maven2/com/google/guava/guava-parent/33.6.0-jre/guava-parent-33.6.0-jre.pom
[INFO] Downloaded from central: https://repo.maven.apache.org/maven2/com/google/guava/guava-parent/33.6.0-jre/guava-parent-33.6.0-jre.pom (26 kB at 213 kB/s)
[INFO] Downloading from central: https://repo.maven.apache.org/maven2/org/jspecify/jspecify/1.0.0/jspecify-1.0.0.pom
[INFO] Downloaded from central: https://repo.maven.apache.org/maven2/org/jspecify/jspecify/1.0.0/jspecify-1.0.0.pom (1.5 kB at 15 kB/s)
[INFO] Downloading from central: https://repo.maven.apache.org/maven2/com/google/guava/failureaccess/1.0.1/failureaccess-1.0.1.pom
[INFO] Downloaded from central: https://repo.maven.apache.org/maven2/com/google/guava/failureaccess/1.0.1/failureaccess-1.0.1.pom (2.4 kB at 22 kB/s)
[INFO] Downloading from central: https://repo.maven.apache.org/maven2/com/google/guava/guava-parent/26.0-android/guava-parent-26.0-android.pom
[INFO] Downloaded from central: https://repo.maven.apache.org/maven2/com/google/guava/guava-parent/26.0-android/guava-parent-26.0-android.pom (10 kB at 96 kB/s)
[INFO] Downloading from central: https://repo.maven.apache.org/maven2/org/sonatype/oss/oss-parent/9/oss-parent-9.pom
[INFO] Downloaded from central: https://repo.maven.apache.org/maven2/org/sonatype/oss/oss-parent/9/oss-parent-9.pom (6.6 kB at 57 kB/s)
[INFO] Downloading from central: https://repo.maven.apache.org/maven2/org/codehaus/plexus/plexus-component-annotations/2.1.0/plexus-component-annotations-2.1.0.pom
[INFO] Downloaded from central: https://repo.maven.apache.org/maven2/org/codehaus/plexus/plexus-component-annotations/2.1.0/plexus-component-annotations-2.1.0.pom (750 B at 6.8 kB/s)
[INFO] Downloading from central: https://repo.maven.apache.org/maven2/org/codehaus/plexus/plexus-containers/2.1.0/plexus-containers-2.1.0.pom
[INFO] Downloaded from central: https://repo.maven.apache.org/maven2/org/codehaus/plexus/plexus-containers/2.1.0/plexus-containers-2.1.0.pom (4.8 kB at 40 kB/s)
[INFO] Downloading from central: https://repo.maven.apache.org/maven2/javax/annotation/javax.annotation-api/1.3.2/javax.annotation-api-1.3.2.pom
[INFO] Downloaded from central: https://repo.maven.apache.org/maven2/javax/annotation/javax.annotation-api/1.3.2/javax.annotation-api-1.3.2.pom (14 kB at 135 kB/s)
[INFO] Downloading from central: https://repo.maven.apache.org/maven2/net/java/jvnet-parent/3/jvnet-parent-3.pom
[INFO] Downloaded from central: https://repo.maven.apache.org/maven2/net/java/jvnet-parent/3/jvnet-parent-3.pom (4.8 kB at 46 kB/s)
[INFO] Downloading from central: https://repo.maven.apache.org/maven2/commons-cli/commons-cli/1.11.0/commons-cli-1.11.0.pom
[INFO] Downloaded from central: https://repo.maven.apache.org/maven2/commons-cli/commons-cli/1.11.0/commons-cli-1.11.0.pom (14 kB at 138 kB/s)
[INFO] Downloading from central: https://repo.maven.apache.org/maven2/org/apache/commons/commons-parent/91/commons-parent-91.pom
[INFO] Downloaded from central: https://repo.maven.apache.org/maven2/org/apache/commons/commons-parent/91/commons-parent-91.pom (79 kB at 662 kB/s)
[INFO] Downloading from central: https://repo.maven.apache.org/maven2/io/quarkus/quarkus-core-deployment/3.37.3/quarkus-core-deployment-3.37.3.pom
[INFO] Downloaded from central: https://repo.maven.apache.org/maven2/io/quarkus/quarkus-core-deployment/3.37.3/quarkus-core-deployment-3.37.3.pom (13 kB at 129 kB/s)
[INFO] Downloading from central: https://repo.maven.apache.org/maven2/io/quarkus/quarkus-core-parent/3.37.3/quarkus-core-parent-3.37.3.pom
[INFO] Downloaded from central: https://repo.maven.apache.org/maven2/io/quarkus/quarkus-core-parent/3.37.3/quarkus-core-parent-3.37.3.pom (921 B at 9.3 kB/s)
[INFO] Downloading from central: https://repo.maven.apache.org/maven2/io/quarkus/quarkus-build-parent/3.37.3/quarkus-build-parent-3.37.3.pom
[INFO] Downloaded from central: https://repo.maven.apache.org/maven2/io/quarkus/quarkus-build-parent/3.37.3/quarkus-build-parent-3.37.3.pom (59 kB at 536 kB/s)
[INFO] Downloading from central: https://repo.maven.apache.org/maven2/io/quarkus/quarkus-project/3.37.3/quarkus-project-3.37.3.pom
[INFO] Downloaded from central: https://repo.maven.apache.org/maven2/io/quarkus/quarkus-project/3.37.3/quarkus-project-3.37.3.pom (16 kB at 146 kB/s)
[INFO] Downloading from central: https://repo.maven.apache.org/maven2/io/quarkus/quarkus-bom/3.37.3/quarkus-bom-3.37.3.pom
[INFO] Downloaded from central: https://repo.maven.apache.org/maven2/io/quarkus/quarkus-bom/3.37.3/quarkus-bom-3.37.3.pom (412 kB at 3.3 MB/s)
[INFO] Downloading from central: https://repo.maven.apache.org/maven2/org/aesh/readline/2.6.3/readline-2.6.3.pom
[INFO] Downloaded from central: https://repo.maven.apache.org/maven2/org/aesh/readline/2.6.3/readline-2.6.3.pom (4.6 kB at 43 kB/s)
[INFO] Downloading from central: https://repo.maven.apache.org/maven2/org/aesh/readline-all/2.6.3/readline-all-2.6.3.pom
[INFO] Downloaded from central: https://repo.maven.apache.org/maven2/org/aesh/readline-all/2.6.3/readline-all-2.6.3.pom (7.2 kB at 69 kB/s)
[INFO] Downloading from central: https://repo.maven.apache.org/maven2/org/jline/jansi/4.2.1/jansi-4.2.1.pom
[INFO] Downloaded from central: https://repo.maven.apache.org/maven2/org/jline/jansi/4.2.1/jansi-4.2.1.pom (9.7 kB at 92 kB/s)
[INFO] Downloading from central: https://repo.maven.apache.org/maven2/org/jline/jline-parent/4.2.1/jline-parent-4.2.1.pom
[INFO] Downloaded from central: https://repo.maven.apache.org/maven2/org/jline/jline-parent/4.2.1/jline-parent-4.2.1.pom (30 kB at 287 kB/s)
[INFO] Downloading from central: https://repo.maven.apache.org/maven2/org/aesh/aesh/2.8.2/aesh-2.8.2.pom
[INFO] Downloaded from central: https://repo.maven.apache.org/maven2/org/aesh/aesh/2.8.2/aesh-2.8.2.pom (5.0 kB at 49 kB/s)
[INFO] Downloading from central: https://repo.maven.apache.org/maven2/org/aesh/aesh-all/2.8.2/aesh-all-2.8.2.pom
[INFO] Downloaded from central: https://repo.maven.apache.org/maven2/org/aesh/aesh-all/2.8.2/aesh-all-2.8.2.pom (4.0 kB at 39 kB/s)
[INFO] Downloading from central: https://repo.maven.apache.org/maven2/org/jboss/jboss-parent/19/jboss-parent-19.pom
[INFO] Downloaded from central: https://repo.maven.apache.org/maven2/org/jboss/jboss-parent/19/jboss-parent-19.pom (32 kB at 333 kB/s)
[INFO] Downloading from central: https://repo.maven.apache.org/maven2/org/apache/commons/commons-compress/1.28.0/commons-compress-1.28.0.pom
[INFO] Downloaded from central: https://repo.maven.apache.org/maven2/org/apache/commons/commons-compress/1.28.0/commons-compress-1.28.0.pom (25 kB at 220 kB/s)
[INFO] Downloading from central: https://repo.maven.apache.org/maven2/org/apache/commons/commons-parent/85/commons-parent-85.pom
[INFO] Downloaded from central: https://repo.maven.apache.org/maven2/org/apache/commons/commons-parent/85/commons-parent-85.pom (78 kB at 699 kB/s)
[INFO] Downloading from central: https://repo.maven.apache.org/maven2/org/junit/junit-bom/5.13.1/junit-bom-5.13.1.pom
[INFO] Downloaded from central: https://repo.maven.apache.org/maven2/org/junit/junit-bom/5.13.1/junit-bom-5.13.1.pom (5.6 kB at 61 kB/s)
[INFO] Downloading from central: https://repo.maven.apache.org/maven2/commons-io/commons-io/2.22.0/commons-io-2.22.0.pom
[INFO] Downloaded from central: https://repo.maven.apache.org/maven2/commons-io/commons-io/2.22.0/commons-io-2.22.0.pom (20 kB at 189 kB/s)
[INFO] Downloading from central: https://repo.maven.apache.org/maven2/org/wildfly/common/wildfly-common/2.0.1/wildfly-common-2.0.1.pom
[INFO] Downloaded from central: https://repo.maven.apache.org/maven2/org/wildfly/common/wildfly-common/2.0.1/wildfly-common-2.0.1.pom (7.5 kB at 63 kB/s)
[INFO] Downloading from central: https://repo.maven.apache.org/maven2/org/jboss/jboss-parent/44/jboss-parent-44.pom
[INFO] Downloaded from central: https://repo.maven.apache.org/maven2/org/jboss/jboss-parent/44/jboss-parent-44.pom (77 kB at 754 kB/s)
[INFO] Downloading from central: https://repo.maven.apache.org/maven2/io/smallrye/common/smallrye-common-bom/2.4.0/smallrye-common-bom-2.4.0.pom
[INFO] Downloaded from central: https://repo.maven.apache.org/maven2/io/smallrye/common/smallrye-common-bom/2.4.0/smallrye-common-bom-2.4.0.pom (4.7 kB at 44 kB/s)
[INFO] Downloading from central: https://repo.maven.apache.org/maven2/io/quarkus/gizmo/gizmo/1.10.1/gizmo-1.10.1.pom
[INFO] Downloaded from central: https://repo.maven.apache.org/maven2/io/quarkus/gizmo/gizmo/1.10.1/gizmo-1.10.1.pom (13 kB at 113 kB/s)
[INFO] Downloading from central: https://repo.maven.apache.org/maven2/org/ow2/asm/asm-util/9.10.1/asm-util-9.10.1.pom
[INFO] Downloaded from central: https://repo.maven.apache.org/maven2/org/ow2/asm/asm-util/9.10.1/asm-util-9.10.1.pom (3.0 kB at 27 kB/s)
[INFO] Downloading from central: https://repo.maven.apache.org/maven2/org/ow2/asm/asm-tree/9.10.1/asm-tree-9.10.1.pom
[INFO] Downloaded from central: https://repo.maven.apache.org/maven2/org/ow2/asm/asm-tree/9.10.1/asm-tree-9.10.1.pom (2.6 kB at 24 kB/s)
[INFO] Downloading from central: https://repo.maven.apache.org/maven2/org/ow2/asm/asm-analysis/9.10.1/asm-analysis-9.10.1.pom
[INFO] Downloaded from central: https://repo.maven.apache.org/maven2/org/ow2/asm/asm-analysis/9.10.1/asm-analysis-9.10.1.pom (2.6 kB at 24 kB/s)
[INFO] Downloading from central: https://repo.maven.apache.org/maven2/io/smallrye/jandex/3.6.0/jandex-3.6.0.pom
[INFO] Downloaded from central: https://repo.maven.apache.org/maven2/io/smallrye/jandex/3.6.0/jandex-3.6.0.pom (7.8 kB at 78 kB/s)
[INFO] Downloading from central: https://repo.maven.apache.org/maven2/io/smallrye/jandex-parent/3.6.0/jandex-parent-3.6.0.pom
[INFO] Downloaded from central: https://repo.maven.apache.org/maven2/io/smallrye/jandex-parent/3.6.0/jandex-parent-3.6.0.pom (8.7 kB at 82 kB/s)
[INFO] Downloading from central: https://repo.maven.apache.org/maven2/io/smallrye/smallrye-build-parent/46/smallrye-build-parent-46.pom
[INFO] Downloaded from central: https://repo.maven.apache.org/maven2/io/smallrye/smallrye-build-parent/46/smallrye-build-parent-46.pom (63 kB at 642 kB/s)
[INFO] Downloading from central: https://repo.maven.apache.org/maven2/io/quarkus/gizmo/gizmo2/2.1.1/gizmo2-2.1.1.pom
[INFO] Downloaded from central: https://repo.maven.apache.org/maven2/io/quarkus/gizmo/gizmo2/2.1.1/gizmo2-2.1.1.pom (12 kB at 104 kB/s)
[INFO] Downloading from central: https://repo.maven.apache.org/maven2/io/smallrye/common/smallrye-common-bom/2.16.0/smallrye-common-bom-2.16.0.pom
[INFO] Downloaded from central: https://repo.maven.apache.org/maven2/io/smallrye/common/smallrye-common-bom/2.16.0/smallrye-common-bom-2.16.0.pom (5.4 kB at 49 kB/s)
[INFO] Downloading from central: https://repo.maven.apache.org/maven2/io/smallrye/common/smallrye-common-resource/2.18.1/smallrye-common-resource-2.18.1.pom
[INFO] Downloaded from central: https://repo.maven.apache.org/maven2/io/smallrye/common/smallrye-common-resource/2.18.1/smallrye-common-resource-2.18.1.pom (937 B at 8.2 kB/s)
[INFO] Downloading from central: https://repo.maven.apache.org/maven2/io/smallrye/jandex-gizmo2/3.6.0/jandex-gizmo2-3.6.0.pom
[INFO] Downloaded from central: https://repo.maven.apache.org/maven2/io/smallrye/jandex-gizmo2/3.6.0/jandex-gizmo2-3.6.0.pom (2.0 kB at 20 kB/s)
[INFO] Downloading from central: https://repo.maven.apache.org/maven2/io/smallrye/common/smallrye-common-process/2.18.1/smallrye-common-process-2.18.1.pom
[INFO] Downloaded from central: https://repo.maven.apache.org/maven2/io/smallrye/common/smallrye-common-process/2.18.1/smallrye-common-process-2.18.1.pom (3.7 kB at 35 kB/s)
[INFO] Downloading from central: https://repo.maven.apache.org/maven2/org/ow2/asm/asm-commons/9.10.1/asm-commons-9.10.1.pom
[INFO] Downloaded from central: https://repo.maven.apache.org/maven2/org/ow2/asm/asm-commons/9.10.1/asm-commons-9.10.1.pom (2.8 kB at 26 kB/s)
[INFO] Downloading from central: https://repo.maven.apache.org/maven2/io/quarkus/quarkus-development-mode-spi/3.37.3/quarkus-development-mode-spi-3.37.3.pom
[INFO] Downloaded from central: https://repo.maven.apache.org/maven2/io/quarkus/quarkus-development-mode-spi/3.37.3/quarkus-development-mode-spi-3.37.3.pom (1.0 kB at 9.8 kB/s)
[INFO] Downloading from central: https://repo.maven.apache.org/maven2/io/quarkus/quarkus-hibernate-validator-spi/3.37.3/quarkus-hibernate-validator-spi-3.37.3.pom
[INFO] Downloaded from central: https://repo.maven.apache.org/maven2/io/quarkus/quarkus-hibernate-validator-spi/3.37.3/quarkus-hibernate-validator-spi-3.37.3.pom (1.0 kB at 10 kB/s)
[INFO] Downloading from central: https://repo.maven.apache.org/maven2/io/quarkus/quarkus-hibernate-validator-parent/3.37.3/quarkus-hibernate-validator-parent-3.37.3.pom
[INFO] Downloaded from central: https://repo.maven.apache.org/maven2/io/quarkus/quarkus-hibernate-validator-parent/3.37.3/quarkus-hibernate-validator-parent-3.37.3.pom (789 B at 7.7 kB/s)
[INFO] Downloading from central: https://repo.maven.apache.org/maven2/io/quarkus/quarkus-extensions-parent/3.37.3/quarkus-extensions-parent-3.37.3.pom
[INFO] Downloaded from central: https://repo.maven.apache.org/maven2/io/quarkus/quarkus-extensions-parent/3.37.3/quarkus-extensions-parent-3.37.3.pom (9.5 kB at 91 kB/s)
[INFO] Downloading from central: https://repo.maven.apache.org/maven2/io/quarkus/quarkus-builder/3.37.3/quarkus-builder-3.37.3.pom
[INFO] Downloaded from central: https://repo.maven.apache.org/maven2/io/quarkus/quarkus-builder/3.37.3/quarkus-builder-3.37.3.pom (2.7 kB at 25 kB/s)
[INFO] Downloading from central: https://repo.maven.apache.org/maven2/org/jboss/threads/jboss-threads/3.9.2/jboss-threads-3.9.2.pom
[INFO] Downloaded from central: https://repo.maven.apache.org/maven2/org/jboss/threads/jboss-threads/3.9.2/jboss-threads-3.9.2.pom (9.5 kB at 85 kB/s)
[INFO] Downloading from central: https://repo.maven.apache.org/maven2/io/smallrye/common/smallrye-common-bom/2.14.0/smallrye-common-bom-2.14.0.pom
[INFO] Downloaded from central: https://repo.maven.apache.org/maven2/io/smallrye/common/smallrye-common-bom/2.14.0/smallrye-common-bom-2.14.0.pom (5.4 kB at 51 kB/s)
[INFO] Downloading from central: https://repo.maven.apache.org/maven2/io/smallrye/common/smallrye-common-annotation/2.18.1/smallrye-common-annotation-2.18.1.pom
[INFO] Downloaded from central: https://repo.maven.apache.org/maven2/io/smallrye/common/smallrye-common-annotation/2.18.1/smallrye-common-annotation-2.18.1.pom (3.4 kB at 30 kB/s)
[INFO] Downloading from central: https://repo.maven.apache.org/maven2/io/quarkus/quarkus-class-change-agent/3.37.3/quarkus-class-change-agent-3.37.3.pom
[INFO] Downloaded from central: https://repo.maven.apache.org/maven2/io/quarkus/quarkus-class-change-agent/3.37.3/quarkus-class-change-agent-3.37.3.pom (1.6 kB at 14 kB/s)
[INFO] Downloading from central: https://repo.maven.apache.org/maven2/io/quarkus/quarkus-core/3.37.3/quarkus-core-3.37.3.pom
[INFO] Downloaded from central: https://repo.maven.apache.org/maven2/io/quarkus/quarkus-core/3.37.3/quarkus-core-3.37.3.pom (21 kB at 195 kB/s)
[INFO] Downloading from central: https://repo.maven.apache.org/maven2/jakarta/annotation/jakarta.annotation-api/3.0.0/jakarta.annotation-api-3.0.0.pom
[INFO] Downloaded from central: https://repo.maven.apache.org/maven2/jakarta/annotation/jakarta.annotation-api/3.0.0/jakarta.annotation-api-3.0.0.pom (15 kB at 126 kB/s)
[INFO] Downloading from central: https://repo.maven.apache.org/maven2/jakarta/enterprise/jakarta.enterprise.cdi-api/4.1.0/jakarta.enterprise.cdi-api-4.1.0.pom
[INFO] Downloaded from central: https://repo.maven.apache.org/maven2/jakarta/enterprise/jakarta.enterprise.cdi-api/4.1.0/jakarta.enterprise.cdi-api-4.1.0.pom (12 kB at 109 kB/s)
[INFO] Downloading from central: https://repo.maven.apache.org/maven2/jakarta/enterprise/jakarta.enterprise.cdi-parent/4.1.0/jakarta.enterprise.cdi-parent-4.1.0.pom
[INFO] Downloaded from central: https://repo.maven.apache.org/maven2/jakarta/enterprise/jakarta.enterprise.cdi-parent/4.1.0/jakarta.enterprise.cdi-parent-4.1.0.pom (8.2 kB at 80 kB/s)
[INFO] Downloading from central: https://repo.maven.apache.org/maven2/jakarta/enterprise/jakarta.enterprise.lang-model/4.1.0/jakarta.enterprise.lang-model-4.1.0.pom
[INFO] Downloaded from central: https://repo.maven.apache.org/maven2/jakarta/enterprise/jakarta.enterprise.lang-model/4.1.0/jakarta.enterprise.lang-model-4.1.0.pom (3.8 kB at 37 kB/s)
[INFO] Downloading from central: https://repo.maven.apache.org/maven2/jakarta/el/jakarta.el-api/6.0.1/jakarta.el-api-6.0.1.pom
[INFO] Downloaded from central: https://repo.maven.apache.org/maven2/jakarta/el/jakarta.el-api/6.0.1/jakarta.el-api-6.0.1.pom (12 kB at 110 kB/s)
[INFO] Downloading from central: https://repo.maven.apache.org/maven2/jakarta/interceptor/jakarta.interceptor-api/2.2.0/jakarta.interceptor-api-2.2.0.pom
[INFO] Downloaded from central: https://repo.maven.apache.org/maven2/jakarta/interceptor/jakarta.interceptor-api/2.2.0/jakarta.interceptor-api-2.2.0.pom (2.6 kB at 25 kB/s)
[INFO] Downloading from central: https://repo.maven.apache.org/maven2/jakarta/inject/jakarta.inject-api/2.0.1/jakarta.inject-api-2.0.1.pom
[INFO] Downloaded from central: https://repo.maven.apache.org/maven2/jakarta/inject/jakarta.inject-api/2.0.1/jakarta.inject-api-2.0.1.pom (5.9 kB at 57 kB/s)
[INFO] Downloading from central: https://repo.maven.apache.org/maven2/org/eclipse/ee4j/project/1.0.6/project-1.0.6.pom
[INFO] Downloaded from central: https://repo.maven.apache.org/maven2/org/eclipse/ee4j/project/1.0.6/project-1.0.6.pom (13 kB at 135 kB/s)
[INFO] Downloading from central: https://repo.maven.apache.org/maven2/io/smallrye/config/smallrye-config/3.17.2/smallrye-config-3.17.2.pom
[INFO] Downloaded from central: https://repo.maven.apache.org/maven2/io/smallrye/config/smallrye-config/3.17.2/smallrye-config-3.17.2.pom (4.4 kB at 38 kB/s)
[INFO] Downloading from central: https://repo.maven.apache.org/maven2/io/smallrye/config/smallrye-config-parent/3.17.2/smallrye-config-parent-3.17.2.pom
[INFO] Downloaded from central: https://repo.maven.apache.org/maven2/io/smallrye/config/smallrye-config-parent/3.17.2/smallrye-config-parent-3.17.2.pom (7.8 kB at 70 kB/s)
[INFO] Downloading from central: https://repo.maven.apache.org/maven2/io/smallrye/common/smallrye-common-bom/2.17.1/smallrye-common-bom-2.17.1.pom
[INFO] Downloaded from central: https://repo.maven.apache.org/maven2/io/smallrye/common/smallrye-common-bom/2.17.1/smallrye-common-bom-2.17.1.pom (5.6 kB at 56 kB/s)
[INFO] Downloading from central: https://repo.maven.apache.org/maven2/io/smallrye/testing/smallrye-testing-bom/2.5.0/smallrye-testing-bom-2.5.0.pom
[INFO] Downloaded from central: https://repo.maven.apache.org/maven2/io/smallrye/testing/smallrye-testing-bom/2.5.0/smallrye-testing-bom-2.5.0.pom (4.5 kB at 31 kB/s)
[INFO] Downloading from central: https://repo.maven.apache.org/maven2/io/smallrye/testing/smallrye-testing-parent/2.5.0/smallrye-testing-parent-2.5.0.pom
[INFO] Downloaded from central: https://repo.maven.apache.org/maven2/io/smallrye/testing/smallrye-testing-parent/2.5.0/smallrye-testing-parent-2.5.0.pom (4.3 kB at 32 kB/s)
[INFO] Downloading from central: https://repo.maven.apache.org/maven2/io/smallrye/config/smallrye-config-core/3.17.2/smallrye-config-core-3.17.2.pom
[INFO] Downloaded from central: https://repo.maven.apache.org/maven2/io/smallrye/config/smallrye-config-core/3.17.2/smallrye-config-core-3.17.2.pom (5.1 kB at 44 kB/s)
[INFO] Downloading from central: https://repo.maven.apache.org/maven2/org/eclipse/microprofile/config/microprofile-config-api/3.1.1/microprofile-config-api-3.1.1.pom
[INFO] Downloaded from central: https://repo.maven.apache.org/maven2/org/eclipse/microprofile/config/microprofile-config-api/3.1.1/microprofile-config-api-3.1.1.pom (2.2 kB at 16 kB/s)
[INFO] Downloading from central: https://repo.maven.apache.org/maven2/org/eclipse/microprofile/config/microprofile-config-parent/3.1.1/microprofile-config-parent-3.1.1.pom
[INFO] Downloaded from central: https://repo.maven.apache.org/maven2/org/eclipse/microprofile/config/microprofile-config-parent/3.1.1/microprofile-config-parent-3.1.1.pom (4.2 kB at 30 kB/s)
[INFO] Downloading from central: https://repo.maven.apache.org/maven2/org/eclipse/microprofile/microprofile-parent/2.12/microprofile-parent-2.12.pom
[INFO] Downloaded from central: https://repo.maven.apache.org/maven2/org/eclipse/microprofile/microprofile-parent/2.12/microprofile-parent-2.12.pom (52 kB at 392 kB/s)
[INFO] Downloading from central: https://repo.maven.apache.org/maven2/io/smallrye/common/smallrye-common-classloader/2.18.1/smallrye-common-classloader-2.18.1.pom
[INFO] Downloaded from central: https://repo.maven.apache.org/maven2/io/smallrye/common/smallrye-common-classloader/2.18.1/smallrye-common-classloader-2.18.1.pom (2.2 kB at 18 kB/s)
[INFO] Downloading from central: https://repo.maven.apache.org/maven2/io/smallrye/config/smallrye-config-common/3.17.2/smallrye-config-common-3.17.2.pom
[INFO] Downloaded from central: https://repo.maven.apache.org/maven2/io/smallrye/config/smallrye-config-common/3.17.2/smallrye-config-common-3.17.2.pom (1.1 kB at 9.5 kB/s)
[INFO] Downloading from central: https://repo.maven.apache.org/maven2/io/quarkus/quarkus-bootstrap-runner/3.37.3/quarkus-bootstrap-runner-3.37.3.pom
[INFO] Downloaded from central: https://repo.maven.apache.org/maven2/io/quarkus/quarkus-bootstrap-runner/3.37.3/quarkus-bootstrap-runner-3.37.3.pom (3.8 kB at 35 kB/s)
[INFO] Downloading from central: https://repo.maven.apache.org/maven2/org/crac/crac/1.5.0/crac-1.5.0.pom
[INFO] Downloaded from central: https://repo.maven.apache.org/maven2/org/crac/crac/1.5.0/crac-1.5.0.pom (4.6 kB at 39 kB/s)
[INFO] Downloading from central: https://repo.maven.apache.org/maven2/org/graalvm/sdk/nativeimage/23.1.2/nativeimage-23.1.2.pom
[INFO] Downloaded from central: https://repo.maven.apache.org/maven2/org/graalvm/sdk/nativeimage/23.1.2/nativeimage-23.1.2.pom (1.4 kB at 10 kB/s)
[INFO] Downloading from central: https://repo.maven.apache.org/maven2/org/graalvm/sdk/word/23.1.2/word-23.1.2.pom
[INFO] Downloaded from central: https://repo.maven.apache.org/maven2/org/graalvm/sdk/word/23.1.2/word-23.1.2.pom (1.2 kB at 9.9 kB/s)
[INFO] Downloading from central: https://repo.maven.apache.org/maven2/net/bytebuddy/byte-buddy-agent/1.18.8/byte-buddy-agent-1.18.8.pom
[INFO] Downloaded from central: https://repo.maven.apache.org/maven2/net/bytebuddy/byte-buddy-agent/1.18.8/byte-buddy-agent-1.18.8.pom (14 kB at 126 kB/s)
[INFO] Downloading from central: https://repo.maven.apache.org/maven2/net/bytebuddy/byte-buddy-parent/1.18.8/byte-buddy-parent-1.18.8.pom
[INFO] Downloaded from central: https://repo.maven.apache.org/maven2/net/bytebuddy/byte-buddy-parent/1.18.8/byte-buddy-parent-1.18.8.pom (68 kB at 598 kB/s)
[INFO] Downloading from central: https://repo.maven.apache.org/maven2/org/junit/platform/junit-platform-launcher/6.1.1/junit-platform-launcher-6.1.1.pom
[INFO] Downloaded from central: https://repo.maven.apache.org/maven2/org/junit/platform/junit-platform-launcher/6.1.1/junit-platform-launcher-6.1.1.pom (3.4 kB at 27 kB/s)
[INFO] Downloading from central: https://repo.maven.apache.org/maven2/org/junit/platform/junit-platform-engine/6.1.1/junit-platform-engine-6.1.1.pom
[INFO] Downloaded from central: https://repo.maven.apache.org/maven2/org/junit/platform/junit-platform-engine/6.1.1/junit-platform-engine-6.1.1.pom (3.5 kB at 27 kB/s)
[INFO] Downloading from central: https://repo.maven.apache.org/maven2/org/opentest4j/opentest4j/1.3.0/opentest4j-1.3.0.pom
[INFO] Downloaded from central: https://repo.maven.apache.org/maven2/org/opentest4j/opentest4j/1.3.0/opentest4j-1.3.0.pom (2.0 kB at 19 kB/s)
[INFO] Downloading from central: https://repo.maven.apache.org/maven2/org/junit/platform/junit-platform-commons/6.1.1/junit-platform-commons-6.1.1.pom
[INFO] Downloaded from central: https://repo.maven.apache.org/maven2/org/junit/platform/junit-platform-commons/6.1.1/junit-platform-commons-6.1.1.pom (3.2 kB at 28 kB/s)
[INFO] Downloading from central: https://repo.maven.apache.org/maven2/org/apiguardian/apiguardian-api/1.1.2/apiguardian-api-1.1.2.pom
[INFO] Downloaded from central: https://repo.maven.apache.org/maven2/org/apiguardian/apiguardian-api/1.1.2/apiguardian-api-1.1.2.pom (1.5 kB at 14 kB/s)
[INFO] Downloading from central: https://repo.maven.apache.org/maven2/org/junit/jupiter/junit-jupiter/6.1.1/junit-jupiter-6.1.1.pom
[INFO] Downloaded from central: https://repo.maven.apache.org/maven2/org/junit/jupiter/junit-jupiter/6.1.1/junit-jupiter-6.1.1.pom (3.4 kB at 25 kB/s)
[INFO] Downloading from central: https://repo.maven.apache.org/maven2/org/junit/jupiter/junit-jupiter-api/6.1.1/junit-jupiter-api-6.1.1.pom
[INFO] Downloaded from central: https://repo.maven.apache.org/maven2/org/junit/jupiter/junit-jupiter-api/6.1.1/junit-jupiter-api-6.1.1.pom (3.5 kB at 28 kB/s)
[INFO] Downloading from central: https://repo.maven.apache.org/maven2/org/junit/jupiter/junit-jupiter-params/6.1.1/junit-jupiter-params-6.1.1.pom
[INFO] Downloaded from central: https://repo.maven.apache.org/maven2/org/junit/jupiter/junit-jupiter-params/6.1.1/junit-jupiter-params-6.1.1.pom (3.3 kB at 28 kB/s)
[INFO] Downloading from central: https://repo.maven.apache.org/maven2/org/junit/jupiter/junit-jupiter-engine/6.1.1/junit-jupiter-engine-6.1.1.pom
[INFO] Downloaded from central: https://repo.maven.apache.org/maven2/org/junit/jupiter/junit-jupiter-engine/6.1.1/junit-jupiter-engine-6.1.1.pom (3.5 kB at 27 kB/s)
[INFO] Downloading from central: https://repo.maven.apache.org/maven2/io/quarkus/quarkus-project-core-extension-codestarts/3.37.3/quarkus-project-core-extension-codestarts-3.37.3.pom
[INFO] Downloaded from central: https://repo.maven.apache.org/maven2/io/quarkus/quarkus-project-core-extension-codestarts/3.37.3/quarkus-project-core-extension-codestarts-3.37.3.pom (11 kB at 94 kB/s)
[INFO] Downloading from central: https://repo.maven.apache.org/maven2/io/quarkus/quarkus-devtools-all/3.37.3/quarkus-devtools-all-3.37.3.pom
[INFO] Downloaded from central: https://repo.maven.apache.org/maven2/io/quarkus/quarkus-devtools-all/3.37.3/quarkus-devtools-all-3.37.3.pom (1.2 kB at 11 kB/s)
[INFO] Downloading from central: https://repo.maven.apache.org/maven2/io/quarkus/quarkus-devtools-common/3.37.3/quarkus-devtools-common-3.37.3.pom
[INFO] Downloaded from central: https://repo.maven.apache.org/maven2/io/quarkus/quarkus-devtools-common/3.37.3/quarkus-devtools-common-3.37.3.pom (5.0 kB at 42 kB/s)
[INFO] Downloading from central: https://repo.maven.apache.org/maven2/io/quarkus/quarkus-tools-parent/3.37.3/quarkus-tools-parent-3.37.3.pom
[INFO] Downloaded from central: https://repo.maven.apache.org/maven2/io/quarkus/quarkus-tools-parent/3.37.3/quarkus-tools-parent-3.37.3.pom (16 kB at 115 kB/s)
[INFO] Downloading from central: https://repo.maven.apache.org/maven2/com/fasterxml/jackson/jackson-bom/2.22.0/jackson-bom-2.22.0.pom
[INFO] Downloaded from central: https://repo.maven.apache.org/maven2/com/fasterxml/jackson/jackson-bom/2.22.0/jackson-bom-2.22.0.pom (20 kB at 150 kB/s)
[INFO] Downloading from central: https://repo.maven.apache.org/maven2/com/fasterxml/jackson/jackson-parent/2.22/jackson-parent-2.22.pom
[INFO] Downloaded from central: https://repo.maven.apache.org/maven2/com/fasterxml/jackson/jackson-parent/2.22/jackson-parent-2.22.pom (6.9 kB at 56 kB/s)
[INFO] Downloading from central: https://repo.maven.apache.org/maven2/com/fasterxml/oss-parent/79/oss-parent-79.pom
[INFO] Downloaded from central: https://repo.maven.apache.org/maven2/com/fasterxml/oss-parent/79/oss-parent-79.pom (24 kB at 218 kB/s)
[INFO] Downloading from central: https://repo.maven.apache.org/maven2/org/mockito/mockito-bom/5.21.0/mockito-bom-5.21.0.pom
[INFO] Downloaded from central: https://repo.maven.apache.org/maven2/org/mockito/mockito-bom/5.21.0/mockito-bom-5.21.0.pom (3.0 kB at 30 kB/s)
[INFO] Downloading from central: https://repo.maven.apache.org/maven2/io/quarkus/quarkus-devtools-registry-client/3.37.3/quarkus-devtools-registry-client-3.37.3.pom
[INFO] Downloaded from central: https://repo.maven.apache.org/maven2/io/quarkus/quarkus-devtools-registry-client/3.37.3/quarkus-devtools-registry-client-3.37.3.pom (2.2 kB at 19 kB/s)
[INFO] Downloading from central: https://repo.maven.apache.org/maven2/io/quarkus/quarkus-devtools-message-writer/3.37.3/quarkus-devtools-message-writer-3.37.3.pom
[INFO] Downloaded from central: https://repo.maven.apache.org/maven2/io/quarkus/quarkus-devtools-message-writer/3.37.3/quarkus-devtools-message-writer-3.37.3.pom (771 B at 7.1 kB/s)
[INFO] Downloading from central: https://repo.maven.apache.org/maven2/com/fasterxml/jackson/core/jackson-databind/2.22.0/jackson-databind-2.22.0.pom
[INFO] Downloaded from central: https://repo.maven.apache.org/maven2/com/fasterxml/jackson/core/jackson-databind/2.22.0/jackson-databind-2.22.0.pom (23 kB at 140 kB/s)
[INFO] Downloading from central: https://repo.maven.apache.org/maven2/com/fasterxml/jackson/jackson-base/2.22.0/jackson-base-2.22.0.pom
[INFO] Downloaded from central: https://repo.maven.apache.org/maven2/com/fasterxml/jackson/jackson-base/2.22.0/jackson-base-2.22.0.pom (13 kB at 106 kB/s)
[INFO] Downloading from central: https://repo.maven.apache.org/maven2/org/junit/junit-bom/5.14.3/junit-bom-5.14.3.pom
[INFO] Downloaded from central: https://repo.maven.apache.org/maven2/org/junit/junit-bom/5.14.3/junit-bom-5.14.3.pom (5.7 kB at 56 kB/s)
[INFO] Downloading from central: https://repo.maven.apache.org/maven2/com/fasterxml/jackson/core/jackson-annotations/2.22/jackson-annotations-2.22.pom
[INFO] Downloaded from central: https://repo.maven.apache.org/maven2/com/fasterxml/jackson/core/jackson-annotations/2.22/jackson-annotations-2.22.pom (7.2 kB at 60 kB/s)
[INFO] Downloading from central: https://repo.maven.apache.org/maven2/com/fasterxml/jackson/core/jackson-core/2.22.0/jackson-core-2.22.0.pom
[INFO] Downloaded from central: https://repo.maven.apache.org/maven2/com/fasterxml/jackson/core/jackson-core/2.22.0/jackson-core-2.22.0.pom (9.7 kB at 79 kB/s)
[INFO] Downloading from central: https://repo.maven.apache.org/maven2/com/fasterxml/jackson/dataformat/jackson-dataformat-yaml/2.22.0/jackson-dataformat-yaml-2.22.0.pom
[INFO] Downloaded from central: https://repo.maven.apache.org/maven2/com/fasterxml/jackson/dataformat/jackson-dataformat-yaml/2.22.0/jackson-dataformat-yaml-2.22.0.pom (3.0 kB at 23 kB/s)
[INFO] Downloading from central: https://repo.maven.apache.org/maven2/com/fasterxml/jackson/dataformat/jackson-dataformats-text/2.22.0/jackson-dataformats-text-2.22.0.pom
[INFO] Downloaded from central: https://repo.maven.apache.org/maven2/com/fasterxml/jackson/dataformat/jackson-dataformats-text/2.22.0/jackson-dataformats-text-2.22.0.pom (3.5 kB at 24 kB/s)
[INFO] Downloading from central: https://repo.maven.apache.org/maven2/org/yaml/snakeyaml/2.6/snakeyaml-2.6.pom
[INFO] Downloaded from central: https://repo.maven.apache.org/maven2/org/yaml/snakeyaml/2.6/snakeyaml-2.6.pom (21 kB at 166 kB/s)
[INFO] Downloading from central: https://repo.maven.apache.org/maven2/org/apache/maven/resolver/maven-resolver-api/1.9.27/maven-resolver-api-1.9.27.pom
[INFO] Downloaded from central: https://repo.maven.apache.org/maven2/org/apache/maven/resolver/maven-resolver-api/1.9.27/maven-resolver-api-1.9.27.pom (2.2 kB at 17 kB/s)
[INFO] Downloading from central: https://repo.maven.apache.org/maven2/org/apache/maven/resolver/maven-resolver/1.9.27/maven-resolver-1.9.27.pom
[INFO] Downloaded from central: https://repo.maven.apache.org/maven2/org/apache/maven/resolver/maven-resolver/1.9.27/maven-resolver-1.9.27.pom (25 kB at 190 kB/s)
[INFO] Downloading from central: https://repo.maven.apache.org/maven2/org/apache/maven/maven-parent/47/maven-parent-47.pom
[INFO] Downloaded from central: https://repo.maven.apache.org/maven2/org/apache/maven/maven-parent/47/maven-parent-47.pom (54 kB at 470 kB/s)
[INFO] Downloading from central: https://repo.maven.apache.org/maven2/org/apache/maven/resolver/maven-resolver-spi/1.9.27/maven-resolver-spi-1.9.27.pom
[INFO] Downloaded from central: https://repo.maven.apache.org/maven2/org/apache/maven/resolver/maven-resolver-spi/1.9.27/maven-resolver-spi-1.9.27.pom (2.1 kB at 15 kB/s)
[INFO] Downloading from central: https://repo.maven.apache.org/maven2/org/apache/maven/resolver/maven-resolver-util/1.9.27/maven-resolver-util-1.9.27.pom
[INFO] Downloaded from central: https://repo.maven.apache.org/maven2/org/apache/maven/resolver/maven-resolver-util/1.9.27/maven-resolver-util-1.9.27.pom (2.2 kB at 18 kB/s)
[INFO] Downloading from central: https://repo.maven.apache.org/maven2/org/apache/maven/resolver/maven-resolver-impl/1.9.27/maven-resolver-impl-1.9.27.pom
[INFO] Downloaded from central: https://repo.maven.apache.org/maven2/org/apache/maven/resolver/maven-resolver-impl/1.9.27/maven-resolver-impl-1.9.27.pom (4.2 kB at 32 kB/s)
[INFO] Downloading from central: https://repo.maven.apache.org/maven2/org/apache/maven/resolver/maven-resolver-named-locks/1.9.27/maven-resolver-named-locks-1.9.27.pom
[INFO] Downloaded from central: https://repo.maven.apache.org/maven2/org/apache/maven/resolver/maven-resolver-named-locks/1.9.27/maven-resolver-named-locks-1.9.27.pom (2.6 kB at 18 kB/s)
[INFO] Downloading from central: https://repo.maven.apache.org/maven2/org/apache/maven/resolver/maven-resolver-transport-http/1.9.25/maven-resolver-transport-http-1.9.25.pom
[INFO] Downloaded from central: https://repo.maven.apache.org/maven2/org/apache/maven/resolver/maven-resolver-transport-http/1.9.25/maven-resolver-transport-http-1.9.25.pom (5.2 kB at 42 kB/s)
[INFO] Downloading from central: https://repo.maven.apache.org/maven2/org/apache/maven/resolver/maven-resolver/1.9.25/maven-resolver-1.9.25.pom
[INFO] Downloaded from central: https://repo.maven.apache.org/maven2/org/apache/maven/resolver/maven-resolver/1.9.25/maven-resolver-1.9.25.pom (25 kB at 199 kB/s)
[INFO] Downloading from central: https://repo.maven.apache.org/maven2/org/apache/maven/maven-parent/45/maven-parent-45.pom
[INFO] Downloaded from central: https://repo.maven.apache.org/maven2/org/apache/maven/maven-parent/45/maven-parent-45.pom (53 kB at 444 kB/s)
[INFO] Downloading from central: https://repo.maven.apache.org/maven2/com/google/code/gson/gson/2.14.0/gson-2.14.0.pom
[INFO] Downloaded from central: https://repo.maven.apache.org/maven2/com/google/code/gson/gson/2.14.0/gson-2.14.0.pom (23 kB at 156 kB/s)
[INFO] Downloading from central: https://repo.maven.apache.org/maven2/com/google/code/gson/gson-parent/2.14.0/gson-parent-2.14.0.pom
[INFO] Downloaded from central: https://repo.maven.apache.org/maven2/com/google/code/gson/gson-parent/2.14.0/gson-parent-2.14.0.pom (27 kB at 193 kB/s)
[INFO] Downloading from central: https://repo.maven.apache.org/maven2/com/google/errorprone/error_prone_annotations/2.49.0/error_prone_annotations-2.49.0.pom
[INFO] Downloaded from central: https://repo.maven.apache.org/maven2/com/google/errorprone/error_prone_annotations/2.49.0/error_prone_annotations-2.49.0.pom (4.3 kB at 25 kB/s)
[INFO] Downloading from central: https://repo.maven.apache.org/maven2/com/google/errorprone/error_prone_parent/2.49.0/error_prone_parent-2.49.0.pom
[INFO] Downloaded from central: https://repo.maven.apache.org/maven2/com/google/errorprone/error_prone_parent/2.49.0/error_prone_parent-2.49.0.pom (16 kB at 128 kB/s)
[INFO] Downloading from central: https://repo.maven.apache.org/maven2/org/apache/maven/resolver/maven-resolver-transport-wagon/1.9.27/maven-resolver-transport-wagon-1.9.27.pom
[INFO] Downloaded from central: https://repo.maven.apache.org/maven2/org/apache/maven/resolver/maven-resolver-transport-wagon/1.9.27/maven-resolver-transport-wagon-1.9.27.pom (3.8 kB at 27 kB/s)
[INFO] Downloading from central: https://repo.maven.apache.org/maven2/org/apache/maven/wagon/wagon-provider-api/3.5.3/wagon-provider-api-3.5.3.pom
[INFO] Downloaded from central: https://repo.maven.apache.org/maven2/org/apache/maven/wagon/wagon-provider-api/3.5.3/wagon-provider-api-3.5.3.pom (1.9 kB at 13 kB/s)
[INFO] Downloading from central: https://repo.maven.apache.org/maven2/org/apache/maven/wagon/wagon/3.5.3/wagon-3.5.3.pom
[INFO] Downloaded from central: https://repo.maven.apache.org/maven2/org/apache/maven/wagon/wagon/3.5.3/wagon-3.5.3.pom (21 kB at 150 kB/s)
[INFO] Downloading from central: https://repo.maven.apache.org/maven2/org/apache/maven/maven-parent/34/maven-parent-34.pom
[INFO] Downloaded from central: https://repo.maven.apache.org/maven2/org/apache/maven/maven-parent/34/maven-parent-34.pom (43 kB at 330 kB/s)
[INFO] Downloading from central: https://repo.maven.apache.org/maven2/org/apache/apache/23/apache-23.pom
[INFO] Downloaded from central: https://repo.maven.apache.org/maven2/org/apache/apache/23/apache-23.pom (18 kB at 179 kB/s)
[INFO] Downloading from central: https://repo.maven.apache.org/maven2/org/apache/maven/wagon/wagon-file/3.5.3/wagon-file-3.5.3.pom
[INFO] Downloaded from central: https://repo.maven.apache.org/maven2/org/apache/maven/wagon/wagon-file/3.5.3/wagon-file-3.5.3.pom (1.8 kB at 13 kB/s)
[INFO] Downloading from central: https://repo.maven.apache.org/maven2/org/apache/maven/wagon/wagon-providers/3.5.3/wagon-providers-3.5.3.pom
[INFO] Downloaded from central: https://repo.maven.apache.org/maven2/org/apache/maven/wagon/wagon-providers/3.5.3/wagon-providers-3.5.3.pom (3.1 kB at 23 kB/s)
[INFO] Downloading from central: https://repo.maven.apache.org/maven2/org/apache/maven/wagon/wagon-http/3.5.3/wagon-http-3.5.3.pom
[INFO] Downloaded from central: https://repo.maven.apache.org/maven2/org/apache/maven/wagon/wagon-http/3.5.3/wagon-http-3.5.3.pom (6.1 kB at 48 kB/s)
[INFO] Downloading from central: https://repo.maven.apache.org/maven2/org/apache/maven/wagon/wagon-http-shared/3.5.3/wagon-http-shared-3.5.3.pom
[INFO] Downloaded from central: https://repo.maven.apache.org/maven2/org/apache/maven/wagon/wagon-http-shared/3.5.3/wagon-http-shared-3.5.3.pom (2.5 kB at 18 kB/s)
[INFO] Downloading from central: https://repo.maven.apache.org/maven2/io/quarkus/quarkus-devtools-base-codestarts/3.37.3/quarkus-devtools-base-codestarts-3.37.3.pom
[INFO] Downloaded from central: https://repo.maven.apache.org/maven2/io/quarkus/quarkus-devtools-base-codestarts/3.37.3/quarkus-devtools-base-codestarts-3.37.3.pom (1.7 kB at 15 kB/s)
[INFO] Downloading from central: https://repo.maven.apache.org/maven2/io/quarkus/quarkus-devtools-codestarts/3.37.3/quarkus-devtools-codestarts-3.37.3.pom
[INFO] Downloaded from central: https://repo.maven.apache.org/maven2/io/quarkus/quarkus-devtools-codestarts/3.37.3/quarkus-devtools-codestarts-3.37.3.pom (2.3 kB at 19 kB/s)
[INFO] Downloading from central: https://repo.maven.apache.org/maven2/io/quarkus/qute/qute-core/3.37.3/qute-core-3.37.3.pom
[INFO] Downloaded from central: https://repo.maven.apache.org/maven2/io/quarkus/qute/qute-core/3.37.3/qute-core-3.37.3.pom (1.5 kB at 12 kB/s)
[INFO] Downloading from central: https://repo.maven.apache.org/maven2/io/quarkus/qute/qute-parent/3.37.3/qute-parent-3.37.3.pom
[INFO] Downloaded from central: https://repo.maven.apache.org/maven2/io/quarkus/qute/qute-parent/3.37.3/qute-parent-3.37.3.pom (13 kB at 104 kB/s)
[INFO] Downloading from central: https://repo.maven.apache.org/maven2/io/smallrye/reactive/mutiny-bom/3.2.1/mutiny-bom-3.2.1.pom
[INFO] Downloaded from central: https://repo.maven.apache.org/maven2/io/smallrye/reactive/mutiny-bom/3.2.1/mutiny-bom-3.2.1.pom (3.8 kB at 27 kB/s)
[INFO] Downloading from central: https://repo.maven.apache.org/maven2/io/smallrye/reactive/mutiny/3.2.1/mutiny-3.2.1.pom
[INFO] Downloaded from central: https://repo.maven.apache.org/maven2/io/smallrye/reactive/mutiny/3.2.1/mutiny-3.2.1.pom (8.6 kB at 71 kB/s)
[INFO] Downloading from central: https://repo.maven.apache.org/maven2/io/smallrye/reactive/mutiny-project/3.2.1/mutiny-project-3.2.1.pom
[INFO] Downloaded from central: https://repo.maven.apache.org/maven2/io/smallrye/reactive/mutiny-project/3.2.1/mutiny-project-3.2.1.pom (26 kB at 181 kB/s)
[INFO] Downloading from central: https://repo.maven.apache.org/maven2/org/jctools/jctools-core/4.0.5/jctools-core-4.0.5.pom
[INFO] Downloaded from central: https://repo.maven.apache.org/maven2/org/jctools/jctools-core/4.0.5/jctools-core-4.0.5.pom (9.5 kB at 82 kB/s)
[INFO] Downloading from central: https://repo.maven.apache.org/maven2/io/fabric8/maven-model-helper/41/maven-model-helper-41.pom
[INFO] Downloaded from central: https://repo.maven.apache.org/maven2/io/fabric8/maven-model-helper/41/maven-model-helper-41.pom (14 kB at 111 kB/s)
[INFO] Downloading from central: https://repo.maven.apache.org/maven2/org/jdom/jdom2/2.0.6.1/jdom2-2.0.6.1.pom
[INFO] Downloaded from central: https://repo.maven.apache.org/maven2/org/jdom/jdom2/2.0.6.1/jdom2-2.0.6.1.pom (4.6 kB at 39 kB/s)
[INFO] Downloading from central: https://repo.maven.apache.org/maven2/io/smallrye/common/smallrye-common-version/2.18.1/smallrye-common-version-2.18.1.pom
[INFO] Downloaded from central: https://repo.maven.apache.org/maven2/io/smallrye/common/smallrye-common-version/2.18.1/smallrye-common-version-2.18.1.pom (3.2 kB at 23 kB/s)
[INFO] Downloading from central: https://repo.maven.apache.org/maven2/com/fasterxml/jackson/datatype/jackson-datatype-jdk8/2.22.0/jackson-datatype-jdk8-2.22.0.pom
[INFO] Downloaded from central: https://repo.maven.apache.org/maven2/com/fasterxml/jackson/datatype/jackson-datatype-jdk8/2.22.0/jackson-datatype-jdk8-2.22.0.pom (2.8 kB at 21 kB/s)
[INFO] Downloading from central: https://repo.maven.apache.org/maven2/com/fasterxml/jackson/module/jackson-modules-java8/2.22.0/jackson-modules-java8-2.22.0.pom
[INFO] Downloaded from central: https://repo.maven.apache.org/maven2/com/fasterxml/jackson/module/jackson-modules-java8/2.22.0/jackson-modules-java8-2.22.0.pom (3.1 kB at 24 kB/s)
[INFO] Downloading from central: https://repo.maven.apache.org/maven2/org/codejive/java-properties/0.0.7/java-properties-0.0.7.pom
[INFO] Downloaded from central: https://repo.maven.apache.org/maven2/org/codejive/java-properties/0.0.7/java-properties-0.0.7.pom (7.6 kB at 64 kB/s)
[INFO] Downloading from central: https://repo.maven.apache.org/maven2/io/quarkus/quarkus-analytics-common/3.37.3/quarkus-analytics-common-3.37.3.pom
[INFO] Downloaded from central: https://repo.maven.apache.org/maven2/io/quarkus/quarkus-analytics-common/3.37.3/quarkus-analytics-common-3.37.3.pom (3.1 kB at 25 kB/s)
[INFO] Downloading from central: https://repo.maven.apache.org/maven2/io/quarkus/quarkus-cyclonedx-generator/3.37.3/quarkus-cyclonedx-generator-3.37.3.pom
[INFO] Downloaded from central: https://repo.maven.apache.org/maven2/io/quarkus/quarkus-cyclonedx-generator/3.37.3/quarkus-cyclonedx-generator-3.37.3.pom (1.7 kB at 15 kB/s)
[INFO] Downloading from central: https://repo.maven.apache.org/maven2/io/quarkus/quarkus-cyclonedx-parent/3.37.3/quarkus-cyclonedx-parent-3.37.3.pom
[INFO] Downloaded from central: https://repo.maven.apache.org/maven2/io/quarkus/quarkus-cyclonedx-parent/3.37.3/quarkus-cyclonedx-parent-3.37.3.pom (849 B at 7.2 kB/s)
[INFO] Downloading from central: https://repo.maven.apache.org/maven2/org/cyclonedx/cyclonedx-core-java/12.2.0/cyclonedx-core-java-12.2.0.pom
[INFO] Downloaded from central: https://repo.maven.apache.org/maven2/org/cyclonedx/cyclonedx-core-java/12.2.0/cyclonedx-core-java-12.2.0.pom (15 kB at 111 kB/s)
[INFO] Downloading from central: https://repo.maven.apache.org/maven2/com/fasterxml/jackson/jackson-bom/2.21.1/jackson-bom-2.21.1.pom
[INFO] Downloaded from central: https://repo.maven.apache.org/maven2/com/fasterxml/jackson/jackson-bom/2.21.1/jackson-bom-2.21.1.pom (20 kB at 186 kB/s)
[INFO] Downloading from central: https://repo.maven.apache.org/maven2/com/fasterxml/jackson/jackson-parent/2.21/jackson-parent-2.21.pom
[INFO] Downloaded from central: https://repo.maven.apache.org/maven2/com/fasterxml/jackson/jackson-parent/2.21/jackson-parent-2.21.pom (6.9 kB at 63 kB/s)
[INFO] Downloading from central: https://repo.maven.apache.org/maven2/com/fasterxml/oss-parent/75/oss-parent-75.pom
[INFO] Downloaded from central: https://repo.maven.apache.org/maven2/com/fasterxml/oss-parent/75/oss-parent-75.pom (24 kB at 227 kB/s)
[INFO] Downloading from central: https://repo.maven.apache.org/maven2/org/apache/commons/commons-collections4/4.5.0/commons-collections4-4.5.0.pom
[INFO] Downloaded from central: https://repo.maven.apache.org/maven2/org/apache/commons/commons-collections4/4.5.0/commons-collections4-4.5.0.pom (26 kB at 189 kB/s)
[INFO] Downloading from central: https://repo.maven.apache.org/maven2/org/apache/commons/commons-parent/81/commons-parent-81.pom
[INFO] Downloaded from central: https://repo.maven.apache.org/maven2/org/apache/commons/commons-parent/81/commons-parent-81.pom (78 kB at 668 kB/s)
[INFO] Downloading from central: https://repo.maven.apache.org/maven2/org/apache/apache/33/apache-33.pom
[INFO] Downloaded from central: https://repo.maven.apache.org/maven2/org/apache/apache/33/apache-33.pom (24 kB at 257 kB/s)
[INFO] Downloading from central: https://repo.maven.apache.org/maven2/org/junit/junit-bom/5.11.4/junit-bom-5.11.4.pom
[INFO] Downloaded from central: https://repo.maven.apache.org/maven2/org/junit/junit-bom/5.11.4/junit-bom-5.11.4.pom (5.6 kB at 59 kB/s)
[INFO] Downloading from central: https://repo.maven.apache.org/maven2/com/github/package-url/packageurl-java/1.5.0/packageurl-java-1.5.0.pom
[INFO] Downloaded from central: https://repo.maven.apache.org/maven2/com/github/package-url/packageurl-java/1.5.0/packageurl-java-1.5.0.pom (12 kB at 100 kB/s)
[INFO] Downloading from central: https://repo.maven.apache.org/maven2/com/fasterxml/jackson/dataformat/jackson-dataformat-xml/2.22.0/jackson-dataformat-xml-2.22.0.pom
[INFO] Downloaded from central: https://repo.maven.apache.org/maven2/com/fasterxml/jackson/dataformat/jackson-dataformat-xml/2.22.0/jackson-dataformat-xml-2.22.0.pom (9.4 kB at 73 kB/s)
[INFO] Downloading from central: https://repo.maven.apache.org/maven2/org/codehaus/woodstox/stax2-api/4.3.0/stax2-api-4.3.0.pom
[INFO] Downloaded from central: https://repo.maven.apache.org/maven2/org/codehaus/woodstox/stax2-api/4.3.0/stax2-api-4.3.0.pom (5.1 kB at 43 kB/s)
[INFO] Downloading from central: https://repo.maven.apache.org/maven2/com/fasterxml/oss-parent/68/oss-parent-68.pom
[INFO] Downloaded from central: https://repo.maven.apache.org/maven2/com/fasterxml/oss-parent/68/oss-parent-68.pom (24 kB at 239 kB/s)
[INFO] Downloading from central: https://repo.maven.apache.org/maven2/com/fasterxml/woodstox/woodstox-core/7.2.0/woodstox-core-7.2.0.pom
[INFO] Downloaded from central: https://repo.maven.apache.org/maven2/com/fasterxml/woodstox/woodstox-core/7.2.0/woodstox-core-7.2.0.pom (10 kB at 88 kB/s)
[INFO] Downloading from central: https://repo.maven.apache.org/maven2/com/networknt/json-schema-validator/2.0.1/json-schema-validator-2.0.1.pom
[INFO] Downloaded from central: https://repo.maven.apache.org/maven2/com/networknt/json-schema-validator/2.0.1/json-schema-validator-2.0.1.pom (17 kB at 154 kB/s)
[INFO] Downloading from central: https://repo.maven.apache.org/maven2/com/ethlo/time/itu/1.14.0/itu-1.14.0.pom
[INFO] Downloaded from central: https://repo.maven.apache.org/maven2/com/ethlo/time/itu/1.14.0/itu-1.14.0.pom (18 kB at 155 kB/s)
[INFO] Downloading from central: https://repo.maven.apache.org/maven2/org/apache/maven/resolver/maven-resolver-connector-basic/1.9.27/maven-resolver-connector-basic-1.9.27.pom
[INFO] Downloaded from central: https://repo.maven.apache.org/maven2/org/apache/maven/resolver/maven-resolver-connector-basic/1.9.27/maven-resolver-connector-basic-1.9.27.pom (3.1 kB at 23 kB/s)
[INFO] Downloading from central: https://repo.maven.apache.org/maven2/org/freemarker/freemarker/2.3.34/freemarker-2.3.34.pom
[INFO] Downloaded from central: https://repo.maven.apache.org/maven2/org/freemarker/freemarker/2.3.34/freemarker-2.3.34.pom (3.4 kB at 30 kB/s)
[INFO] Downloading from central: https://repo.maven.apache.org/maven2/org/twdata/maven/mojo-executor/2.4.0/mojo-executor-2.4.0.pom
[INFO] Downloaded from central: https://repo.maven.apache.org/maven2/org/twdata/maven/mojo-executor/2.4.0/mojo-executor-2.4.0.pom (3.1 kB at 27 kB/s)
[INFO] Downloading from central: https://repo.maven.apache.org/maven2/org/twdata/maven/mojo-executor-parent/2.4.0/mojo-executor-parent-2.4.0.pom
[INFO] Downloaded from central: https://repo.maven.apache.org/maven2/org/twdata/maven/mojo-executor-parent/2.4.0/mojo-executor-parent-2.4.0.pom (11 kB at 100 kB/s)
[INFO] Downloading from central: https://repo.maven.apache.org/maven2/org/apache/maven/maven/3.3.1/maven-3.3.1.pom
[INFO] Downloaded from central: https://repo.maven.apache.org/maven2/org/apache/maven/maven/3.3.1/maven-3.3.1.pom (23 kB at 236 kB/s)
[INFO] Downloading from central: https://repo.maven.apache.org/maven2/org/apache/maven/maven-parent/26/maven-parent-26.pom
[INFO] Downloaded from central: https://repo.maven.apache.org/maven2/org/apache/maven/maven-parent/26/maven-parent-26.pom (40 kB at 365 kB/s)
[INFO] Downloading from central: https://repo.maven.apache.org/maven2/org/apache/apache/16/apache-16.pom
[INFO] Downloaded from central: https://repo.maven.apache.org/maven2/org/apache/apache/16/apache-16.pom (15 kB at 167 kB/s)
[INFO] Downloading from central: https://repo.maven.apache.org/maven2/io/quarkus/quarkus-bootstrap-core/3.37.3/quarkus-bootstrap-core-3.37.3.jar
[INFO] Downloaded from central: https://repo.maven.apache.org/maven2/io/quarkus/quarkus-bootstrap-core/3.37.3/quarkus-bootstrap-core-3.37.3.jar (127 kB at 1.2 MB/s)
[INFO] Downloading from central: https://repo.maven.apache.org/maven2/io/quarkus/quarkus-classloader-commons/3.37.3/quarkus-classloader-commons-3.37.3.jar
[INFO] Downloading from central: https://repo.maven.apache.org/maven2/io/quarkus/quarkus-value-registry/3.37.3/quarkus-value-registry-3.37.3.jar
[INFO] Downloading from central: https://repo.maven.apache.org/maven2/io/quarkus/quarkus-bootstrap-app-model/3.37.3/quarkus-bootstrap-app-model-3.37.3.jar
[INFO] Downloading from central: https://repo.maven.apache.org/maven2/io/smallrye/classfile/jdk-classfile-backport/26/jdk-classfile-backport-26.jar
[INFO] Downloading from central: https://repo.maven.apache.org/maven2/org/jboss/logging/commons-logging-jboss-logging/2.0.0.Final/commons-logging-jboss-logging-2.0.0.Final.jar
[INFO] Downloaded from central: https://repo.maven.apache.org/maven2/io/quarkus/quarkus-value-registry/3.37.3/quarkus-value-registry-3.37.3.jar (11 kB at 95 kB/s)
[INFO] Downloading from central: https://repo.maven.apache.org/maven2/io/quarkus/quarkus-bootstrap-json/3.37.3/quarkus-bootstrap-json-3.37.3.jar
[INFO] Downloaded from central: https://repo.maven.apache.org/maven2/io/quarkus/quarkus-classloader-commons/3.37.3/quarkus-classloader-commons-3.37.3.jar (7.9 kB at 53 kB/s)
[INFO] Downloading from central: https://repo.maven.apache.org/maven2/io/smallrye/common/smallrye-common-io/2.18.1/smallrye-common-io-2.18.1.jar
[INFO] Downloaded from central: https://repo.maven.apache.org/maven2/org/jboss/logging/commons-logging-jboss-logging/2.0.0.Final/commons-logging-jboss-logging-2.0.0.Final.jar (19 kB at 106 kB/s)
[INFO] Downloading from central: https://repo.maven.apache.org/maven2/io/smallrye/common/smallrye-common-constraint/2.18.1/smallrye-common-constraint-2.18.1.jar
[INFO] Downloaded from central: https://repo.maven.apache.org/maven2/io/quarkus/quarkus-bootstrap-json/3.37.3/quarkus-bootstrap-json-3.37.3.jar (33 kB at 178 kB/s)
[INFO] Downloading from central: https://repo.maven.apache.org/maven2/io/quarkus/quarkus-bootstrap-maven-resolver/3.37.3/quarkus-bootstrap-maven-resolver-3.37.3.jar
[INFO] Downloaded from central: https://repo.maven.apache.org/maven2/io/quarkus/quarkus-bootstrap-app-model/3.37.3/quarkus-bootstrap-app-model-3.37.3.jar (268 kB at 1.3 MB/s)
[INFO] Downloading from central: https://repo.maven.apache.org/maven2/io/smallrye/beanbag/smallrye-beanbag-maven/1.6.1/smallrye-beanbag-maven-1.6.1.jar
[INFO] Downloaded from central: https://repo.maven.apache.org/maven2/io/smallrye/common/smallrye-common-constraint/2.18.1/smallrye-common-constraint-2.18.1.jar (14 kB at 55 kB/s)
[INFO] Downloading from central: https://repo.maven.apache.org/maven2/io/smallrye/beanbag/smallrye-beanbag-sisu/1.6.1/smallrye-beanbag-sisu-1.6.1.jar
[INFO] Downloaded from central: https://repo.maven.apache.org/maven2/io/smallrye/common/smallrye-common-io/2.18.1/smallrye-common-io-2.18.1.jar (56 kB at 220 kB/s)
[INFO] Downloading from central: https://repo.maven.apache.org/maven2/io/smallrye/beanbag/smallrye-beanbag/1.6.1/smallrye-beanbag-1.6.1.jar
[INFO] Downloaded from central: https://repo.maven.apache.org/maven2/io/quarkus/quarkus-bootstrap-maven-resolver/3.37.3/quarkus-bootstrap-maven-resolver-3.37.3.jar (218 kB at 788 kB/s)
[INFO] Downloading from central: https://repo.maven.apache.org/maven2/commons-codec/commons-codec/1.22.0/commons-codec-1.22.0.jar
[INFO] Downloaded from central: https://repo.maven.apache.org/maven2/io/smallrye/beanbag/smallrye-beanbag-maven/1.6.1/smallrye-beanbag-maven-1.6.1.jar (16 kB at 55 kB/s)
[INFO] Downloading from central: https://repo.maven.apache.org/maven2/org/apache/httpcomponents/httpclient/4.5.14/httpclient-4.5.14.jar
[INFO] Downloaded from central: https://repo.maven.apache.org/maven2/io/smallrye/classfile/jdk-classfile-backport/26/jdk-classfile-backport-26.jar (967 kB at 2.9 MB/s)
[INFO] Downloading from central: https://repo.maven.apache.org/maven2/org/apache/httpcomponents/httpcore/4.4.16/httpcore-4.4.16.jar
[INFO] Downloaded from central: https://repo.maven.apache.org/maven2/io/smallrye/beanbag/smallrye-beanbag-sisu/1.6.1/smallrye-beanbag-sisu-1.6.1.jar (29 kB at 87 kB/s)
[INFO] Downloading from central: https://repo.maven.apache.org/maven2/org/apache/maven/maven-artifact/3.9.16/maven-artifact-3.9.16.jar
[INFO] Downloaded from central: https://repo.maven.apache.org/maven2/io/smallrye/beanbag/smallrye-beanbag/1.6.1/smallrye-beanbag-1.6.1.jar (38 kB at 111 kB/s)
[INFO] Downloading from central: https://repo.maven.apache.org/maven2/org/apache/maven/maven-builder-support/3.9.16/maven-builder-support-3.9.16.jar
[INFO] Downloaded from central: https://repo.maven.apache.org/maven2/org/apache/httpcomponents/httpclient/4.5.14/httpclient-4.5.14.jar (786 kB at 2.0 MB/s)
[INFO] Downloading from central: https://repo.maven.apache.org/maven2/org/apache/maven/maven-model/3.9.16/maven-model-3.9.16.jar
[INFO] Downloaded from central: https://repo.maven.apache.org/maven2/org/apache/maven/maven-artifact/3.9.16/maven-artifact-3.9.16.jar (59 kB at 141 kB/s)
[INFO] Downloading from central: https://repo.maven.apache.org/maven2/org/apache/maven/maven-model-builder/3.9.16/maven-model-builder-3.9.16.jar
[INFO] Downloaded from central: https://repo.maven.apache.org/maven2/org/apache/maven/maven-builder-support/3.9.16/maven-builder-support-3.9.16.jar (14 kB at 33 kB/s)
[INFO] Downloading from central: https://repo.maven.apache.org/maven2/org/apache/maven/maven-repository-metadata/3.9.16/maven-repository-metadata-3.9.16.jar
[INFO] Downloaded from central: https://repo.maven.apache.org/maven2/commons-codec/commons-codec/1.22.0/commons-codec-1.22.0.jar (420 kB at 930 kB/s)
[INFO] Downloading from central: https://repo.maven.apache.org/maven2/org/apache/maven/maven-settings/3.9.16/maven-settings-3.9.16.jar
[INFO] Downloaded from central: https://repo.maven.apache.org/maven2/org/apache/httpcomponents/httpcore/4.4.16/httpcore-4.4.16.jar (328 kB at 724 kB/s)
[INFO] Downloading from central: https://repo.maven.apache.org/maven2/org/codehaus/plexus/plexus-interpolation/1.26/plexus-interpolation-1.26.jar
[INFO] Downloaded from central: https://repo.maven.apache.org/maven2/org/apache/maven/maven-model/3.9.16/maven-model-3.9.16.jar (218 kB at 448 kB/s)
[INFO] Downloading from central: https://repo.maven.apache.org/maven2/org/codehaus/plexus/plexus-xml/4.0.2/plexus-xml-4.0.2.jar
[INFO] Downloaded from central: https://repo.maven.apache.org/maven2/org/apache/maven/maven-model-builder/3.9.16/maven-model-builder-3.9.16.jar (209 kB at 412 kB/s)
[INFO] Downloading from central: https://repo.maven.apache.org/maven2/org/apache/maven/maven-xml-impl/4.0.0-alpha-7/maven-xml-impl-4.0.0-alpha-7.jar
[INFO] Downloaded from central: https://repo.maven.apache.org/maven2/org/apache/maven/maven-repository-metadata/3.9.16/maven-repository-metadata-3.9.16.jar (29 kB at 56 kB/s)
[INFO] Downloading from central: https://repo.maven.apache.org/maven2/org/apache/maven/maven-api-xml/4.0.0-alpha-7/maven-api-xml-4.0.0-alpha-7.jar
[INFO] Downloaded from central: https://repo.maven.apache.org/maven2/org/apache/maven/maven-settings/3.9.16/maven-settings-3.9.16.jar (45 kB at 83 kB/s)
[INFO] Downloading from central: https://repo.maven.apache.org/maven2/org/apache/maven/maven-api-meta/4.0.0-alpha-7/maven-api-meta-4.0.0-alpha-7.jar
[INFO] Downloaded from central: https://repo.maven.apache.org/maven2/org/codehaus/plexus/plexus-interpolation/1.26/plexus-interpolation-1.26.jar (85 kB at 156 kB/s)
[INFO] Downloading from central: https://repo.maven.apache.org/maven2/org/codehaus/plexus/plexus-cipher/2.0/plexus-cipher-2.0.jar
[INFO] Downloaded from central: https://repo.maven.apache.org/maven2/org/codehaus/plexus/plexus-xml/4.0.2/plexus-xml-4.0.2.jar (89 kB at 154 kB/s)
[INFO] Downloading from central: https://repo.maven.apache.org/maven2/org/codehaus/plexus/plexus-sec-dispatcher/2.0/plexus-sec-dispatcher-2.0.jar
[INFO] Downloaded from central: https://repo.maven.apache.org/maven2/org/apache/maven/maven-xml-impl/4.0.0-alpha-7/maven-xml-impl-4.0.0-alpha-7.jar (19 kB at 34 kB/s)
[INFO] Downloading from central: https://repo.maven.apache.org/maven2/io/quarkus/quarkus-fs-util/1.4.2/quarkus-fs-util-1.4.2.jar
[INFO] Downloaded from central: https://repo.maven.apache.org/maven2/org/apache/maven/maven-api-xml/4.0.0-alpha-7/maven-api-xml-4.0.0-alpha-7.jar (8.4 kB at 14 kB/s)
[INFO] Downloading from central: https://repo.maven.apache.org/maven2/org/jboss/logmanager/jboss-logmanager/3.2.2.Final/jboss-logmanager-3.2.2.Final.jar
[INFO] Downloaded from central: https://repo.maven.apache.org/maven2/org/apache/maven/maven-api-meta/4.0.0-alpha-7/maven-api-meta-4.0.0-alpha-7.jar (12 kB at 19 kB/s)
[INFO] Downloading from central: https://repo.maven.apache.org/maven2/io/smallrye/common/smallrye-common-cpu/2.18.1/smallrye-common-cpu-2.18.1.jar
[INFO] Downloaded from central: https://repo.maven.apache.org/maven2/org/codehaus/plexus/plexus-cipher/2.0/plexus-cipher-2.0.jar (13 kB at 21 kB/s)
[INFO] Downloading from central: https://repo.maven.apache.org/maven2/io/smallrye/common/smallrye-common-expression/2.18.1/smallrye-common-expression-2.18.1.jar
[INFO] Downloaded from central: https://repo.maven.apache.org/maven2/io/quarkus/quarkus-fs-util/1.4.2/quarkus-fs-util-1.4.2.jar (73 kB at 109 kB/s)
[INFO] Downloading from central: https://repo.maven.apache.org/maven2/io/smallrye/common/smallrye-common-net/2.18.1/smallrye-common-net-2.18.1.jar
[INFO] Downloaded from central: https://repo.maven.apache.org/maven2/org/codehaus/plexus/plexus-sec-dispatcher/2.0/plexus-sec-dispatcher-2.0.jar (24 kB at 35 kB/s)
[INFO] Downloading from central: https://repo.maven.apache.org/maven2/io/smallrye/common/smallrye-common-ref/2.18.1/smallrye-common-ref-2.18.1.jar
[INFO] Downloaded from central: https://repo.maven.apache.org/maven2/io/smallrye/common/smallrye-common-cpu/2.18.1/smallrye-common-cpu-2.18.1.jar (17 kB at 24 kB/s)
[INFO] Downloading from central: https://repo.maven.apache.org/maven2/org/jboss/logging/jboss-logging/3.6.3.Final/jboss-logging-3.6.3.Final.jar
[INFO] Downloaded from central: https://repo.maven.apache.org/maven2/org/jboss/logmanager/jboss-logmanager/3.2.2.Final/jboss-logmanager-3.2.2.Final.jar (808 kB at 1.1 MB/s)
[INFO] Downloading from central: https://repo.maven.apache.org/maven2/org/slf4j/slf4j-api/2.0.18/slf4j-api-2.0.18.jar
[INFO] Downloaded from central: https://repo.maven.apache.org/maven2/io/smallrye/common/smallrye-common-expression/2.18.1/smallrye-common-expression-2.18.1.jar (22 kB at 30 kB/s)
[INFO] Downloading from central: https://repo.maven.apache.org/maven2/io/quarkus/quarkus-bootstrap-maven4-resolver/3.37.3/quarkus-bootstrap-maven4-resolver-3.37.3.jar
[INFO] Downloaded from central: https://repo.maven.apache.org/maven2/io/smallrye/common/smallrye-common-net/2.18.1/smallrye-common-net-2.18.1.jar (35 kB at 47 kB/s)
[INFO] Downloading from central: https://repo.maven.apache.org/maven2/org/apache/maven/maven-embedder/3.9.16/maven-embedder-3.9.16.jar
[INFO] Downloaded from central: https://repo.maven.apache.org/maven2/io/smallrye/common/smallrye-common-ref/2.18.1/smallrye-common-ref-2.18.1.jar (16 kB at 22 kB/s)
[INFO] Downloading from central: https://repo.maven.apache.org/maven2/org/apache/maven/shared/maven-shared-utils/3.4.2/maven-shared-utils-3.4.2.jar
[INFO] Downloaded from central: https://repo.maven.apache.org/maven2/org/slf4j/slf4j-api/2.0.18/slf4j-api-2.0.18.jar (70 kB at 88 kB/s)
[INFO] Downloading from central: https://repo.maven.apache.org/maven2/com/google/inject/guice/5.1.0/guice-5.1.0-classes.jar
[INFO] Downloaded from central: https://repo.maven.apache.org/maven2/org/jboss/logging/jboss-logging/3.6.3.Final/jboss-logging-3.6.3.Final.jar (63 kB at 79 kB/s)
[INFO] Downloading from central: https://repo.maven.apache.org/maven2/aopalliance/aopalliance/1.0/aopalliance-1.0.jar
[INFO] Downloaded from central: https://repo.maven.apache.org/maven2/io/quarkus/quarkus-bootstrap-maven4-resolver/3.37.3/quarkus-bootstrap-maven4-resolver-3.37.3.jar (7.7 kB at 9.5 kB/s)
[INFO] Downloading from central: https://repo.maven.apache.org/maven2/com/google/guava/guava/33.6.0-jre/guava-33.6.0-jre.jar
[INFO] Downloaded from central: https://repo.maven.apache.org/maven2/org/apache/maven/maven-embedder/3.9.16/maven-embedder-3.9.16.jar (117 kB at 143 kB/s)
[INFO] Downloading from central: https://repo.maven.apache.org/maven2/com/google/guava/failureaccess/1.0.1/failureaccess-1.0.1.jar
[INFO] Downloaded from central: https://repo.maven.apache.org/maven2/org/apache/maven/shared/maven-shared-utils/3.4.2/maven-shared-utils-3.4.2.jar (151 kB at 178 kB/s)
[INFO] Downloading from central: https://repo.maven.apache.org/maven2/javax/annotation/javax.annotation-api/1.3.2/javax.annotation-api-1.3.2.jar
[INFO] Downloaded from central: https://repo.maven.apache.org/maven2/aopalliance/aopalliance/1.0/aopalliance-1.0.jar (4.5 kB at 5.1 kB/s)
[INFO] Downloading from central: https://repo.maven.apache.org/maven2/org/codehaus/plexus/plexus-classworlds/2.6.0/plexus-classworlds-2.6.0.jar
[INFO] Downloaded from central: https://repo.maven.apache.org/maven2/com/google/guava/failureaccess/1.0.1/failureaccess-1.0.1.jar (4.6 kB at 5.1 kB/s)
[INFO] Downloading from central: https://repo.maven.apache.org/maven2/commons-cli/commons-cli/1.11.0/commons-cli-1.11.0.jar
[INFO] Downloaded from central: https://repo.maven.apache.org/maven2/com/google/inject/guice/5.1.0/guice-5.1.0-classes.jar (657 kB at 709 kB/s)
[INFO] Downloading from central: https://repo.maven.apache.org/maven2/org/eclipse/sisu/org.eclipse.sisu.plexus/1.0.0/org.eclipse.sisu.plexus-1.0.0.jar
[INFO] Downloaded from central: https://repo.maven.apache.org/maven2/javax/annotation/javax.annotation-api/1.3.2/javax.annotation-api-1.3.2.jar (27 kB at 28 kB/s)
[INFO] Downloading from central: https://repo.maven.apache.org/maven2/org/apache/maven/maven-settings-builder/3.9.16/maven-settings-builder-3.9.16.jar
[INFO] Downloaded from central: https://repo.maven.apache.org/maven2/org/codehaus/plexus/plexus-classworlds/2.6.0/plexus-classworlds-2.6.0.jar (53 kB at 54 kB/s)
[INFO] Downloading from central: https://repo.maven.apache.org/maven2/org/apache/maven/maven-resolver-provider/3.9.16/maven-resolver-provider-3.9.16.jar
[INFO] Downloaded from central: https://repo.maven.apache.org/maven2/commons-cli/commons-cli/1.11.0/commons-cli-1.11.0.jar (110 kB at 112 kB/s)
[INFO] Downloading from central: https://repo.maven.apache.org/maven2/io/quarkus/quarkus-core-deployment/3.37.3/quarkus-core-deployment-3.37.3.jar
[INFO] Downloaded from central: https://repo.maven.apache.org/maven2/org/eclipse/sisu/org.eclipse.sisu.plexus/1.0.0/org.eclipse.sisu.plexus-1.0.0.jar (216 kB at 210 kB/s)
[INFO] Downloading from central: https://repo.maven.apache.org/maven2/org/aesh/readline/2.6.3/readline-2.6.3.jar
[INFO] Downloaded from central: https://repo.maven.apache.org/maven2/org/apache/maven/maven-settings-builder/3.9.16/maven-settings-builder-3.9.16.jar (42 kB at 41 kB/s)
[INFO] Downloading from central: https://repo.maven.apache.org/maven2/org/jline/jansi/4.2.1/jansi-4.2.1.jar
[INFO] Downloaded from central: https://repo.maven.apache.org/maven2/com/google/guava/guava/33.6.0-jre/guava-33.6.0-jre.jar (3.1 MB at 3.0 MB/s)
[INFO] Downloading from central: https://repo.maven.apache.org/maven2/org/aesh/aesh/2.8.2/aesh-2.8.2.jar
[INFO] Downloaded from central: https://repo.maven.apache.org/maven2/org/apache/maven/maven-resolver-provider/3.9.16/maven-resolver-provider-3.9.16.jar (79 kB at 73 kB/s)
[INFO] Downloading from central: https://repo.maven.apache.org/maven2/org/apache/commons/commons-lang3/3.20.0/commons-lang3-3.20.0.jar
[INFO] Downloaded from central: https://repo.maven.apache.org/maven2/org/aesh/readline/2.6.3/readline-2.6.3.jar (335 kB at 302 kB/s)
[INFO] Downloading from central: https://repo.maven.apache.org/maven2/org/apache/commons/commons-compress/1.28.0/commons-compress-1.28.0.jar
[INFO] Downloaded from central: https://repo.maven.apache.org/maven2/org/aesh/aesh/2.8.2/aesh-2.8.2.jar (362 kB at 323 kB/s)
[INFO] Downloading from central: https://repo.maven.apache.org/maven2/commons-io/commons-io/2.22.0/commons-io-2.22.0.jar
[INFO] Downloaded from central: https://repo.maven.apache.org/maven2/io/quarkus/quarkus-core-deployment/3.37.3/quarkus-core-deployment-3.37.3.jar (1.7 MB at 1.5 MB/s)
[INFO] Downloading from central: https://repo.maven.apache.org/maven2/org/wildfly/common/wildfly-common/2.0.1/wildfly-common-2.0.1.jar
[INFO] Downloaded from central: https://repo.maven.apache.org/maven2/org/jline/jansi/4.2.1/jansi-4.2.1.jar (664 kB at 588 kB/s)
[INFO] Downloading from central: https://repo.maven.apache.org/maven2/io/quarkus/gizmo/gizmo/1.10.1/gizmo-1.10.1.jar
[INFO] Downloaded from central: https://repo.maven.apache.org/maven2/org/apache/commons/commons-lang3/3.20.0/commons-lang3-3.20.0.jar (714 kB at 600 kB/s)
[INFO] Downloading from central: https://repo.maven.apache.org/maven2/org/ow2/asm/asm-util/9.10.1/asm-util-9.10.1.jar
[INFO] Downloaded from central: https://repo.maven.apache.org/maven2/org/wildfly/common/wildfly-common/2.0.1/wildfly-common-2.0.1.jar (263 kB at 213 kB/s)
[INFO] Downloading from central: https://repo.maven.apache.org/maven2/org/ow2/asm/asm-analysis/9.10.1/asm-analysis-9.10.1.jar
[INFO] Downloaded from central: https://repo.maven.apache.org/maven2/commons-io/commons-io/2.22.0/commons-io-2.22.0.jar (609 kB at 494 kB/s)
[INFO] Downloading from central: https://repo.maven.apache.org/maven2/io/quarkus/gizmo/gizmo2/2.1.1/gizmo2-2.1.1.jar
[INFO] Downloaded from central: https://repo.maven.apache.org/maven2/org/apache/commons/commons-compress/1.28.0/commons-compress-1.28.0.jar (1.1 MB at 902 kB/s)
[INFO] Downloading from central: https://repo.maven.apache.org/maven2/io/smallrye/common/smallrye-common-resource/2.18.1/smallrye-common-resource-2.18.1.jar
[INFO] Downloaded from central: https://repo.maven.apache.org/maven2/io/quarkus/gizmo/gizmo/1.10.1/gizmo-1.10.1.jar (188 kB at 152 kB/s)
[INFO] Downloading from central: https://repo.maven.apache.org/maven2/io/smallrye/jandex/3.6.0/jandex-3.6.0.jar
[INFO] Downloaded from central: https://repo.maven.apache.org/maven2/org/ow2/asm/asm-util/9.10.1/asm-util-9.10.1.jar (96 kB at 74 kB/s)
[INFO] Downloading from central: https://repo.maven.apache.org/maven2/io/smallrye/jandex-gizmo2/3.6.0/jandex-gizmo2-3.6.0.jar
[INFO] Downloaded from central: https://repo.maven.apache.org/maven2/io/smallrye/common/smallrye-common-resource/2.18.1/smallrye-common-resource-2.18.1.jar (30 kB at 23 kB/s)
[INFO] Downloading from central: https://repo.maven.apache.org/maven2/io/smallrye/common/smallrye-common-os/2.18.1/smallrye-common-os-2.18.1.jar
[INFO] Downloaded from central: https://repo.maven.apache.org/maven2/io/smallrye/jandex/3.6.0/jandex-3.6.0.jar (408 kB at 307 kB/s)
[INFO] Downloading from central: https://repo.maven.apache.org/maven2/io/smallrye/common/smallrye-common-process/2.18.1/smallrye-common-process-2.18.1.jar
[INFO] Downloaded from central: https://repo.maven.apache.org/maven2/org/ow2/asm/asm-analysis/9.10.1/asm-analysis-9.10.1.jar (35 kB at 26 kB/s)
[INFO] Downloading from central: https://repo.maven.apache.org/maven2/io/smallrye/common/smallrye-common-function/2.18.1/smallrye-common-function-2.18.1.jar
[INFO] Downloaded from central: https://repo.maven.apache.org/maven2/io/quarkus/gizmo/gizmo2/2.1.1/gizmo2-2.1.1.jar (564 kB at 419 kB/s)
[INFO] Downloading from central: https://repo.maven.apache.org/maven2/org/ow2/asm/asm/9.10.1/asm-9.10.1.jar
[INFO] Downloaded from central: https://repo.maven.apache.org/maven2/io/smallrye/jandex-gizmo2/3.6.0/jandex-gizmo2-3.6.0.jar (18 kB at 13 kB/s)
[INFO] Downloading from central: https://repo.maven.apache.org/maven2/org/ow2/asm/asm-commons/9.10.1/asm-commons-9.10.1.jar
[INFO] Downloaded from central: https://repo.maven.apache.org/maven2/io/smallrye/common/smallrye-common-os/2.18.1/smallrye-common-os-2.18.1.jar (9.6 kB at 6.8 kB/s)
[INFO] Downloading from central: https://repo.maven.apache.org/maven2/org/ow2/asm/asm-tree/9.10.1/asm-tree-9.10.1.jar
[INFO] Downloaded from central: https://repo.maven.apache.org/maven2/io/smallrye/common/smallrye-common-process/2.18.1/smallrye-common-process-2.18.1.jar (83 kB at 59 kB/s)
[INFO] Downloading from central: https://repo.maven.apache.org/maven2/io/quarkus/quarkus-development-mode-spi/3.37.3/quarkus-development-mode-spi-3.37.3.jar
[INFO] Downloaded from central: https://repo.maven.apache.org/maven2/io/smallrye/common/smallrye-common-function/2.18.1/smallrye-common-function-2.18.1.jar (64 kB at 45 kB/s)
[INFO] Downloading from central: https://repo.maven.apache.org/maven2/io/quarkus/quarkus-hibernate-validator-spi/3.37.3/quarkus-hibernate-validator-spi-3.37.3.jar
[INFO] Downloaded from central: https://repo.maven.apache.org/maven2/org/ow2/asm/asm/9.10.1/asm-9.10.1.jar (126 kB at 88 kB/s)
[INFO] Downloading from central: https://repo.maven.apache.org/maven2/io/quarkus/quarkus-class-change-agent/3.37.3/quarkus-class-change-agent-3.37.3.jar
[INFO] Downloaded from central: https://repo.maven.apache.org/maven2/org/ow2/asm/asm-commons/9.10.1/asm-commons-9.10.1.jar (75 kB at 52 kB/s)
[INFO] Downloading from central: https://repo.maven.apache.org/maven2/org/eclipse/sisu/org.eclipse.sisu.inject/1.0.0/org.eclipse.sisu.inject-1.0.0.jar
[INFO] Downloaded from central: https://repo.maven.apache.org/maven2/io/quarkus/quarkus-development-mode-spi/3.37.3/quarkus-development-mode-spi-3.37.3.jar (55 kB at 37 kB/s)
[INFO] Downloading from central: https://repo.maven.apache.org/maven2/io/quarkus/quarkus-core/3.37.3/quarkus-core-3.37.3.jar
[INFO] Downloaded from central: https://repo.maven.apache.org/maven2/io/quarkus/quarkus-hibernate-validator-spi/3.37.3/quarkus-hibernate-validator-spi-3.37.3.jar (9.3 kB at 6.2 kB/s)
[INFO] Downloading from central: https://repo.maven.apache.org/maven2/jakarta/annotation/jakarta.annotation-api/3.0.0/jakarta.annotation-api-3.0.0.jar
[INFO] Downloaded from central: https://repo.maven.apache.org/maven2/org/ow2/asm/asm-tree/9.10.1/asm-tree-9.10.1.jar (52 kB at 35 kB/s)
[INFO] Downloading from central: https://repo.maven.apache.org/maven2/jakarta/inject/jakarta.inject-api/2.0.1/jakarta.inject-api-2.0.1.jar
[INFO] Downloaded from central: https://repo.maven.apache.org/maven2/io/quarkus/quarkus-class-change-agent/3.37.3/quarkus-class-change-agent-3.37.3.jar (7.4 kB at 4.9 kB/s)
[INFO] Downloading from central: https://repo.maven.apache.org/maven2/io/smallrye/config/smallrye-config/3.17.2/smallrye-config-3.17.2.jar
[INFO] Downloaded from central: https://repo.maven.apache.org/maven2/org/eclipse/sisu/org.eclipse.sisu.inject/1.0.0/org.eclipse.sisu.inject-1.0.0.jar (304 kB at 196 kB/s)
[INFO] Downloading from central: https://repo.maven.apache.org/maven2/io/smallrye/config/smallrye-config-core/3.17.2/smallrye-config-core-3.17.2.jar
[INFO] Downloaded from central: https://repo.maven.apache.org/maven2/jakarta/inject/jakarta.inject-api/2.0.1/jakarta.inject-api-2.0.1.jar (11 kB at 6.7 kB/s)
[INFO] Downloading from central: https://repo.maven.apache.org/maven2/org/eclipse/microprofile/config/microprofile-config-api/3.1.1/microprofile-config-api-3.1.1.jar
[INFO] Downloaded from central: https://repo.maven.apache.org/maven2/jakarta/annotation/jakarta.annotation-api/3.0.0/jakarta.annotation-api-3.0.0.jar (26 kB at 17 kB/s)
[INFO] Downloading from central: https://repo.maven.apache.org/maven2/io/smallrye/common/smallrye-common-classloader/2.18.1/smallrye-common-classloader-2.18.1.jar
[INFO] Downloaded from central: https://repo.maven.apache.org/maven2/io/quarkus/quarkus-core/3.37.3/quarkus-core-3.37.3.jar (551 kB at 345 kB/s)
[INFO] Downloading from central: https://repo.maven.apache.org/maven2/io/smallrye/config/smallrye-config-common/3.17.2/smallrye-config-common-3.17.2.jar
[INFO] Downloaded from central: https://repo.maven.apache.org/maven2/io/smallrye/config/smallrye-config/3.17.2/smallrye-config-3.17.2.jar (36 kB at 23 kB/s)
[INFO] Downloading from central: https://repo.maven.apache.org/maven2/org/jboss/threads/jboss-threads/3.9.2/jboss-threads-3.9.2.jar
[INFO] Downloaded from central: https://repo.maven.apache.org/maven2/io/smallrye/config/smallrye-config-core/3.17.2/smallrye-config-core-3.17.2.jar (384 kB at 232 kB/s)
[INFO] Downloading from central: https://repo.maven.apache.org/maven2/io/smallrye/common/smallrye-common-annotation/2.18.1/smallrye-common-annotation-2.18.1.jar
[INFO] Downloaded from central: https://repo.maven.apache.org/maven2/io/smallrye/common/smallrye-common-classloader/2.18.1/smallrye-common-classloader-2.18.1.jar (11 kB at 6.5 kB/s)
[INFO] Downloading from central: https://repo.maven.apache.org/maven2/io/quarkus/quarkus-bootstrap-runner/3.37.3/quarkus-bootstrap-runner-3.37.3.jar
[INFO] Downloaded from central: https://repo.maven.apache.org/maven2/io/smallrye/config/smallrye-config-common/3.17.2/smallrye-config-common-3.17.2.jar (15 kB at 8.9 kB/s)
[INFO] Downloading from central: https://repo.maven.apache.org/maven2/org/crac/crac/1.5.0/crac-1.5.0.jar
[INFO] Downloaded from central: https://repo.maven.apache.org/maven2/org/eclipse/microprofile/config/microprofile-config-api/3.1.1/microprofile-config-api-3.1.1.jar (18 kB at 11 kB/s)
[INFO] Downloading from central: https://repo.maven.apache.org/maven2/io/quarkus/quarkus-builder/3.37.3/quarkus-builder-3.37.3.jar
[INFO] Downloaded from central: https://repo.maven.apache.org/maven2/org/jboss/threads/jboss-threads/3.9.2/jboss-threads-3.9.2.jar (133 kB at 78 kB/s)
[INFO] Downloading from central: https://repo.maven.apache.org/maven2/org/graalvm/sdk/nativeimage/23.1.2/nativeimage-23.1.2.jar
[INFO] Downloaded from central: https://repo.maven.apache.org/maven2/io/smallrye/common/smallrye-common-annotation/2.18.1/smallrye-common-annotation-2.18.1.jar (12 kB at 6.8 kB/s)
[INFO] Downloading from central: https://repo.maven.apache.org/maven2/org/graalvm/sdk/word/23.1.2/word-23.1.2.jar
[INFO] Downloaded from central: https://repo.maven.apache.org/maven2/io/quarkus/quarkus-bootstrap-runner/3.37.3/quarkus-bootstrap-runner-3.37.3.jar (92 kB at 52 kB/s)
[INFO] Downloading from central: https://repo.maven.apache.org/maven2/net/bytebuddy/byte-buddy-agent/1.18.8/byte-buddy-agent-1.18.8.jar
[INFO] Downloaded from central: https://repo.maven.apache.org/maven2/io/quarkus/quarkus-builder/3.37.3/quarkus-builder-3.37.3.jar (94 kB at 53 kB/s)
[INFO] Downloading from central: https://repo.maven.apache.org/maven2/org/junit/platform/junit-platform-launcher/6.1.1/junit-platform-launcher-6.1.1.jar
[INFO] Downloaded from central: https://repo.maven.apache.org/maven2/org/crac/crac/1.5.0/crac-1.5.0.jar (13 kB at 7.5 kB/s)
[INFO] Downloading from central: https://repo.maven.apache.org/maven2/org/junit/platform/junit-platform-engine/6.1.1/junit-platform-engine-6.1.1.jar
[INFO] Downloaded from central: https://repo.maven.apache.org/maven2/org/graalvm/sdk/nativeimage/23.1.2/nativeimage-23.1.2.jar (217 kB at 121 kB/s)
[INFO] Downloading from central: https://repo.maven.apache.org/maven2/org/opentest4j/opentest4j/1.3.0/opentest4j-1.3.0.jar
[INFO] Downloaded from central: https://repo.maven.apache.org/maven2/org/graalvm/sdk/word/23.1.2/word-23.1.2.jar (22 kB at 12 kB/s)
[INFO] Downloading from central: https://repo.maven.apache.org/maven2/org/junit/platform/junit-platform-commons/6.1.1/junit-platform-commons-6.1.1.jar
[INFO] Downloaded from central: https://repo.maven.apache.org/maven2/net/bytebuddy/byte-buddy-agent/1.18.8/byte-buddy-agent-1.18.8.jar (267 kB at 144 kB/s)
[INFO] Downloading from central: https://repo.maven.apache.org/maven2/org/apiguardian/apiguardian-api/1.1.2/apiguardian-api-1.1.2.jar
[INFO] Downloaded from central: https://repo.maven.apache.org/maven2/org/junit/platform/junit-platform-launcher/6.1.1/junit-platform-launcher-6.1.1.jar (253 kB at 136 kB/s)
[INFO] Downloading from central: https://repo.maven.apache.org/maven2/org/jspecify/jspecify/1.0.0/jspecify-1.0.0.jar
[INFO] Downloaded from central: https://repo.maven.apache.org/maven2/org/junit/platform/junit-platform-engine/6.1.1/junit-platform-engine-6.1.1.jar (324 kB at 173 kB/s)
[INFO] Downloading from central: https://repo.maven.apache.org/maven2/org/junit/jupiter/junit-jupiter/6.1.1/junit-jupiter-6.1.1.jar
[INFO] Downloaded from central: https://repo.maven.apache.org/maven2/org/opentest4j/opentest4j/1.3.0/opentest4j-1.3.0.jar (14 kB at 7.6 kB/s)
[INFO] Downloading from central: https://repo.maven.apache.org/maven2/org/junit/jupiter/junit-jupiter-api/6.1.1/junit-jupiter-api-6.1.1.jar
[INFO] Downloaded from central: https://repo.maven.apache.org/maven2/org/junit/platform/junit-platform-commons/6.1.1/junit-platform-commons-6.1.1.jar (176 kB at 91 kB/s)
[INFO] Downloading from central: https://repo.maven.apache.org/maven2/org/junit/jupiter/junit-jupiter-params/6.1.1/junit-jupiter-params-6.1.1.jar
[INFO] Downloaded from central: https://repo.maven.apache.org/maven2/org/apiguardian/apiguardian-api/1.1.2/apiguardian-api-1.1.2.jar (6.8 kB at 3.5 kB/s)
[INFO] Downloading from central: https://repo.maven.apache.org/maven2/org/junit/jupiter/junit-jupiter-engine/6.1.1/junit-jupiter-engine-6.1.1.jar
[INFO] Downloaded from central: https://repo.maven.apache.org/maven2/org/jspecify/jspecify/1.0.0/jspecify-1.0.0.jar (3.8 kB at 2.0 kB/s)
[INFO] Downloading from central: https://repo.maven.apache.org/maven2/io/quarkus/quarkus-project-core-extension-codestarts/3.37.3/quarkus-project-core-extension-codestarts-3.37.3.jar
[INFO] Downloaded from central: https://repo.maven.apache.org/maven2/org/junit/jupiter/junit-jupiter/6.1.1/junit-jupiter-6.1.1.jar (6.4 kB at 3.3 kB/s)
[INFO] Downloading from central: https://repo.maven.apache.org/maven2/io/quarkus/quarkus-devtools-common/3.37.3/quarkus-devtools-common-3.37.3.jar
[INFO] Downloaded from central: https://repo.maven.apache.org/maven2/org/junit/jupiter/junit-jupiter-api/6.1.1/junit-jupiter-api-6.1.1.jar (313 kB at 157 kB/s)
[INFO] Downloading from central: https://repo.maven.apache.org/maven2/io/quarkus/quarkus-devtools-registry-client/3.37.3/quarkus-devtools-registry-client-3.37.3.jar
[INFO] Downloaded from central: https://repo.maven.apache.org/maven2/org/junit/jupiter/junit-jupiter-params/6.1.1/junit-jupiter-params-6.1.1.jar (303 kB at 150 kB/s)
[INFO] Downloading from central: https://repo.maven.apache.org/maven2/io/quarkus/quarkus-devtools-base-codestarts/3.37.3/quarkus-devtools-base-codestarts-3.37.3.jar
[INFO] Downloaded from central: https://repo.maven.apache.org/maven2/org/junit/jupiter/junit-jupiter-engine/6.1.1/junit-jupiter-engine-6.1.1.jar (353 kB at 174 kB/s)
[INFO] Downloading from central: https://repo.maven.apache.org/maven2/io/quarkus/quarkus-devtools-codestarts/3.37.3/quarkus-devtools-codestarts-3.37.3.jar
[INFO] Downloaded from central: https://repo.maven.apache.org/maven2/io/quarkus/quarkus-project-core-extension-codestarts/3.37.3/quarkus-project-core-extension-codestarts-3.37.3.jar (326 kB at 161 kB/s)
[INFO] Downloading from central: https://repo.maven.apache.org/maven2/io/quarkus/qute/qute-core/3.37.3/qute-core-3.37.3.jar
[INFO] Downloaded from central: https://repo.maven.apache.org/maven2/io/quarkus/quarkus-devtools-common/3.37.3/quarkus-devtools-common-3.37.3.jar (423 kB at 207 kB/s)
[INFO] Downloading from central: https://repo.maven.apache.org/maven2/io/smallrye/reactive/mutiny/3.2.1/mutiny-3.2.1.jar
[INFO] Downloaded from central: https://repo.maven.apache.org/maven2/io/quarkus/quarkus-devtools-registry-client/3.37.3/quarkus-devtools-registry-client-3.37.3.jar (237 kB at 115 kB/s)
[INFO] Downloading from central: https://repo.maven.apache.org/maven2/org/jctools/jctools-core/4.0.5/jctools-core-4.0.5.jar
[INFO] Downloaded from central: https://repo.maven.apache.org/maven2/io/quarkus/quarkus-devtools-codestarts/3.37.3/quarkus-devtools-codestarts-3.37.3.jar (93 kB at 44 kB/s)
[INFO] Downloading from central: https://repo.maven.apache.org/maven2/io/smallrye/common/smallrye-common-version/2.18.1/smallrye-common-version-2.18.1.jar
[INFO] Downloaded from central: https://repo.maven.apache.org/maven2/io/quarkus/quarkus-devtools-base-codestarts/3.37.3/quarkus-devtools-base-codestarts-3.37.3.jar (391 kB at 186 kB/s)
[INFO] Downloading from central: https://repo.maven.apache.org/maven2/io/fabric8/maven-model-helper/41/maven-model-helper-41.jar
[INFO] Downloaded from central: https://repo.maven.apache.org/maven2/io/quarkus/qute/qute-core/3.37.3/qute-core-3.37.3.jar (397 kB at 186 kB/s)
[INFO] Downloading from central: https://repo.maven.apache.org/maven2/org/jdom/jdom2/2.0.6.1/jdom2-2.0.6.1.jar
[INFO] Downloaded from central: https://repo.maven.apache.org/maven2/io/smallrye/reactive/mutiny/3.2.1/mutiny-3.2.1.jar (925 kB at 427 kB/s)
[INFO] Downloading from central: https://repo.maven.apache.org/maven2/com/fasterxml/jackson/dataformat/jackson-dataformat-yaml/2.22.0/jackson-dataformat-yaml-2.22.0.jar
[INFO] Downloaded from central: https://repo.maven.apache.org/maven2/org/jctools/jctools-core/4.0.5/jctools-core-4.0.5.jar (494 kB at 228 kB/s)
[INFO] Downloading from central: https://repo.maven.apache.org/maven2/org/yaml/snakeyaml/2.6/snakeyaml-2.6.jar
[INFO] Downloaded from central: https://repo.maven.apache.org/maven2/io/fabric8/maven-model-helper/41/maven-model-helper-41.jar (37 kB at 17 kB/s)
[INFO] Downloading from central: https://repo.maven.apache.org/maven2/com/fasterxml/jackson/datatype/jackson-datatype-jdk8/2.22.0/jackson-datatype-jdk8-2.22.0.jar
[INFO] Downloaded from central: https://repo.maven.apache.org/maven2/io/smallrye/common/smallrye-common-version/2.18.1/smallrye-common-version-2.18.1.jar (34 kB at 16 kB/s)
[INFO] Downloading from central: https://repo.maven.apache.org/maven2/org/apache/maven/maven-plugin-api/3.9.16/maven-plugin-api-3.9.16.jar
[INFO] Downloaded from central: https://repo.maven.apache.org/maven2/org/jdom/jdom2/2.0.6.1/jdom2-2.0.6.1.jar (328 kB at 148 kB/s)
[INFO] Downloading from central: https://repo.maven.apache.org/maven2/org/apache/maven/maven-core/3.9.16/maven-core-3.9.16.jar
[INFO] Downloaded from central: https://repo.maven.apache.org/maven2/org/yaml/snakeyaml/2.6/snakeyaml-2.6.jar (340 kB at 150 kB/s)
[INFO] Downloading from central: https://repo.maven.apache.org/maven2/org/apache/maven/resolver/maven-resolver-impl/1.9.27/maven-resolver-impl-1.9.27.jar
[INFO] Downloaded from central: https://repo.maven.apache.org/maven2/com/fasterxml/jackson/dataformat/jackson-dataformat-yaml/2.22.0/jackson-dataformat-yaml-2.22.0.jar (61 kB at 27 kB/s)
[INFO] Downloading from central: https://repo.maven.apache.org/maven2/org/apache/maven/resolver/maven-resolver-named-locks/1.9.27/maven-resolver-named-locks-1.9.27.jar
[INFO] Downloaded from central: https://repo.maven.apache.org/maven2/org/apache/maven/maven-plugin-api/3.9.16/maven-plugin-api-3.9.16.jar (48 kB at 21 kB/s)
[INFO] Downloading from central: https://repo.maven.apache.org/maven2/org/apache/maven/resolver/maven-resolver-api/1.9.27/maven-resolver-api-1.9.27.jar
[INFO] Downloaded from central: https://repo.maven.apache.org/maven2/com/fasterxml/jackson/datatype/jackson-datatype-jdk8/2.22.0/jackson-datatype-jdk8-2.22.0.jar (36 kB at 16 kB/s)
[INFO] Downloading from central: https://repo.maven.apache.org/maven2/org/apache/maven/resolver/maven-resolver-spi/1.9.27/maven-resolver-spi-1.9.27.jar
[INFO] Downloaded from central: https://repo.maven.apache.org/maven2/org/apache/maven/maven-core/3.9.16/maven-core-3.9.16.jar (722 kB at 311 kB/s)
[INFO] Downloading from central: https://repo.maven.apache.org/maven2/org/apache/maven/resolver/maven-resolver-util/1.9.27/maven-resolver-util-1.9.27.jar
[INFO] Downloaded from central: https://repo.maven.apache.org/maven2/org/apache/maven/resolver/maven-resolver-named-locks/1.9.27/maven-resolver-named-locks-1.9.27.jar (38 kB at 16 kB/s)
[INFO] Downloading from central: https://repo.maven.apache.org/maven2/org/codehaus/plexus/plexus-component-annotations/2.1.0/plexus-component-annotations-2.1.0.jar
[INFO] Downloaded from central: https://repo.maven.apache.org/maven2/org/apache/maven/resolver/maven-resolver-impl/1.9.27/maven-resolver-impl-1.9.27.jar (327 kB at 140 kB/s)
[INFO] Downloading from central: https://repo.maven.apache.org/maven2/jakarta/enterprise/jakarta.enterprise.cdi-api/4.1.0/jakarta.enterprise.cdi-api-4.1.0.jar
[INFO] Downloaded from central: https://repo.maven.apache.org/maven2/org/apache/maven/resolver/maven-resolver-api/1.9.27/maven-resolver-api-1.9.27.jar (158 kB at 67 kB/s)
[INFO] Downloading from central: https://repo.maven.apache.org/maven2/jakarta/enterprise/jakarta.enterprise.lang-model/4.1.0/jakarta.enterprise.lang-model-4.1.0.jar
[INFO] Downloaded from central: https://repo.maven.apache.org/maven2/org/apache/maven/resolver/maven-resolver-spi/1.9.27/maven-resolver-spi-1.9.27.jar (52 kB at 22 kB/s)
[INFO] Downloading from central: https://repo.maven.apache.org/maven2/jakarta/el/jakarta.el-api/6.0.1/jakarta.el-api-6.0.1.jar
[INFO] Downloaded from central: https://repo.maven.apache.org/maven2/org/apache/maven/resolver/maven-resolver-util/1.9.27/maven-resolver-util-1.9.27.jar (197 kB at 82 kB/s)
[INFO] Downloading from central: https://repo.maven.apache.org/maven2/jakarta/interceptor/jakarta.interceptor-api/2.2.0/jakarta.interceptor-api-2.2.0.jar
[INFO] Downloaded from central: https://repo.maven.apache.org/maven2/jakarta/enterprise/jakarta.enterprise.lang-model/4.1.0/jakarta.enterprise.lang-model-4.1.0.jar (28 kB at 11 kB/s)
[INFO] Downloading from central: https://repo.maven.apache.org/maven2/org/codejive/java-properties/0.0.7/java-properties-0.0.7.jar
[INFO] Downloaded from central: https://repo.maven.apache.org/maven2/jakarta/enterprise/jakarta.enterprise.cdi-api/4.1.0/jakarta.enterprise.cdi-api-4.1.0.jar (160 kB at 65 kB/s)
[INFO] Downloading from central: https://repo.maven.apache.org/maven2/io/quarkus/quarkus-analytics-common/3.37.3/quarkus-analytics-common-3.37.3.jar
[INFO] Downloaded from central: https://repo.maven.apache.org/maven2/org/codehaus/plexus/plexus-component-annotations/2.1.0/plexus-component-annotations-2.1.0.jar (4.2 kB at 1.7 kB/s)
[INFO] Downloading from central: https://repo.maven.apache.org/maven2/io/quarkus/quarkus-devtools-message-writer/3.37.3/quarkus-devtools-message-writer-3.37.3.jar
[INFO] Downloaded from central: https://repo.maven.apache.org/maven2/jakarta/el/jakarta.el-api/6.0.1/jakarta.el-api-6.0.1.jar (93 kB at 38 kB/s)
[INFO] Downloading from central: https://repo.maven.apache.org/maven2/io/quarkus/quarkus-cyclonedx-generator/3.37.3/quarkus-cyclonedx-generator-3.37.3.jar
[INFO] Downloaded from central: https://repo.maven.apache.org/maven2/jakarta/interceptor/jakarta.interceptor-api/2.2.0/jakarta.interceptor-api-2.2.0.jar (24 kB at 9.7 kB/s)
[INFO] Downloading from central: https://repo.maven.apache.org/maven2/org/cyclonedx/cyclonedx-core-java/12.2.0/cyclonedx-core-java-12.2.0.jar
[INFO] Downloaded from central: https://repo.maven.apache.org/maven2/org/codejive/java-properties/0.0.7/java-properties-0.0.7.jar (27 kB at 11 kB/s)
[INFO] Downloading from central: https://repo.maven.apache.org/maven2/org/apache/commons/commons-collections4/4.5.0/commons-collections4-4.5.0.jar
[INFO] Downloaded from central: https://repo.maven.apache.org/maven2/io/quarkus/quarkus-analytics-common/3.37.3/quarkus-analytics-common-3.37.3.jar (62 kB at 25 kB/s)
[INFO] Downloading from central: https://repo.maven.apache.org/maven2/com/github/package-url/packageurl-java/1.5.0/packageurl-java-1.5.0.jar
[INFO] Downloaded from central: https://repo.maven.apache.org/maven2/io/quarkus/quarkus-devtools-message-writer/3.37.3/quarkus-devtools-message-writer-3.37.3.jar (13 kB at 5.0 kB/s)
[INFO] Downloading from central: https://repo.maven.apache.org/maven2/com/fasterxml/jackson/dataformat/jackson-dataformat-xml/2.22.0/jackson-dataformat-xml-2.22.0.jar
[INFO] Downloaded from central: https://repo.maven.apache.org/maven2/io/quarkus/quarkus-cyclonedx-generator/3.37.3/quarkus-cyclonedx-generator-3.37.3.jar (23 kB at 9.2 kB/s)
[INFO] Downloading from central: https://repo.maven.apache.org/maven2/org/codehaus/woodstox/stax2-api/4.3.0/stax2-api-4.3.0.jar
[INFO] Downloaded from central: https://repo.maven.apache.org/maven2/com/github/package-url/packageurl-java/1.5.0/packageurl-java-1.5.0.jar (17 kB at 6.4 kB/s)
[INFO] Downloading from central: https://repo.maven.apache.org/maven2/com/fasterxml/woodstox/woodstox-core/7.2.0/woodstox-core-7.2.0.jar
[INFO] Downloaded from central: https://repo.maven.apache.org/maven2/org/codehaus/woodstox/stax2-api/4.3.0/stax2-api-4.3.0.jar (194 kB at 73 kB/s)
[INFO] Downloading from central: https://repo.maven.apache.org/maven2/com/networknt/json-schema-validator/2.0.1/json-schema-validator-2.0.1.jar
[INFO] Downloaded from central: https://repo.maven.apache.org/maven2/com/fasterxml/jackson/dataformat/jackson-dataformat-xml/2.22.0/jackson-dataformat-xml-2.22.0.jar (136 kB at 51 kB/s)
[INFO] Downloading from central: https://repo.maven.apache.org/maven2/com/ethlo/time/itu/1.14.0/itu-1.14.0.jar
[INFO] Downloaded from central: https://repo.maven.apache.org/maven2/org/cyclonedx/cyclonedx-core-java/12.2.0/cyclonedx-core-java-12.2.0.jar (2.7 MB at 1.0 MB/s)
[INFO] Downloading from central: https://repo.maven.apache.org/maven2/javax/inject/javax.inject/1/javax.inject-1.jar
[INFO] Downloaded from central: https://repo.maven.apache.org/maven2/org/apache/commons/commons-collections4/4.5.0/commons-collections4-4.5.0.jar (899 kB at 338 kB/s)
[INFO] Downloading from central: https://repo.maven.apache.org/maven2/org/freemarker/freemarker/2.3.34/freemarker-2.3.34.jar
[INFO] Downloaded from central: https://repo.maven.apache.org/maven2/javax/inject/javax.inject/1/javax.inject-1.jar (2.5 kB at 908 B/s)
[INFO] Downloading from central: https://repo.maven.apache.org/maven2/org/eclipse/parsson/parsson/1.1.9/parsson-1.1.9.jar
[INFO] Downloaded from central: https://repo.maven.apache.org/maven2/com/networknt/json-schema-validator/2.0.1/json-schema-validator-2.0.1.jar (577 kB at 209 kB/s)
[INFO] Downloading from central: https://repo.maven.apache.org/maven2/jakarta/json/jakarta.json-api/2.1.3/jakarta.json-api-2.1.3.jar
[INFO] Downloaded from central: https://repo.maven.apache.org/maven2/com/ethlo/time/itu/1.14.0/itu-1.14.0.jar (58 kB at 21 kB/s)
[INFO] Downloading from central: https://repo.maven.apache.org/maven2/com/fasterxml/jackson/core/jackson-databind/2.22.0/jackson-databind-2.22.0.jar
[INFO] Downloaded from central: https://repo.maven.apache.org/maven2/com/fasterxml/woodstox/woodstox-core/7.2.0/woodstox-core-7.2.0.jar (1.6 MB at 581 kB/s)
[INFO] Downloading from central: https://repo.maven.apache.org/maven2/com/fasterxml/jackson/core/jackson-annotations/2.22/jackson-annotations-2.22.jar
[INFO] Downloaded from central: https://repo.maven.apache.org/maven2/org/freemarker/freemarker/2.3.34/freemarker-2.3.34.jar (1.9 MB at 671 kB/s)
[INFO] Downloading from central: https://repo.maven.apache.org/maven2/com/fasterxml/jackson/core/jackson-core/2.22.0/jackson-core-2.22.0.jar
[INFO] Downloaded from central: https://repo.maven.apache.org/maven2/org/eclipse/parsson/parsson/1.1.9/parsson-1.1.9.jar (127 kB at 45 kB/s)
[INFO] Downloading from central: https://repo.maven.apache.org/maven2/org/twdata/maven/mojo-executor/2.4.0/mojo-executor-2.4.0.jar
[INFO] Downloaded from central: https://repo.maven.apache.org/maven2/jakarta/json/jakarta.json-api/2.1.3/jakarta.json-api-2.1.3.jar (49 kB at 17 kB/s)
[INFO] Downloading from central: https://repo.maven.apache.org/maven2/org/codehaus/plexus/plexus-utils/3.6.1/plexus-utils-3.6.1.jar
[INFO] Downloaded from central: https://repo.maven.apache.org/maven2/com/fasterxml/jackson/core/jackson-annotations/2.22/jackson-annotations-2.22.jar (84 kB at 29 kB/s)
[INFO] Downloading from central: https://repo.maven.apache.org/maven2/org/jboss/slf4j/slf4j-jboss-logmanager/2.0.2.Final/slf4j-jboss-logmanager-2.0.2.Final.jar
[INFO] Downloaded from central: https://repo.maven.apache.org/maven2/com/fasterxml/jackson/core/jackson-databind/2.22.0/jackson-databind-2.22.0.jar (1.7 MB at 589 kB/s)
[INFO] Downloaded from central: https://repo.maven.apache.org/maven2/com/fasterxml/jackson/core/jackson-core/2.22.0/jackson-core-2.22.0.jar (594 kB at 204 kB/s)
[INFO] Downloaded from central: https://repo.maven.apache.org/maven2/org/twdata/maven/mojo-executor/2.4.0/mojo-executor-2.4.0.jar (13 kB at 4.4 kB/s)
[INFO] Downloaded from central: https://repo.maven.apache.org/maven2/org/codehaus/plexus/plexus-utils/3.6.1/plexus-utils-3.6.1.jar (272 kB at 92 kB/s)
[INFO] Downloaded from central: https://repo.maven.apache.org/maven2/org/jboss/slf4j/slf4j-jboss-logmanager/2.0.2.Final/slf4j-jboss-logmanager-2.0.2.Final.jar (15 kB at 4.9 kB/s)
[INFO] Looking for the newly published extensions in registry.quarkus.io
[INFO] -----------
[INFO] selected extensions: 
- io.quarkus:quarkus-rest

[INFO] 
applying codestarts...
[INFO] 📚 java
🔨 maven
📦 quarkus
📝 config-properties
🔧 tooling-dockerfiles
🔧 tooling-maven-wrapper
[INFO] 
-----------
[SUCCESS] ✅  quarkus project has been successfully generated in:
--> /w/fixture
-----------
[INFO] 
[INFO] ========================================================================================
[INFO] Your new application has been created in /w/fixture
[INFO] Navigate into this directory and launch your application with mvn quarkus:dev
[INFO] Your application will be accessible on http://localhost:8080
[INFO] ========================================================================================
[INFO] 
[INFO] ------------------------------------------------------------------------
[INFO] BUILD SUCCESS
[INFO] ------------------------------------------------------------------------
[INFO] Total time:  01:45 min
[INFO] Finished at: 2026-07-24T20:25:30Z
[INFO] ------------------------------------------------------------------------
