{
    "root_group": {
        "groups": {},
        "checks": {
                "status 200": {
                    "name": "status 200",
                    "path": "::status 200",
                    "id": "fad9fa412b86fcb03bee97c80dcd61f1",
                    "passes": 1298,
                    "fails": 0
                }
            },
        "name": "",
        "path": "",
        "id": "d41d8cd98f00b204e9800998ecf8427e"
    },
    "metrics": {
        "checks": {
            "passes": 1298,
            "fails": 0,
            "value": 1
        },
        "http_req_sending": {
            "p(90)": 0.016496,
            "p(95)": 0.0295315,
            "p(99)": 0.03558299999999997,
            "max": 0.247765,
            "avg": 0.01165797226502313,
            "min": 0.00656,
            "med": 0.00894
        },
        "iterations": {
            "count": 1298,
            "rate": 21.606966826707858
        },
        "http_req_waiting": {
            "p(99)": 195.0880455199998,
            "max": 435.472769,
            "avg": 46.03408117642521,
            "min": 30.234392,
            "med": 32.9128085,
            "p(90)": 73.4523725,
            "p(95)": 99.20930924999996
        },
        "data_sent": {
            "count": 130528,
            "rate": 2172.815228009648
        },
        "iteration_duration": {
            "p(99)": 195.39464699999982,
            "max": 435.691229,
            "avg": 46.270026083204904,
            "min": 30.434852,
            "med": 33.133250000000004,
            "p(90)": 73.66438079999999,
            "p(95)": 99.44143024999997
        },
        "http_req_duration": {
            "p(99)": 195.21575709999982,
            "max": 435.580149,
            "avg": 46.15185420955314,
            "min": 30.333312,
            "med": 33.019020499999996,
            "p(90)": 73.55024479999999,
            "p(95)": 99.31495374999996
        },
        "vus_max": {
            "value": 1,
            "min": 1,
            "max": 1
        },
        "data_received": {
            "count": 13751442,
            "rate": 228911.36449414265
        },
        "http_reqs": {
            "count": 1298,
            "rate": 21.606966826707858
        },
        "vus": {
            "value": 1,
            "min": 1,
            "max": 1
        },
        "http_req_blocked": {
            "p(95)": 0.0036244999999999958,
            "p(99)": 0.08170402999999768,
            "max": 0.226685,
            "avg": 0.004769856702619411,
            "min": 0.00186,
            "med": 0.00264,
            "p(90)": 0.00322
        },
        "http_req_duration{expected_response:true}": {
            "max": 435.580149,
            "avg": 46.15185420955314,
            "min": 30.333312,
            "med": 33.019020499999996,
            "p(90)": 73.55024479999999,
            "p(95)": 99.31495374999996,
            "p(99)": 195.21575709999982
        },
        "http_req_connecting": {
            "p(99)": 0.00365042999999668,
            "max": 0.149215,
            "avg": 0.001366241910631741,
            "min": 0,
            "med": 0,
            "p(90)": 0,
            "p(95)": 0
        },
        "http_req_receiving": {
            "med": 0.100145,
            "p(90)": 0.1310943,
            "p(95)": 0.14906299999999995,
            "p(99)": 0.22727598999999998,
            "max": 1.131415,
            "avg": 0.10611506086286594,
            "min": 0.04503
        },
        "http_req_failed": {
            "passes": 0,
            "fails": 1298,
            "value": 0
        },
        "http_req_tls_handshaking": {
            "avg": 0,
            "min": 0,
            "med": 0,
            "p(90)": 0,
            "p(95)": 0,
            "p(99)": 0,
            "max": 0
        }
    }
}