[INFO] Scanning for projects...
[INFO] Downloading from central: https://repo.maven.apache.org/maven2/io/quarkus/platform/quarkus-maven-plugin/3.37.3/quarkus-maven-plugin-3.37.3.pom
[INFO] Downloaded from central: https://repo.maven.apache.org/maven2/io/quarkus/platform/quarkus-maven-plugin/3.37.3/quarkus-maven-plugin-3.37.3.pom (10 kB at 36 kB/s)
[INFO] Downloading from central: https://repo.maven.apache.org/maven2/io/quarkus/platform/quarkus-bom/3.37.3/quarkus-bom-3.37.3.pom
[INFO] Downloaded from central: https://repo.maven.apache.org/maven2/io/quarkus/platform/quarkus-bom/3.37.3/quarkus-bom-3.37.3.pom (410 kB at 6.8 MB/s)
[INFO] Downloading from central: https://repo.maven.apache.org/maven2/io/quarkus/quarkus-bootstrap-core/3.37.3/quarkus-bootstrap-core-3.37.3.pom
[INFO] Downloaded from central: https://repo.maven.apache.org/maven2/io/quarkus/quarkus-bootstrap-core/3.37.3/quarkus-bootstrap-core-3.37.3.pom (5.2 kB at 105 kB/s)
[INFO] Downloading from central: https://repo.maven.apache.org/maven2/io/quarkus/quarkus-bootstrap-parent/3.37.3/quarkus-bootstrap-parent-3.37.3.pom
[INFO] Downloaded from central: https://repo.maven.apache.org/maven2/io/quarkus/quarkus-bootstrap-parent/3.37.3/quarkus-bootstrap-parent-3.37.3.pom (15 kB at 366 kB/s)
[INFO] Downloading from central: https://repo.maven.apache.org/maven2/io/quarkus/quarkus-parent/3.37.3/quarkus-parent-3.37.3.pom
[INFO] Downloaded from central: https://repo.maven.apache.org/maven2/io/quarkus/quarkus-parent/3.37.3/quarkus-parent-3.37.3.pom (32 kB at 831 kB/s)
[INFO] Downloading from central: https://repo.maven.apache.org/maven2/io/quarkus/quarkus-bootstrap-bom/3.37.3/quarkus-bootstrap-bom-3.37.3.pom
[INFO] Downloaded from central: https://repo.maven.apache.org/maven2/io/quarkus/quarkus-bootstrap-bom/3.37.3/quarkus-bootstrap-bom-3.37.3.pom (23 kB at 630 kB/s)
[INFO] Downloading from gradle: https://repo.gradle.org/artifactory/libs-releases/io/smallrye/common/smallrye-common-bom/2.18.1/smallrye-common-bom-2.18.1.pom
[INFO] Downloading from central: https://repo.maven.apache.org/maven2/io/smallrye/common/smallrye-common-bom/2.18.1/smallrye-common-bom-2.18.1.pom
[INFO] Downloaded from central: https://repo.maven.apache.org/maven2/io/smallrye/common/smallrye-common-bom/2.18.1/smallrye-common-bom-2.18.1.pom (5.6 kB at 133 kB/s)
[INFO] Downloading from central: https://repo.maven.apache.org/maven2/io/quarkus/quarkus-bootstrap-bom-test/3.37.3/quarkus-bootstrap-bom-test-3.37.3.pom
[INFO] Downloaded from central: https://repo.maven.apache.org/maven2/io/quarkus/quarkus-bootstrap-bom-test/3.37.3/quarkus-bootstrap-bom-test-3.37.3.pom (3.0 kB at 75 kB/s)
[INFO] Downloading from gradle: https://repo.gradle.org/artifactory/libs-releases/org/junit/junit-bom/6.1.1/junit-bom-6.1.1.pom
[INFO] Downloading from central: https://repo.maven.apache.org/maven2/org/junit/junit-bom/6.1.1/junit-bom-6.1.1.pom
[INFO] Downloaded from central: https://repo.maven.apache.org/maven2/org/junit/junit-bom/6.1.1/junit-bom-6.1.1.pom (5.4 kB at 120 kB/s)
[INFO] Downloading from central: https://repo.maven.apache.org/maven2/io/quarkus/quarkus-classloader-commons/3.37.3/quarkus-classloader-commons-3.37.3.pom
[INFO] Downloaded from central: https://repo.maven.apache.org/maven2/io/quarkus/quarkus-classloader-commons/3.37.3/quarkus-classloader-commons-3.37.3.pom (1.5 kB at 44 kB/s)
[INFO] Downloading from central: https://repo.maven.apache.org/maven2/io/quarkus/quarkus-value-registry/3.37.3/quarkus-value-registry-3.37.3.pom
[INFO] Downloaded from central: https://repo.maven.apache.org/maven2/io/quarkus/quarkus-value-registry/3.37.3/quarkus-value-registry-3.37.3.pom (806 B at 22 kB/s)
[INFO] Downloading from central: https://repo.maven.apache.org/maven2/io/quarkus/quarkus-bootstrap-app-model/3.37.3/quarkus-bootstrap-app-model-3.37.3.pom
[INFO] Downloaded from central: https://repo.maven.apache.org/maven2/io/quarkus/quarkus-bootstrap-app-model/3.37.3/quarkus-bootstrap-app-model-3.37.3.pom (3.7 kB at 95 kB/s)
[INFO] Downloading from central: https://repo.maven.apache.org/maven2/io/quarkus/quarkus-fs-util/1.4.2/quarkus-fs-util-1.4.2.pom
[INFO] Downloaded from central: https://repo.maven.apache.org/maven2/io/quarkus/quarkus-fs-util/1.4.2/quarkus-fs-util-1.4.2.pom (10 kB at 270 kB/s)
[INFO] Downloading from central: https://repo.maven.apache.org/maven2/org/jboss/jboss-parent/51/jboss-parent-51.pom
[INFO] Downloaded from central: https://repo.maven.apache.org/maven2/org/jboss/jboss-parent/51/jboss-parent-51.pom (104 kB at 2.4 MB/s)
[INFO] Downloading from central: https://repo.maven.apache.org/maven2/org/jboss/logging/jboss-logging/3.6.3.Final/jboss-logging-3.6.3.Final.pom
[INFO] Downloaded from central: https://repo.maven.apache.org/maven2/org/jboss/logging/jboss-logging/3.6.3.Final/jboss-logging-3.6.3.Final.pom (23 kB at 629 kB/s)
[INFO] Downloading from central: https://repo.maven.apache.org/maven2/org/jboss/jboss-parent/52/jboss-parent-52.pom
[INFO] Downloaded from central: https://repo.maven.apache.org/maven2/org/jboss/jboss-parent/52/jboss-parent-52.pom (102 kB at 2.7 MB/s)
[INFO] Downloading from central: https://repo.maven.apache.org/maven2/io/smallrye/classfile/jdk-classfile-backport/26/jdk-classfile-backport-26.pom
[INFO] Downloaded from central: https://repo.maven.apache.org/maven2/io/smallrye/classfile/jdk-classfile-backport/26/jdk-classfile-backport-26.pom (4.0 kB at 91 kB/s)
[INFO] Downloading from central: https://repo.maven.apache.org/maven2/io/smallrye/smallrye-build-parent/48/smallrye-build-parent-48.pom
[INFO] Downloaded from central: https://repo.maven.apache.org/maven2/io/smallrye/smallrye-build-parent/48/smallrye-build-parent-48.pom (69 kB at 1.8 MB/s)
[INFO] Downloading from central: https://repo.maven.apache.org/maven2/org/jboss/logging/commons-logging-jboss-logging/2.0.0.Final/commons-logging-jboss-logging-2.0.0.Final.pom
[INFO] Downloaded from central: https://repo.maven.apache.org/maven2/org/jboss/logging/commons-logging-jboss-logging/2.0.0.Final/commons-logging-jboss-logging-2.0.0.Final.pom (13 kB at 375 kB/s)
[INFO] Downloading from central: https://repo.maven.apache.org/maven2/io/quarkus/quarkus-bootstrap-json/3.37.3/quarkus-bootstrap-json-3.37.3.pom
[INFO] Downloaded from central: https://repo.maven.apache.org/maven2/io/quarkus/quarkus-bootstrap-json/3.37.3/quarkus-bootstrap-json-3.37.3.pom (2.9 kB at 68 kB/s)
[INFO] Downloading from central: https://repo.maven.apache.org/maven2/io/smallrye/common/smallrye-common-io/2.18.1/smallrye-common-io-2.18.1.pom
[INFO] Downloaded from central: https://repo.maven.apache.org/maven2/io/smallrye/common/smallrye-common-io/2.18.1/smallrye-common-io-2.18.1.pom (2.9 kB at 74 kB/s)
[INFO] Downloading from central: https://repo.maven.apache.org/maven2/io/smallrye/common/smallrye-common-parent/2.18.1/smallrye-common-parent-2.18.1.pom
[INFO] Downloaded from central: https://repo.maven.apache.org/maven2/io/smallrye/common/smallrye-common-parent/2.18.1/smallrye-common-parent-2.18.1.pom (10 kB at 253 kB/s)
[INFO] Downloading from central: https://repo.maven.apache.org/maven2/io/smallrye/smallrye-parent/49/smallrye-parent-49.pom
[INFO] Downloaded from central: https://repo.maven.apache.org/maven2/io/smallrye/smallrye-parent/49/smallrye-parent-49.pom (5.9 kB at 169 kB/s)
[INFO] Downloading from central: https://repo.maven.apache.org/maven2/io/smallrye/smallrye-build-parent/49/smallrye-build-parent-49.pom
[INFO] Downloaded from central: https://repo.maven.apache.org/maven2/io/smallrye/smallrye-build-parent/49/smallrye-build-parent-49.pom (66 kB at 1.7 MB/s)
[INFO] Downloading from central: https://repo.maven.apache.org/maven2/io/smallrye/common/smallrye-common-constraint/2.18.1/smallrye-common-constraint-2.18.1.pom
[INFO] Downloaded from central: https://repo.maven.apache.org/maven2/io/smallrye/common/smallrye-common-constraint/2.18.1/smallrye-common-constraint-2.18.1.pom (2.5 kB at 72 kB/s)
[INFO] Downloading from central: https://repo.maven.apache.org/maven2/io/quarkus/quarkus-bootstrap-maven-resolver/3.37.3/quarkus-bootstrap-maven-resolver-3.37.3.pom
[INFO] Downloaded from central: https://repo.maven.apache.org/maven2/io/quarkus/quarkus-bootstrap-maven-resolver/3.37.3/quarkus-bootstrap-maven-resolver-3.37.3.pom (7.4 kB at 207 kB/s)
[INFO] Downloading from central: https://repo.maven.apache.org/maven2/io/smallrye/beanbag/smallrye-beanbag-maven/1.6.1/smallrye-beanbag-maven-1.6.1.pom
[INFO] Downloaded from central: https://repo.maven.apache.org/maven2/io/smallrye/beanbag/smallrye-beanbag-maven/1.6.1/smallrye-beanbag-maven-1.6.1.pom (6.8 kB at 189 kB/s)
[INFO] Downloading from central: https://repo.maven.apache.org/maven2/io/smallrye/beanbag/smallrye-beanbag-parent/1.6.1/smallrye-beanbag-parent-1.6.1.pom
[INFO] Downloaded from central: https://repo.maven.apache.org/maven2/io/smallrye/beanbag/smallrye-beanbag-parent/1.6.1/smallrye-beanbag-parent-1.6.1.pom (16 kB at 394 kB/s)
[INFO] Downloading from central: https://repo.maven.apache.org/maven2/io/smallrye/smallrye-parent/48/smallrye-parent-48.pom
[INFO] Downloaded from central: https://repo.maven.apache.org/maven2/io/smallrye/smallrye-parent/48/smallrye-parent-48.pom (5.9 kB at 160 kB/s)
[INFO] Downloading from central: https://repo.maven.apache.org/maven2/io/smallrye/common/smallrye-common-bom/2.15.0/smallrye-common-bom-2.15.0.pom
[INFO] Downloaded from central: https://repo.maven.apache.org/maven2/io/smallrye/common/smallrye-common-bom/2.15.0/smallrye-common-bom-2.15.0.pom (5.4 kB at 149 kB/s)
[INFO] Downloading from central: https://repo.maven.apache.org/maven2/io/smallrye/beanbag/smallrye-beanbag-sisu/1.6.1/smallrye-beanbag-sisu-1.6.1.pom
[INFO] Downloaded from central: https://repo.maven.apache.org/maven2/io/smallrye/beanbag/smallrye-beanbag-sisu/1.6.1/smallrye-beanbag-sisu-1.6.1.pom (1.4 kB at 35 kB/s)
[INFO] Downloading from central: https://repo.maven.apache.org/maven2/io/smallrye/beanbag/smallrye-beanbag/1.6.1/smallrye-beanbag-1.6.1.pom
[INFO] Downloaded from central: https://repo.maven.apache.org/maven2/io/smallrye/beanbag/smallrye-beanbag/1.6.1/smallrye-beanbag-1.6.1.pom (964 B at 26 kB/s)
[INFO] Downloading from central: https://repo.maven.apache.org/maven2/org/apache/maven/maven-artifact/3.9.16/maven-artifact-3.9.16.pom
[INFO] Downloaded from central: https://repo.maven.apache.org/maven2/org/apache/maven/maven-artifact/3.9.16/maven-artifact-3.9.16.pom (2.3 kB at 67 kB/s)
[INFO] Downloading from central: https://repo.maven.apache.org/maven2/org/apache/maven/maven/3.9.16/maven-3.9.16.pom
[INFO] Downloaded from central: https://repo.maven.apache.org/maven2/org/apache/maven/maven/3.9.16/maven-3.9.16.pom (27 kB at 685 kB/s)
[INFO] Downloading from central: https://repo.maven.apache.org/maven2/org/codehaus/plexus/plexus-utils/3.6.1/plexus-utils-3.6.1.pom
[INFO] Downloaded from central: https://repo.maven.apache.org/maven2/org/codehaus/plexus/plexus-utils/3.6.1/plexus-utils-3.6.1.pom (7.9 kB at 220 kB/s)
[INFO] Downloading from central: https://repo.maven.apache.org/maven2/org/apache/maven/maven-builder-support/3.9.16/maven-builder-support-3.9.16.pom
[INFO] Downloaded from central: https://repo.maven.apache.org/maven2/org/apache/maven/maven-builder-support/3.9.16/maven-builder-support-3.9.16.pom (1.6 kB at 46 kB/s)
[INFO] Downloading from central: https://repo.maven.apache.org/maven2/org/apache/maven/maven-model/3.9.16/maven-model-3.9.16.pom
[INFO] Downloaded from central: https://repo.maven.apache.org/maven2/org/apache/maven/maven-model/3.9.16/maven-model-3.9.16.pom (2.9 kB at 76 kB/s)
[INFO] Downloading from central: https://repo.maven.apache.org/maven2/org/apache/maven/maven-model-builder/3.9.16/maven-model-builder-3.9.16.pom
[INFO] Downloaded from central: https://repo.maven.apache.org/maven2/org/apache/maven/maven-model-builder/3.9.16/maven-model-builder-3.9.16.pom (4.0 kB at 107 kB/s)
[INFO] Downloading from central: https://repo.maven.apache.org/maven2/org/ow2/asm/asm/9.10.1/asm-9.10.1.pom
[INFO] Downloaded from central: https://repo.maven.apache.org/maven2/org/ow2/asm/asm/9.10.1/asm-9.10.1.pom (2.4 kB at 70 kB/s)
[INFO] Downloading from central: https://repo.maven.apache.org/maven2/org/apache/maven/maven-repository-metadata/3.9.16/maven-repository-metadata-3.9.16.pom
[INFO] Downloaded from central: https://repo.maven.apache.org/maven2/org/apache/maven/maven-repository-metadata/3.9.16/maven-repository-metadata-3.9.16.pom (2.2 kB at 61 kB/s)
[INFO] Downloading from central: https://repo.maven.apache.org/maven2/org/apache/maven/maven-resolver-provider/3.9.16/maven-resolver-provider-3.9.16.pom
[INFO] Downloaded from central: https://repo.maven.apache.org/maven2/org/apache/maven/maven-resolver-provider/3.9.16/maven-resolver-provider-3.9.16.pom (4.7 kB at 109 kB/s)
[INFO] Downloading from central: https://repo.maven.apache.org/maven2/org/apache/maven/maven-settings/3.9.16/maven-settings-3.9.16.pom
[INFO] Downloaded from central: https://repo.maven.apache.org/maven2/org/apache/maven/maven-settings/3.9.16/maven-settings-3.9.16.pom (1.8 kB at 42 kB/s)
[INFO] Downloading from central: https://repo.maven.apache.org/maven2/org/apache/maven/maven-settings-builder/3.9.16/maven-settings-builder-3.9.16.pom
[INFO] Downloaded from central: https://repo.maven.apache.org/maven2/org/apache/maven/maven-settings-builder/3.9.16/maven-settings-builder-3.9.16.pom (2.6 kB at 69 kB/s)
[INFO] Downloading from central: https://repo.maven.apache.org/maven2/org/codehaus/plexus/plexus-xml/4.0.2/plexus-xml-4.0.2.pom
[INFO] Downloaded from central: https://repo.maven.apache.org/maven2/org/codehaus/plexus/plexus-xml/4.0.2/plexus-xml-4.0.2.pom (4.2 kB at 105 kB/s)
[INFO] Downloading from central: https://repo.maven.apache.org/maven2/org/apache/maven/maven-xml-impl/4.0.0-alpha-7/maven-xml-impl-4.0.0-alpha-7.pom
[INFO] Downloaded from central: https://repo.maven.apache.org/maven2/org/apache/maven/maven-xml-impl/4.0.0-alpha-7/maven-xml-impl-4.0.0-alpha-7.pom (1.9 kB at 53 kB/s)
[INFO] Downloading from central: https://repo.maven.apache.org/maven2/org/apache/maven/maven/4.0.0-alpha-7/maven-4.0.0-alpha-7.pom
[INFO] Downloaded from central: https://repo.maven.apache.org/maven2/org/apache/maven/maven/4.0.0-alpha-7/maven-4.0.0-alpha-7.pom (26 kB at 655 kB/s)
[INFO] Downloading from central: https://repo.maven.apache.org/maven2/org/apache/maven/maven-bom/4.0.0-alpha-7/maven-bom-4.0.0-alpha-7.pom
[INFO] Downloaded from central: https://repo.maven.apache.org/maven2/org/apache/maven/maven-bom/4.0.0-alpha-7/maven-bom-4.0.0-alpha-7.pom (6.3 kB at 155 kB/s)
[INFO] Downloading from central: https://repo.maven.apache.org/maven2/org/apache/maven/maven-api-xml/4.0.0-alpha-7/maven-api-xml-4.0.0-alpha-7.pom
[INFO] Downloaded from central: https://repo.maven.apache.org/maven2/org/apache/maven/maven-api-xml/4.0.0-alpha-7/maven-api-xml-4.0.0-alpha-7.pom (1.6 kB at 46 kB/s)
[INFO] Downloading from central: https://repo.maven.apache.org/maven2/org/apache/maven/maven-api/4.0.0-alpha-7/maven-api-4.0.0-alpha-7.pom
[INFO] Downloaded from central: https://repo.maven.apache.org/maven2/org/apache/maven/maven-api/4.0.0-alpha-7/maven-api-4.0.0-alpha-7.pom (3.6 kB at 92 kB/s)
[INFO] Downloading from central: https://repo.maven.apache.org/maven2/org/apache/maven/maven-api-meta/4.0.0-alpha-7/maven-api-meta-4.0.0-alpha-7.pom
[INFO] Downloaded from central: https://repo.maven.apache.org/maven2/org/apache/maven/maven-api-meta/4.0.0-alpha-7/maven-api-meta-4.0.0-alpha-7.pom (1.4 kB at 32 kB/s)
[INFO] Downloading from central: https://repo.maven.apache.org/maven2/org/jboss/logmanager/jboss-logmanager/3.2.2.Final/jboss-logmanager-3.2.2.Final.pom
[INFO] Downloaded from central: https://repo.maven.apache.org/maven2/org/jboss/logmanager/jboss-logmanager/3.2.2.Final/jboss-logmanager-3.2.2.Final.pom (18 kB at 495 kB/s)
[INFO] Downloading from central: https://repo.maven.apache.org/maven2/io/smallrye/common/smallrye-common-cpu/2.18.1/smallrye-common-cpu-2.18.1.pom
[INFO] Downloaded from central: https://repo.maven.apache.org/maven2/io/smallrye/common/smallrye-common-cpu/2.18.1/smallrye-common-cpu-2.18.1.pom (2.9 kB at 81 kB/s)
[INFO] Downloading from central: https://repo.maven.apache.org/maven2/io/smallrye/common/smallrye-common-expression/2.18.1/smallrye-common-expression-2.18.1.pom
[INFO] Downloaded from central: https://repo.maven.apache.org/maven2/io/smallrye/common/smallrye-common-expression/2.18.1/smallrye-common-expression-2.18.1.pom (2.6 kB at 76 kB/s)
[INFO] Downloading from central: https://repo.maven.apache.org/maven2/io/smallrye/common/smallrye-common-function/2.18.1/smallrye-common-function-2.18.1.pom
[INFO] Downloaded from central: https://repo.maven.apache.org/maven2/io/smallrye/common/smallrye-common-function/2.18.1/smallrye-common-function-2.18.1.pom (2.5 kB at 66 kB/s)
[INFO] Downloading from central: https://repo.maven.apache.org/maven2/io/smallrye/common/smallrye-common-net/2.18.1/smallrye-common-net-2.18.1.pom
[INFO] Downloaded from central: https://repo.maven.apache.org/maven2/io/smallrye/common/smallrye-common-net/2.18.1/smallrye-common-net-2.18.1.pom (2.8 kB at 80 kB/s)
[INFO] Downloading from central: https://repo.maven.apache.org/maven2/io/smallrye/common/smallrye-common-os/2.18.1/smallrye-common-os-2.18.1.pom
[INFO] Downloaded from central: https://repo.maven.apache.org/maven2/io/smallrye/common/smallrye-common-os/2.18.1/smallrye-common-os-2.18.1.pom (1.7 kB at 40 kB/s)
[INFO] Downloading from central: https://repo.maven.apache.org/maven2/io/smallrye/common/smallrye-common-ref/2.18.1/smallrye-common-ref-2.18.1.pom
[INFO] Downloaded from central: https://repo.maven.apache.org/maven2/io/smallrye/common/smallrye-common-ref/2.18.1/smallrye-common-ref-2.18.1.pom (1.8 kB at 42 kB/s)
[INFO] Downloading from central: https://repo.maven.apache.org/maven2/org/eclipse/parsson/parsson/1.1.9/parsson-1.1.9.pom
[INFO] Downloaded from central: https://repo.maven.apache.org/maven2/org/eclipse/parsson/parsson/1.1.9/parsson-1.1.9.pom (4.6 kB at 111 kB/s)
[INFO] Downloading from central: https://repo.maven.apache.org/maven2/org/eclipse/parsson/project/1.1.9/project-1.1.9.pom
[INFO] Downloaded from central: https://repo.maven.apache.org/maven2/org/eclipse/parsson/project/1.1.9/project-1.1.9.pom (25 kB at 664 kB/s)
[INFO] Downloading from central: https://repo.maven.apache.org/maven2/org/jboss/slf4j/slf4j-jboss-logmanager/2.0.2.Final/slf4j-jboss-logmanager-2.0.2.Final.pom
[INFO] Downloaded from central: https://repo.maven.apache.org/maven2/org/jboss/slf4j/slf4j-jboss-logmanager/2.0.2.Final/slf4j-jboss-logmanager-2.0.2.Final.pom (12 kB at 318 kB/s)
[INFO] Downloading from central: https://repo.maven.apache.org/maven2/io/quarkus/quarkus-bootstrap-maven4-resolver/3.37.3/quarkus-bootstrap-maven4-resolver-3.37.3.pom
[INFO] Downloaded from central: https://repo.maven.apache.org/maven2/io/quarkus/quarkus-bootstrap-maven4-resolver/3.37.3/quarkus-bootstrap-maven4-resolver-3.37.3.pom (1.4 kB at 39 kB/s)
[INFO] Downloading from central: https://repo.maven.apache.org/maven2/org/apache/maven/maven-embedder/3.9.16/maven-embedder-3.9.16.pom
[INFO] Downloaded from central: https://repo.maven.apache.org/maven2/org/apache/maven/maven-embedder/3.9.16/maven-embedder-3.9.16.pom (6.7 kB at 163 kB/s)
[INFO] Downloading from central: https://repo.maven.apache.org/maven2/org/apache/maven/maven-core/3.9.16/maven-core-3.9.16.pom
[INFO] Downloaded from central: https://repo.maven.apache.org/maven2/org/apache/maven/maven-core/3.9.16/maven-core-3.9.16.pom (8.0 kB at 205 kB/s)
[INFO] Downloading from central: https://repo.maven.apache.org/maven2/org/apache/maven/maven-plugin-api/3.9.16/maven-plugin-api-3.9.16.pom
[INFO] Downloaded from central: https://repo.maven.apache.org/maven2/org/apache/maven/maven-plugin-api/3.9.16/maven-plugin-api-3.9.16.pom (3.1 kB at 66 kB/s)
[INFO] Downloading from central: https://repo.maven.apache.org/maven2/javax/annotation/javax.annotation-api/1.3.2/javax.annotation-api-1.3.2.pom
[INFO] Downloaded from central: https://repo.maven.apache.org/maven2/javax/annotation/javax.annotation-api/1.3.2/javax.annotation-api-1.3.2.pom (14 kB at 391 kB/s)
[INFO] Downloading from central: https://repo.maven.apache.org/maven2/commons-cli/commons-cli/1.11.0/commons-cli-1.11.0.pom
[INFO] Downloaded from central: https://repo.maven.apache.org/maven2/commons-cli/commons-cli/1.11.0/commons-cli-1.11.0.pom (14 kB at 360 kB/s)
[INFO] Downloading from central: https://repo.maven.apache.org/maven2/io/quarkus/quarkus-core-deployment/3.37.3/quarkus-core-deployment-3.37.3.pom
[INFO] Downloaded from central: https://repo.maven.apache.org/maven2/io/quarkus/quarkus-core-deployment/3.37.3/quarkus-core-deployment-3.37.3.pom (13 kB at 362 kB/s)
[INFO] Downloading from central: https://repo.maven.apache.org/maven2/io/quarkus/quarkus-core-parent/3.37.3/quarkus-core-parent-3.37.3.pom
[INFO] Downloaded from central: https://repo.maven.apache.org/maven2/io/quarkus/quarkus-core-parent/3.37.3/quarkus-core-parent-3.37.3.pom (921 B at 25 kB/s)
[INFO] Downloading from central: https://repo.maven.apache.org/maven2/io/quarkus/quarkus-build-parent/3.37.3/quarkus-build-parent-3.37.3.pom
[INFO] Downloaded from central: https://repo.maven.apache.org/maven2/io/quarkus/quarkus-build-parent/3.37.3/quarkus-build-parent-3.37.3.pom (59 kB at 1.4 MB/s)
[INFO] Downloading from central: https://repo.maven.apache.org/maven2/io/quarkus/quarkus-project/3.37.3/quarkus-project-3.37.3.pom
[INFO] Downloaded from central: https://repo.maven.apache.org/maven2/io/quarkus/quarkus-project/3.37.3/quarkus-project-3.37.3.pom (16 kB at 401 kB/s)
[INFO] Downloading from central: https://repo.maven.apache.org/maven2/io/quarkus/quarkus-bom/3.37.3/quarkus-bom-3.37.3.pom
[INFO] Downloaded from central: https://repo.maven.apache.org/maven2/io/quarkus/quarkus-bom/3.37.3/quarkus-bom-3.37.3.pom (412 kB at 8.6 MB/s)
[INFO] Downloading from central: https://repo.maven.apache.org/maven2/org/aesh/readline/2.6.3/readline-2.6.3.pom
[INFO] Downloaded from central: https://repo.maven.apache.org/maven2/org/aesh/readline/2.6.3/readline-2.6.3.pom (4.6 kB at 125 kB/s)
[INFO] Downloading from central: https://repo.maven.apache.org/maven2/org/aesh/readline-all/2.6.3/readline-all-2.6.3.pom
[INFO] Downloaded from central: https://repo.maven.apache.org/maven2/org/aesh/readline-all/2.6.3/readline-all-2.6.3.pom (7.2 kB at 185 kB/s)
[INFO] Downloading from central: https://repo.maven.apache.org/maven2/org/jline/jansi/4.2.1/jansi-4.2.1.pom
[INFO] Downloaded from central: https://repo.maven.apache.org/maven2/org/jline/jansi/4.2.1/jansi-4.2.1.pom (9.7 kB at 255 kB/s)
[INFO] Downloading from central: https://repo.maven.apache.org/maven2/org/jline/jline-parent/4.2.1/jline-parent-4.2.1.pom
[INFO] Downloaded from central: https://repo.maven.apache.org/maven2/org/jline/jline-parent/4.2.1/jline-parent-4.2.1.pom (30 kB at 772 kB/s)
[INFO] Downloading from central: https://repo.maven.apache.org/maven2/org/aesh/aesh/2.8.2/aesh-2.8.2.pom
[INFO] Downloaded from central: https://repo.maven.apache.org/maven2/org/aesh/aesh/2.8.2/aesh-2.8.2.pom (5.0 kB at 134 kB/s)
[INFO] Downloading from central: https://repo.maven.apache.org/maven2/org/aesh/aesh-all/2.8.2/aesh-all-2.8.2.pom
[INFO] Downloaded from central: https://repo.maven.apache.org/maven2/org/aesh/aesh-all/2.8.2/aesh-all-2.8.2.pom (4.0 kB at 100 kB/s)
[INFO] Downloading from central: https://repo.maven.apache.org/maven2/org/jboss/jboss-parent/19/jboss-parent-19.pom
[INFO] Downloaded from central: https://repo.maven.apache.org/maven2/org/jboss/jboss-parent/19/jboss-parent-19.pom (32 kB at 791 kB/s)
[INFO] Downloading from central: https://repo.maven.apache.org/maven2/org/wildfly/common/wildfly-common/2.0.1/wildfly-common-2.0.1.pom
[INFO] Downloaded from central: https://repo.maven.apache.org/maven2/org/wildfly/common/wildfly-common/2.0.1/wildfly-common-2.0.1.pom (7.5 kB at 197 kB/s)
[INFO] Downloading from central: https://repo.maven.apache.org/maven2/org/jboss/jboss-parent/44/jboss-parent-44.pom
[INFO] Downloaded from central: https://repo.maven.apache.org/maven2/org/jboss/jboss-parent/44/jboss-parent-44.pom (77 kB at 1.9 MB/s)
[INFO] Downloading from central: https://repo.maven.apache.org/maven2/io/smallrye/common/smallrye-common-bom/2.4.0/smallrye-common-bom-2.4.0.pom
[INFO] Downloaded from central: https://repo.maven.apache.org/maven2/io/smallrye/common/smallrye-common-bom/2.4.0/smallrye-common-bom-2.4.0.pom (4.7 kB at 110 kB/s)
[INFO] Downloading from central: https://repo.maven.apache.org/maven2/io/quarkus/gizmo/gizmo/1.10.1/gizmo-1.10.1.pom
[INFO] Downloaded from central: https://repo.maven.apache.org/maven2/io/quarkus/gizmo/gizmo/1.10.1/gizmo-1.10.1.pom (13 kB at 329 kB/s)
[INFO] Downloading from central: https://repo.maven.apache.org/maven2/org/ow2/asm/asm-util/9.10.1/asm-util-9.10.1.pom
[INFO] Downloaded from central: https://repo.maven.apache.org/maven2/org/ow2/asm/asm-util/9.10.1/asm-util-9.10.1.pom (3.0 kB at 78 kB/s)
[INFO] Downloading from central: https://repo.maven.apache.org/maven2/org/ow2/asm/asm-tree/9.10.1/asm-tree-9.10.1.pom
[INFO] Downloaded from central: https://repo.maven.apache.org/maven2/org/ow2/asm/asm-tree/9.10.1/asm-tree-9.10.1.pom (2.6 kB at 68 kB/s)
[INFO] Downloading from central: https://repo.maven.apache.org/maven2/org/ow2/asm/asm-analysis/9.10.1/asm-analysis-9.10.1.pom
[INFO] Downloaded from central: https://repo.maven.apache.org/maven2/org/ow2/asm/asm-analysis/9.10.1/asm-analysis-9.10.1.pom (2.6 kB at 75 kB/s)
[INFO] Downloading from central: https://repo.maven.apache.org/maven2/io/smallrye/jandex/3.6.0/jandex-3.6.0.pom
[INFO] Downloaded from central: https://repo.maven.apache.org/maven2/io/smallrye/jandex/3.6.0/jandex-3.6.0.pom (7.8 kB at 190 kB/s)
[INFO] Downloading from central: https://repo.maven.apache.org/maven2/io/smallrye/jandex-parent/3.6.0/jandex-parent-3.6.0.pom
[INFO] Downloaded from central: https://repo.maven.apache.org/maven2/io/smallrye/jandex-parent/3.6.0/jandex-parent-3.6.0.pom (8.7 kB at 236 kB/s)
[INFO] Downloading from central: https://repo.maven.apache.org/maven2/io/smallrye/smallrye-build-parent/46/smallrye-build-parent-46.pom
[INFO] Downloaded from central: https://repo.maven.apache.org/maven2/io/smallrye/smallrye-build-parent/46/smallrye-build-parent-46.pom (63 kB at 1.6 MB/s)
[INFO] Downloading from central: https://repo.maven.apache.org/maven2/io/quarkus/gizmo/gizmo2/2.1.1/gizmo2-2.1.1.pom
[INFO] Downloaded from central: https://repo.maven.apache.org/maven2/io/quarkus/gizmo/gizmo2/2.1.1/gizmo2-2.1.1.pom (12 kB at 281 kB/s)
[INFO] Downloading from central: https://repo.maven.apache.org/maven2/io/smallrye/common/smallrye-common-bom/2.16.0/smallrye-common-bom-2.16.0.pom
[INFO] Downloaded from central: https://repo.maven.apache.org/maven2/io/smallrye/common/smallrye-common-bom/2.16.0/smallrye-common-bom-2.16.0.pom (5.4 kB at 149 kB/s)
[INFO] Downloading from central: https://repo.maven.apache.org/maven2/io/smallrye/common/smallrye-common-resource/2.18.1/smallrye-common-resource-2.18.1.pom
[INFO] Downloaded from central: https://repo.maven.apache.org/maven2/io/smallrye/common/smallrye-common-resource/2.18.1/smallrye-common-resource-2.18.1.pom (937 B at 23 kB/s)
[INFO] Downloading from central: https://repo.maven.apache.org/maven2/io/smallrye/jandex-gizmo2/3.6.0/jandex-gizmo2-3.6.0.pom
[INFO] Downloaded from central: https://repo.maven.apache.org/maven2/io/smallrye/jandex-gizmo2/3.6.0/jandex-gizmo2-3.6.0.pom (2.0 kB at 53 kB/s)
[INFO] Downloading from central: https://repo.maven.apache.org/maven2/io/smallrye/common/smallrye-common-process/2.18.1/smallrye-common-process-2.18.1.pom
[INFO] Downloaded from central: https://repo.maven.apache.org/maven2/io/smallrye/common/smallrye-common-process/2.18.1/smallrye-common-process-2.18.1.pom (3.7 kB at 89 kB/s)
[INFO] Downloading from central: https://repo.maven.apache.org/maven2/org/ow2/asm/asm-commons/9.10.1/asm-commons-9.10.1.pom
[INFO] Downloaded from central: https://repo.maven.apache.org/maven2/org/ow2/asm/asm-commons/9.10.1/asm-commons-9.10.1.pom (2.8 kB at 74 kB/s)
[INFO] Downloading from central: https://repo.maven.apache.org/maven2/io/quarkus/quarkus-development-mode-spi/3.37.3/quarkus-development-mode-spi-3.37.3.pom
[INFO] Downloaded from central: https://repo.maven.apache.org/maven2/io/quarkus/quarkus-development-mode-spi/3.37.3/quarkus-development-mode-spi-3.37.3.pom (1.0 kB at 28 kB/s)
[INFO] Downloading from central: https://repo.maven.apache.org/maven2/io/quarkus/quarkus-hibernate-validator-spi/3.37.3/quarkus-hibernate-validator-spi-3.37.3.pom
[INFO] Downloaded from central: https://repo.maven.apache.org/maven2/io/quarkus/quarkus-hibernate-validator-spi/3.37.3/quarkus-hibernate-validator-spi-3.37.3.pom (1.0 kB at 27 kB/s)
[INFO] Downloading from central: https://repo.maven.apache.org/maven2/io/quarkus/quarkus-hibernate-validator-parent/3.37.3/quarkus-hibernate-validator-parent-3.37.3.pom
[INFO] Downloaded from central: https://repo.maven.apache.org/maven2/io/quarkus/quarkus-hibernate-validator-parent/3.37.3/quarkus-hibernate-validator-parent-3.37.3.pom (789 B at 20 kB/s)
[INFO] Downloading from central: https://repo.maven.apache.org/maven2/io/quarkus/quarkus-extensions-parent/3.37.3/quarkus-extensions-parent-3.37.3.pom
[INFO] Downloaded from central: https://repo.maven.apache.org/maven2/io/quarkus/quarkus-extensions-parent/3.37.3/quarkus-extensions-parent-3.37.3.pom (9.5 kB at 237 kB/s)
[INFO] Downloading from central: https://repo.maven.apache.org/maven2/io/quarkus/quarkus-builder/3.37.3/quarkus-builder-3.37.3.pom
[INFO] Downloaded from central: https://repo.maven.apache.org/maven2/io/quarkus/quarkus-builder/3.37.3/quarkus-builder-3.37.3.pom (2.7 kB at 72 kB/s)
[INFO] Downloading from central: https://repo.maven.apache.org/maven2/org/jboss/threads/jboss-threads/3.9.2/jboss-threads-3.9.2.pom
[INFO] Downloaded from central: https://repo.maven.apache.org/maven2/org/jboss/threads/jboss-threads/3.9.2/jboss-threads-3.9.2.pom (9.5 kB at 251 kB/s)
[INFO] Downloading from central: https://repo.maven.apache.org/maven2/io/smallrye/common/smallrye-common-bom/2.14.0/smallrye-common-bom-2.14.0.pom
[INFO] Downloaded from central: https://repo.maven.apache.org/maven2/io/smallrye/common/smallrye-common-bom/2.14.0/smallrye-common-bom-2.14.0.pom (5.4 kB at 141 kB/s)
[INFO] Downloading from central: https://repo.maven.apache.org/maven2/io/smallrye/common/smallrye-common-annotation/2.18.1/smallrye-common-annotation-2.18.1.pom
[INFO] Downloaded from central: https://repo.maven.apache.org/maven2/io/smallrye/common/smallrye-common-annotation/2.18.1/smallrye-common-annotation-2.18.1.pom (3.4 kB at 86 kB/s)
[INFO] Downloading from central: https://repo.maven.apache.org/maven2/io/quarkus/quarkus-class-change-agent/3.37.3/quarkus-class-change-agent-3.37.3.pom
[INFO] Downloaded from central: https://repo.maven.apache.org/maven2/io/quarkus/quarkus-class-change-agent/3.37.3/quarkus-class-change-agent-3.37.3.pom (1.6 kB at 42 kB/s)
[INFO] Downloading from central: https://repo.maven.apache.org/maven2/io/quarkus/quarkus-core/3.37.3/quarkus-core-3.37.3.pom
[INFO] Downloaded from central: https://repo.maven.apache.org/maven2/io/quarkus/quarkus-core/3.37.3/quarkus-core-3.37.3.pom (21 kB at 590 kB/s)
[INFO] Downloading from central: https://repo.maven.apache.org/maven2/jakarta/annotation/jakarta.annotation-api/3.0.0/jakarta.annotation-api-3.0.0.pom
[INFO] Downloaded from central: https://repo.maven.apache.org/maven2/jakarta/annotation/jakarta.annotation-api/3.0.0/jakarta.annotation-api-3.0.0.pom (15 kB at 408 kB/s)
[INFO] Downloading from central: https://repo.maven.apache.org/maven2/jakarta/enterprise/jakarta.enterprise.cdi-api/4.1.0/jakarta.enterprise.cdi-api-4.1.0.pom
[INFO] Downloaded from central: https://repo.maven.apache.org/maven2/jakarta/enterprise/jakarta.enterprise.cdi-api/4.1.0/jakarta.enterprise.cdi-api-4.1.0.pom (12 kB at 300 kB/s)
[INFO] Downloading from central: https://repo.maven.apache.org/maven2/jakarta/enterprise/jakarta.enterprise.cdi-parent/4.1.0/jakarta.enterprise.cdi-parent-4.1.0.pom
[INFO] Downloaded from central: https://repo.maven.apache.org/maven2/jakarta/enterprise/jakarta.enterprise.cdi-parent/4.1.0/jakarta.enterprise.cdi-parent-4.1.0.pom (8.2 kB at 204 kB/s)
[INFO] Downloading from central: https://repo.maven.apache.org/maven2/jakarta/enterprise/jakarta.enterprise.lang-model/4.1.0/jakarta.enterprise.lang-model-4.1.0.pom
[INFO] Downloaded from central: https://repo.maven.apache.org/maven2/jakarta/enterprise/jakarta.enterprise.lang-model/4.1.0/jakarta.enterprise.lang-model-4.1.0.pom (3.8 kB at 90 kB/s)
[INFO] Downloading from central: https://repo.maven.apache.org/maven2/jakarta/el/jakarta.el-api/6.0.1/jakarta.el-api-6.0.1.pom
[INFO] Downloaded from central: https://repo.maven.apache.org/maven2/jakarta/el/jakarta.el-api/6.0.1/jakarta.el-api-6.0.1.pom (12 kB at 315 kB/s)
[INFO] Downloading from central: https://repo.maven.apache.org/maven2/jakarta/interceptor/jakarta.interceptor-api/2.2.0/jakarta.interceptor-api-2.2.0.pom
[INFO] Downloaded from central: https://repo.maven.apache.org/maven2/jakarta/interceptor/jakarta.interceptor-api/2.2.0/jakarta.interceptor-api-2.2.0.pom (2.6 kB at 64 kB/s)
[INFO] Downloading from central: https://repo.maven.apache.org/maven2/io/smallrye/config/smallrye-config/3.17.2/smallrye-config-3.17.2.pom
[INFO] Downloaded from central: https://repo.maven.apache.org/maven2/io/smallrye/config/smallrye-config/3.17.2/smallrye-config-3.17.2.pom (4.4 kB at 111 kB/s)
[INFO] Downloading from central: https://repo.maven.apache.org/maven2/io/smallrye/config/smallrye-config-parent/3.17.2/smallrye-config-parent-3.17.2.pom
[INFO] Downloaded from central: https://repo.maven.apache.org/maven2/io/smallrye/config/smallrye-config-parent/3.17.2/smallrye-config-parent-3.17.2.pom (7.8 kB at 199 kB/s)
[INFO] Downloading from central: https://repo.maven.apache.org/maven2/io/smallrye/common/smallrye-common-bom/2.17.1/smallrye-common-bom-2.17.1.pom
[INFO] Downloaded from central: https://repo.maven.apache.org/maven2/io/smallrye/common/smallrye-common-bom/2.17.1/smallrye-common-bom-2.17.1.pom (5.6 kB at 133 kB/s)
[INFO] Downloading from central: https://repo.maven.apache.org/maven2/io/smallrye/testing/smallrye-testing-bom/2.5.0/smallrye-testing-bom-2.5.0.pom
[INFO] Downloaded from central: https://repo.maven.apache.org/maven2/io/smallrye/testing/smallrye-testing-bom/2.5.0/smallrye-testing-bom-2.5.0.pom (4.5 kB at 109 kB/s)
[INFO] Downloading from central: https://repo.maven.apache.org/maven2/io/smallrye/testing/smallrye-testing-parent/2.5.0/smallrye-testing-parent-2.5.0.pom
[INFO] Downloaded from central: https://repo.maven.apache.org/maven2/io/smallrye/testing/smallrye-testing-parent/2.5.0/smallrye-testing-parent-2.5.0.pom (4.3 kB at 104 kB/s)
[INFO] Downloading from central: https://repo.maven.apache.org/maven2/io/smallrye/config/smallrye-config-core/3.17.2/smallrye-config-core-3.17.2.pom
[INFO] Downloaded from central: https://repo.maven.apache.org/maven2/io/smallrye/config/smallrye-config-core/3.17.2/smallrye-config-core-3.17.2.pom (5.1 kB at 130 kB/s)
[INFO] Downloading from central: https://repo.maven.apache.org/maven2/org/eclipse/microprofile/config/microprofile-config-api/3.1.1/microprofile-config-api-3.1.1.pom
[INFO] Downloaded from central: https://repo.maven.apache.org/maven2/org/eclipse/microprofile/config/microprofile-config-api/3.1.1/microprofile-config-api-3.1.1.pom (2.2 kB at 53 kB/s)
[INFO] Downloading from central: https://repo.maven.apache.org/maven2/org/eclipse/microprofile/config/microprofile-config-parent/3.1.1/microprofile-config-parent-3.1.1.pom
[INFO] Downloaded from central: https://repo.maven.apache.org/maven2/org/eclipse/microprofile/config/microprofile-config-parent/3.1.1/microprofile-config-parent-3.1.1.pom (4.2 kB at 106 kB/s)
[INFO] Downloading from central: https://repo.maven.apache.org/maven2/org/eclipse/microprofile/microprofile-parent/2.12/microprofile-parent-2.12.pom
[INFO] Downloaded from central: https://repo.maven.apache.org/maven2/org/eclipse/microprofile/microprofile-parent/2.12/microprofile-parent-2.12.pom (52 kB at 1.3 MB/s)
[INFO] Downloading from central: https://repo.maven.apache.org/maven2/io/smallrye/common/smallrye-common-classloader/2.18.1/smallrye-common-classloader-2.18.1.pom
[INFO] Downloaded from central: https://repo.maven.apache.org/maven2/io/smallrye/common/smallrye-common-classloader/2.18.1/smallrye-common-classloader-2.18.1.pom (2.2 kB at 60 kB/s)
[INFO] Downloading from central: https://repo.maven.apache.org/maven2/io/smallrye/config/smallrye-config-common/3.17.2/smallrye-config-common-3.17.2.pom
[INFO] Downloaded from central: https://repo.maven.apache.org/maven2/io/smallrye/config/smallrye-config-common/3.17.2/smallrye-config-common-3.17.2.pom (1.1 kB at 29 kB/s)
[INFO] Downloading from central: https://repo.maven.apache.org/maven2/io/quarkus/quarkus-bootstrap-runner/3.37.3/quarkus-bootstrap-runner-3.37.3.pom
[INFO] Downloaded from central: https://repo.maven.apache.org/maven2/io/quarkus/quarkus-bootstrap-runner/3.37.3/quarkus-bootstrap-runner-3.37.3.pom (3.8 kB at 92 kB/s)
[INFO] Downloading from central: https://repo.maven.apache.org/maven2/org/crac/crac/1.5.0/crac-1.5.0.pom
[INFO] Downloaded from central: https://repo.maven.apache.org/maven2/org/crac/crac/1.5.0/crac-1.5.0.pom (4.6 kB at 116 kB/s)
[INFO] Downloading from central: https://repo.maven.apache.org/maven2/org/graalvm/sdk/nativeimage/23.1.2/nativeimage-23.1.2.pom
[INFO] Downloaded from central: https://repo.maven.apache.org/maven2/org/graalvm/sdk/nativeimage/23.1.2/nativeimage-23.1.2.pom (1.4 kB at 38 kB/s)
[INFO] Downloading from central: https://repo.maven.apache.org/maven2/org/graalvm/sdk/word/23.1.2/word-23.1.2.pom
[INFO] Downloaded from central: https://repo.maven.apache.org/maven2/org/graalvm/sdk/word/23.1.2/word-23.1.2.pom (1.2 kB at 33 kB/s)
[INFO] Downloading from central: https://repo.maven.apache.org/maven2/net/bytebuddy/byte-buddy-agent/1.18.8/byte-buddy-agent-1.18.8.pom
[INFO] Downloaded from central: https://repo.maven.apache.org/maven2/net/bytebuddy/byte-buddy-agent/1.18.8/byte-buddy-agent-1.18.8.pom (14 kB at 342 kB/s)
[INFO] Downloading from central: https://repo.maven.apache.org/maven2/net/bytebuddy/byte-buddy-parent/1.18.8/byte-buddy-parent-1.18.8.pom
[INFO] Downloaded from central: https://repo.maven.apache.org/maven2/net/bytebuddy/byte-buddy-parent/1.18.8/byte-buddy-parent-1.18.8.pom (68 kB at 1.6 MB/s)
[INFO] Downloading from central: https://repo.maven.apache.org/maven2/org/junit/platform/junit-platform-launcher/6.1.1/junit-platform-launcher-6.1.1.pom
[INFO] Downloaded from central: https://repo.maven.apache.org/maven2/org/junit/platform/junit-platform-launcher/6.1.1/junit-platform-launcher-6.1.1.pom (3.4 kB at 93 kB/s)
[INFO] Downloading from central: https://repo.maven.apache.org/maven2/org/junit/platform/junit-platform-engine/6.1.1/junit-platform-engine-6.1.1.pom
[INFO] Downloaded from central: https://repo.maven.apache.org/maven2/org/junit/platform/junit-platform-engine/6.1.1/junit-platform-engine-6.1.1.pom (3.5 kB at 93 kB/s)
[INFO] Downloading from central: https://repo.maven.apache.org/maven2/org/junit/platform/junit-platform-commons/6.1.1/junit-platform-commons-6.1.1.pom
[INFO] Downloaded from central: https://repo.maven.apache.org/maven2/org/junit/platform/junit-platform-commons/6.1.1/junit-platform-commons-6.1.1.pom (3.2 kB at 88 kB/s)
[INFO] Downloading from central: https://repo.maven.apache.org/maven2/org/junit/jupiter/junit-jupiter/6.1.1/junit-jupiter-6.1.1.pom
[INFO] Downloaded from central: https://repo.maven.apache.org/maven2/org/junit/jupiter/junit-jupiter/6.1.1/junit-jupiter-6.1.1.pom (3.4 kB at 73 kB/s)
[INFO] Downloading from central: https://repo.maven.apache.org/maven2/org/junit/jupiter/junit-jupiter-api/6.1.1/junit-jupiter-api-6.1.1.pom
[INFO] Downloaded from central: https://repo.maven.apache.org/maven2/org/junit/jupiter/junit-jupiter-api/6.1.1/junit-jupiter-api-6.1.1.pom (3.5 kB at 90 kB/s)
[INFO] Downloading from central: https://repo.maven.apache.org/maven2/org/junit/jupiter/junit-jupiter-params/6.1.1/junit-jupiter-params-6.1.1.pom
[INFO] Downloaded from central: https://repo.maven.apache.org/maven2/org/junit/jupiter/junit-jupiter-params/6.1.1/junit-jupiter-params-6.1.1.pom (3.3 kB at 83 kB/s)
[INFO] Downloading from central: https://repo.maven.apache.org/maven2/org/junit/jupiter/junit-jupiter-engine/6.1.1/junit-jupiter-engine-6.1.1.pom
[INFO] Downloaded from central: https://repo.maven.apache.org/maven2/org/junit/jupiter/junit-jupiter-engine/6.1.1/junit-jupiter-engine-6.1.1.pom (3.5 kB at 88 kB/s)
[INFO] Downloading from central: https://repo.maven.apache.org/maven2/io/quarkus/quarkus-project-core-extension-codestarts/3.37.3/quarkus-project-core-extension-codestarts-3.37.3.pom
[INFO] Downloaded from central: https://repo.maven.apache.org/maven2/io/quarkus/quarkus-project-core-extension-codestarts/3.37.3/quarkus-project-core-extension-codestarts-3.37.3.pom (11 kB at 290 kB/s)
[INFO] Downloading from central: https://repo.maven.apache.org/maven2/io/quarkus/quarkus-devtools-all/3.37.3/quarkus-devtools-all-3.37.3.pom
[INFO] Downloaded from central: https://repo.maven.apache.org/maven2/io/quarkus/quarkus-devtools-all/3.37.3/quarkus-devtools-all-3.37.3.pom (1.2 kB at 32 kB/s)
[INFO] Downloading from central: https://repo.maven.apache.org/maven2/io/quarkus/quarkus-devtools-common/3.37.3/quarkus-devtools-common-3.37.3.pom
[INFO] Downloaded from central: https://repo.maven.apache.org/maven2/io/quarkus/quarkus-devtools-common/3.37.3/quarkus-devtools-common-3.37.3.pom (5.0 kB at 142 kB/s)
[INFO] Downloading from central: https://repo.maven.apache.org/maven2/io/quarkus/quarkus-tools-parent/3.37.3/quarkus-tools-parent-3.37.3.pom
[INFO] Downloaded from central: https://repo.maven.apache.org/maven2/io/quarkus/quarkus-tools-parent/3.37.3/quarkus-tools-parent-3.37.3.pom (16 kB at 304 kB/s)
[INFO] Downloading from central: https://repo.maven.apache.org/maven2/com/fasterxml/jackson/jackson-bom/2.22.0/jackson-bom-2.22.0.pom
[INFO] Downloaded from central: https://repo.maven.apache.org/maven2/com/fasterxml/jackson/jackson-bom/2.22.0/jackson-bom-2.22.0.pom (20 kB at 532 kB/s)
[INFO] Downloading from central: https://repo.maven.apache.org/maven2/com/fasterxml/jackson/jackson-parent/2.22/jackson-parent-2.22.pom
[INFO] Downloaded from central: https://repo.maven.apache.org/maven2/com/fasterxml/jackson/jackson-parent/2.22/jackson-parent-2.22.pom (6.9 kB at 202 kB/s)
[INFO] Downloading from central: https://repo.maven.apache.org/maven2/com/fasterxml/oss-parent/79/oss-parent-79.pom
[INFO] Downloaded from central: https://repo.maven.apache.org/maven2/com/fasterxml/oss-parent/79/oss-parent-79.pom (24 kB at 611 kB/s)
[INFO] Downloading from central: https://repo.maven.apache.org/maven2/org/mockito/mockito-bom/5.21.0/mockito-bom-5.21.0.pom
[INFO] Downloaded from central: https://repo.maven.apache.org/maven2/org/mockito/mockito-bom/5.21.0/mockito-bom-5.21.0.pom (3.0 kB at 87 kB/s)
[INFO] Downloading from central: https://repo.maven.apache.org/maven2/io/quarkus/quarkus-devtools-registry-client/3.37.3/quarkus-devtools-registry-client-3.37.3.pom
[INFO] Downloaded from central: https://repo.maven.apache.org/maven2/io/quarkus/quarkus-devtools-registry-client/3.37.3/quarkus-devtools-registry-client-3.37.3.pom (2.2 kB at 58 kB/s)
[INFO] Downloading from central: https://repo.maven.apache.org/maven2/io/quarkus/quarkus-devtools-message-writer/3.37.3/quarkus-devtools-message-writer-3.37.3.pom
[INFO] Downloaded from central: https://repo.maven.apache.org/maven2/io/quarkus/quarkus-devtools-message-writer/3.37.3/quarkus-devtools-message-writer-3.37.3.pom (771 B at 20 kB/s)
[INFO] Downloading from central: https://repo.maven.apache.org/maven2/com/fasterxml/jackson/core/jackson-databind/2.22.0/jackson-databind-2.22.0.pom
[INFO] Downloaded from central: https://repo.maven.apache.org/maven2/com/fasterxml/jackson/core/jackson-databind/2.22.0/jackson-databind-2.22.0.pom (23 kB at 622 kB/s)
[INFO] Downloading from central: https://repo.maven.apache.org/maven2/com/fasterxml/jackson/jackson-base/2.22.0/jackson-base-2.22.0.pom
[INFO] Downloaded from central: https://repo.maven.apache.org/maven2/com/fasterxml/jackson/jackson-base/2.22.0/jackson-base-2.22.0.pom (13 kB at 352 kB/s)
[INFO] Downloading from central: https://repo.maven.apache.org/maven2/com/fasterxml/jackson/core/jackson-annotations/2.22/jackson-annotations-2.22.pom
[INFO] Downloaded from central: https://repo.maven.apache.org/maven2/com/fasterxml/jackson/core/jackson-annotations/2.22/jackson-annotations-2.22.pom (7.2 kB at 200 kB/s)
[INFO] Downloading from central: https://repo.maven.apache.org/maven2/com/fasterxml/jackson/core/jackson-core/2.22.0/jackson-core-2.22.0.pom
[INFO] Downloaded from central: https://repo.maven.apache.org/maven2/com/fasterxml/jackson/core/jackson-core/2.22.0/jackson-core-2.22.0.pom (9.7 kB at 262 kB/s)
[INFO] Downloading from central: https://repo.maven.apache.org/maven2/com/fasterxml/jackson/dataformat/jackson-dataformat-yaml/2.22.0/jackson-dataformat-yaml-2.22.0.pom
[INFO] Downloaded from central: https://repo.maven.apache.org/maven2/com/fasterxml/jackson/dataformat/jackson-dataformat-yaml/2.22.0/jackson-dataformat-yaml-2.22.0.pom (3.0 kB at 74 kB/s)
[INFO] Downloading from central: https://repo.maven.apache.org/maven2/com/fasterxml/jackson/dataformat/jackson-dataformats-text/2.22.0/jackson-dataformats-text-2.22.0.pom
[INFO] Downloaded from central: https://repo.maven.apache.org/maven2/com/fasterxml/jackson/dataformat/jackson-dataformats-text/2.22.0/jackson-dataformats-text-2.22.0.pom (3.5 kB at 85 kB/s)
[INFO] Downloading from central: https://repo.maven.apache.org/maven2/org/apache/maven/resolver/maven-resolver-spi/1.9.27/maven-resolver-spi-1.9.27.pom
[INFO] Downloaded from central: https://repo.maven.apache.org/maven2/org/apache/maven/resolver/maven-resolver-spi/1.9.27/maven-resolver-spi-1.9.27.pom (2.1 kB at 63 kB/s)
[INFO] Downloading from central: https://repo.maven.apache.org/maven2/org/apache/maven/resolver/maven-resolver-impl/1.9.27/maven-resolver-impl-1.9.27.pom
[INFO] Downloaded from central: https://repo.maven.apache.org/maven2/org/apache/maven/resolver/maven-resolver-impl/1.9.27/maven-resolver-impl-1.9.27.pom (4.2 kB at 114 kB/s)
[INFO] Downloading from central: https://repo.maven.apache.org/maven2/org/apache/maven/resolver/maven-resolver-named-locks/1.9.27/maven-resolver-named-locks-1.9.27.pom
[INFO] Downloaded from central: https://repo.maven.apache.org/maven2/org/apache/maven/resolver/maven-resolver-named-locks/1.9.27/maven-resolver-named-locks-1.9.27.pom (2.6 kB at 62 kB/s)
[INFO] Downloading from central: https://repo.maven.apache.org/maven2/org/apache/maven/resolver/maven-resolver-transport-http/1.9.25/maven-resolver-transport-http-1.9.25.pom
[INFO] Downloaded from central: https://repo.maven.apache.org/maven2/org/apache/maven/resolver/maven-resolver-transport-http/1.9.25/maven-resolver-transport-http-1.9.25.pom (5.2 kB at 137 kB/s)
[INFO] Downloading from central: https://repo.maven.apache.org/maven2/org/apache/maven/resolver/maven-resolver/1.9.25/maven-resolver-1.9.25.pom
[INFO] Downloaded from central: https://repo.maven.apache.org/maven2/org/apache/maven/resolver/maven-resolver/1.9.25/maven-resolver-1.9.25.pom (25 kB at 613 kB/s)
[INFO] Downloading from central: https://repo.maven.apache.org/maven2/com/google/code/gson/gson/2.14.0/gson-2.14.0.pom
[INFO] Downloaded from central: https://repo.maven.apache.org/maven2/com/google/code/gson/gson/2.14.0/gson-2.14.0.pom (23 kB at 555 kB/s)
[INFO] Downloading from central: https://repo.maven.apache.org/maven2/com/google/code/gson/gson-parent/2.14.0/gson-parent-2.14.0.pom
[INFO] Downloaded from central: https://repo.maven.apache.org/maven2/com/google/code/gson/gson-parent/2.14.0/gson-parent-2.14.0.pom (27 kB at 684 kB/s)
[INFO] Downloading from central: https://repo.maven.apache.org/maven2/org/apache/maven/resolver/maven-resolver-transport-wagon/1.9.27/maven-resolver-transport-wagon-1.9.27.pom
[INFO] Downloaded from central: https://repo.maven.apache.org/maven2/org/apache/maven/resolver/maven-resolver-transport-wagon/1.9.27/maven-resolver-transport-wagon-1.9.27.pom (3.8 kB at 114 kB/s)
[INFO] Downloading from central: https://repo.maven.apache.org/maven2/org/apache/maven/wagon/wagon-provider-api/3.5.3/wagon-provider-api-3.5.3.pom
[INFO] Downloaded from central: https://repo.maven.apache.org/maven2/org/apache/maven/wagon/wagon-provider-api/3.5.3/wagon-provider-api-3.5.3.pom (1.9 kB at 49 kB/s)
[INFO] Downloading from central: https://repo.maven.apache.org/maven2/org/apache/maven/wagon/wagon/3.5.3/wagon-3.5.3.pom
[INFO] Downloaded from central: https://repo.maven.apache.org/maven2/org/apache/maven/wagon/wagon/3.5.3/wagon-3.5.3.pom (21 kB at 544 kB/s)
[INFO] Downloading from central: https://repo.maven.apache.org/maven2/org/apache/maven/wagon/wagon-file/3.5.3/wagon-file-3.5.3.pom
[INFO] Downloaded from central: https://repo.maven.apache.org/maven2/org/apache/maven/wagon/wagon-file/3.5.3/wagon-file-3.5.3.pom (1.8 kB at 52 kB/s)
[INFO] Downloading from central: https://repo.maven.apache.org/maven2/org/apache/maven/wagon/wagon-providers/3.5.3/wagon-providers-3.5.3.pom
[INFO] Downloaded from central: https://repo.maven.apache.org/maven2/org/apache/maven/wagon/wagon-providers/3.5.3/wagon-providers-3.5.3.pom (3.1 kB at 83 kB/s)
[INFO] Downloading from central: https://repo.maven.apache.org/maven2/org/apache/maven/wagon/wagon-http/3.5.3/wagon-http-3.5.3.pom
[INFO] Downloaded from central: https://repo.maven.apache.org/maven2/org/apache/maven/wagon/wagon-http/3.5.3/wagon-http-3.5.3.pom (6.1 kB at 161 kB/s)
[INFO] Downloading from central: https://repo.maven.apache.org/maven2/org/apache/maven/wagon/wagon-http-shared/3.5.3/wagon-http-shared-3.5.3.pom
[INFO] Downloaded from central: https://repo.maven.apache.org/maven2/org/apache/maven/wagon/wagon-http-shared/3.5.3/wagon-http-shared-3.5.3.pom (2.5 kB at 67 kB/s)
[INFO] Downloading from central: https://repo.maven.apache.org/maven2/io/quarkus/quarkus-devtools-base-codestarts/3.37.3/quarkus-devtools-base-codestarts-3.37.3.pom
[INFO] Downloaded from central: https://repo.maven.apache.org/maven2/io/quarkus/quarkus-devtools-base-codestarts/3.37.3/quarkus-devtools-base-codestarts-3.37.3.pom (1.7 kB at 46 kB/s)
[INFO] Downloading from central: https://repo.maven.apache.org/maven2/io/quarkus/quarkus-devtools-codestarts/3.37.3/quarkus-devtools-codestarts-3.37.3.pom
[INFO] Downloaded from central: https://repo.maven.apache.org/maven2/io/quarkus/quarkus-devtools-codestarts/3.37.3/quarkus-devtools-codestarts-3.37.3.pom (2.3 kB at 59 kB/s)
[INFO] Downloading from central: https://repo.maven.apache.org/maven2/io/quarkus/qute/qute-core/3.37.3/qute-core-3.37.3.pom
[INFO] Downloaded from central: https://repo.maven.apache.org/maven2/io/quarkus/qute/qute-core/3.37.3/qute-core-3.37.3.pom (1.5 kB at 39 kB/s)
[INFO] Downloading from central: https://repo.maven.apache.org/maven2/io/quarkus/qute/qute-parent/3.37.3/qute-parent-3.37.3.pom
[INFO] Downloaded from central: https://repo.maven.apache.org/maven2/io/quarkus/qute/qute-parent/3.37.3/qute-parent-3.37.3.pom (13 kB at 299 kB/s)
[INFO] Downloading from central: https://repo.maven.apache.org/maven2/io/smallrye/reactive/mutiny-bom/3.2.1/mutiny-bom-3.2.1.pom
[INFO] Downloaded from central: https://repo.maven.apache.org/maven2/io/smallrye/reactive/mutiny-bom/3.2.1/mutiny-bom-3.2.1.pom (3.8 kB at 98 kB/s)
[INFO] Downloading from central: https://repo.maven.apache.org/maven2/io/smallrye/reactive/mutiny/3.2.1/mutiny-3.2.1.pom
[INFO] Downloaded from central: https://repo.maven.apache.org/maven2/io/smallrye/reactive/mutiny/3.2.1/mutiny-3.2.1.pom (8.6 kB at 227 kB/s)
[INFO] Downloading from central: https://repo.maven.apache.org/maven2/io/smallrye/reactive/mutiny-project/3.2.1/mutiny-project-3.2.1.pom
[INFO] Downloaded from central: https://repo.maven.apache.org/maven2/io/smallrye/reactive/mutiny-project/3.2.1/mutiny-project-3.2.1.pom (26 kB at 664 kB/s)
[INFO] Downloading from central: https://repo.maven.apache.org/maven2/org/jctools/jctools-core/4.0.5/jctools-core-4.0.5.pom
[INFO] Downloaded from central: https://repo.maven.apache.org/maven2/org/jctools/jctools-core/4.0.5/jctools-core-4.0.5.pom (9.5 kB at 281 kB/s)
[INFO] Downloading from central: https://repo.maven.apache.org/maven2/io/fabric8/maven-model-helper/41/maven-model-helper-41.pom
[INFO] Downloaded from central: https://repo.maven.apache.org/maven2/io/fabric8/maven-model-helper/41/maven-model-helper-41.pom (14 kB at 379 kB/s)
[INFO] Downloading from central: https://repo.maven.apache.org/maven2/io/smallrye/common/smallrye-common-version/2.18.1/smallrye-common-version-2.18.1.pom
[INFO] Downloaded from central: https://repo.maven.apache.org/maven2/io/smallrye/common/smallrye-common-version/2.18.1/smallrye-common-version-2.18.1.pom (3.2 kB at 88 kB/s)
[INFO] Downloading from central: https://repo.maven.apache.org/maven2/com/fasterxml/jackson/datatype/jackson-datatype-jdk8/2.22.0/jackson-datatype-jdk8-2.22.0.pom
[INFO] Downloaded from central: https://repo.maven.apache.org/maven2/com/fasterxml/jackson/datatype/jackson-datatype-jdk8/2.22.0/jackson-datatype-jdk8-2.22.0.pom (2.8 kB at 75 kB/s)
[INFO] Downloading from central: https://repo.maven.apache.org/maven2/com/fasterxml/jackson/module/jackson-modules-java8/2.22.0/jackson-modules-java8-2.22.0.pom
[INFO] Downloaded from central: https://repo.maven.apache.org/maven2/com/fasterxml/jackson/module/jackson-modules-java8/2.22.0/jackson-modules-java8-2.22.0.pom (3.1 kB at 77 kB/s)
[INFO] Downloading from central: https://repo.maven.apache.org/maven2/org/codejive/java-properties/0.0.7/java-properties-0.0.7.pom
[INFO] Downloaded from central: https://repo.maven.apache.org/maven2/org/codejive/java-properties/0.0.7/java-properties-0.0.7.pom (7.6 kB at 205 kB/s)
[INFO] Downloading from central: https://repo.maven.apache.org/maven2/io/quarkus/quarkus-analytics-common/3.37.3/quarkus-analytics-common-3.37.3.pom
[INFO] Downloaded from central: https://repo.maven.apache.org/maven2/io/quarkus/quarkus-analytics-common/3.37.3/quarkus-analytics-common-3.37.3.pom (3.1 kB at 70 kB/s)
[INFO] Downloading from central: https://repo.maven.apache.org/maven2/io/quarkus/quarkus-cyclonedx-generator/3.37.3/quarkus-cyclonedx-generator-3.37.3.pom
[INFO] Downloaded from central: https://repo.maven.apache.org/maven2/io/quarkus/quarkus-cyclonedx-generator/3.37.3/quarkus-cyclonedx-generator-3.37.3.pom (1.7 kB at 43 kB/s)
[INFO] Downloading from central: https://repo.maven.apache.org/maven2/io/quarkus/quarkus-cyclonedx-parent/3.37.3/quarkus-cyclonedx-parent-3.37.3.pom
[INFO] Downloaded from central: https://repo.maven.apache.org/maven2/io/quarkus/quarkus-cyclonedx-parent/3.37.3/quarkus-cyclonedx-parent-3.37.3.pom (849 B at 21 kB/s)
[INFO] Downloading from central: https://repo.maven.apache.org/maven2/org/cyclonedx/cyclonedx-core-java/12.2.0/cyclonedx-core-java-12.2.0.pom
[INFO] Downloaded from central: https://repo.maven.apache.org/maven2/org/cyclonedx/cyclonedx-core-java/12.2.0/cyclonedx-core-java-12.2.0.pom (15 kB at 412 kB/s)
[INFO] Downloading from central: https://repo.maven.apache.org/maven2/com/fasterxml/jackson/jackson-bom/2.21.1/jackson-bom-2.21.1.pom
[INFO] Downloaded from central: https://repo.maven.apache.org/maven2/com/fasterxml/jackson/jackson-bom/2.21.1/jackson-bom-2.21.1.pom (20 kB at 595 kB/s)
[INFO] Downloading from central: https://repo.maven.apache.org/maven2/org/apache/commons/commons-collections4/4.5.0/commons-collections4-4.5.0.pom
[INFO] Downloaded from central: https://repo.maven.apache.org/maven2/org/apache/commons/commons-collections4/4.5.0/commons-collections4-4.5.0.pom (26 kB at 704 kB/s)
[INFO] Downloading from central: https://repo.maven.apache.org/maven2/com/github/package-url/packageurl-java/1.5.0/packageurl-java-1.5.0.pom
[INFO] Downloaded from central: https://repo.maven.apache.org/maven2/com/github/package-url/packageurl-java/1.5.0/packageurl-java-1.5.0.pom (12 kB at 317 kB/s)
[INFO] Downloading from central: https://repo.maven.apache.org/maven2/com/fasterxml/jackson/dataformat/jackson-dataformat-xml/2.22.0/jackson-dataformat-xml-2.22.0.pom
[INFO] Downloaded from central: https://repo.maven.apache.org/maven2/com/fasterxml/jackson/dataformat/jackson-dataformat-xml/2.22.0/jackson-dataformat-xml-2.22.0.pom (9.4 kB at 246 kB/s)
[INFO] Downloading from central: https://repo.maven.apache.org/maven2/org/codehaus/woodstox/stax2-api/4.3.0/stax2-api-4.3.0.pom
[INFO] Downloaded from central: https://repo.maven.apache.org/maven2/org/codehaus/woodstox/stax2-api/4.3.0/stax2-api-4.3.0.pom (5.1 kB at 119 kB/s)
[INFO] Downloading from central: https://repo.maven.apache.org/maven2/com/fasterxml/woodstox/woodstox-core/7.2.0/woodstox-core-7.2.0.pom
[INFO] Downloaded from central: https://repo.maven.apache.org/maven2/com/fasterxml/woodstox/woodstox-core/7.2.0/woodstox-core-7.2.0.pom (10 kB at 275 kB/s)
[INFO] Downloading from central: https://repo.maven.apache.org/maven2/com/networknt/json-schema-validator/2.0.1/json-schema-validator-2.0.1.pom
[INFO] Downloaded from central: https://repo.maven.apache.org/maven2/com/networknt/json-schema-validator/2.0.1/json-schema-validator-2.0.1.pom (17 kB at 511 kB/s)
[INFO] Downloading from central: https://repo.maven.apache.org/maven2/com/ethlo/time/itu/1.14.0/itu-1.14.0.pom
[INFO] Downloaded from central: https://repo.maven.apache.org/maven2/com/ethlo/time/itu/1.14.0/itu-1.14.0.pom (18 kB at 468 kB/s)
[INFO] Downloading from central: https://repo.maven.apache.org/maven2/org/apache/maven/resolver/maven-resolver-connector-basic/1.9.27/maven-resolver-connector-basic-1.9.27.pom
[INFO] Downloaded from central: https://repo.maven.apache.org/maven2/org/apache/maven/resolver/maven-resolver-connector-basic/1.9.27/maven-resolver-connector-basic-1.9.27.pom (3.1 kB at 84 kB/s)
[INFO] Downloading from central: https://repo.maven.apache.org/maven2/org/freemarker/freemarker/2.3.34/freemarker-2.3.34.pom
[INFO] Downloaded from central: https://repo.maven.apache.org/maven2/org/freemarker/freemarker/2.3.34/freemarker-2.3.34.pom (3.4 kB at 88 kB/s)
[INFO] Downloading from central: https://repo.maven.apache.org/maven2/org/twdata/maven/mojo-executor/2.4.0/mojo-executor-2.4.0.pom
[INFO] Downloaded from central: https://repo.maven.apache.org/maven2/org/twdata/maven/mojo-executor/2.4.0/mojo-executor-2.4.0.pom (3.1 kB at 85 kB/s)
[INFO] Downloading from central: https://repo.maven.apache.org/maven2/org/twdata/maven/mojo-executor-parent/2.4.0/mojo-executor-parent-2.4.0.pom
[INFO] Downloaded from central: https://repo.maven.apache.org/maven2/org/twdata/maven/mojo-executor-parent/2.4.0/mojo-executor-parent-2.4.0.pom (11 kB at 306 kB/s)
[INFO] Downloading from central: https://repo.maven.apache.org/maven2/org/apache/maven/maven/3.3.1/maven-3.3.1.pom
[INFO] Downloaded from central: https://repo.maven.apache.org/maven2/org/apache/maven/maven/3.3.1/maven-3.3.1.pom (23 kB at 410 kB/s)
[INFO] Downloading from central: https://repo.maven.apache.org/maven2/io/quarkus/platform/quarkus-maven-plugin/3.37.3/quarkus-maven-plugin-3.37.3.jar
[INFO] Downloaded from central: https://repo.maven.apache.org/maven2/io/quarkus/platform/quarkus-maven-plugin/3.37.3/quarkus-maven-plugin-3.37.3.jar (932 kB at 7.0 MB/s)
[INFO] Downloading from central: https://repo.maven.apache.org/maven2/io/quarkus/quarkus-bootstrap-core/3.37.3/quarkus-bootstrap-core-3.37.3.jar
[INFO] Downloading from central: https://repo.maven.apache.org/maven2/io/quarkus/quarkus-classloader-commons/3.37.3/quarkus-classloader-commons-3.37.3.jar
[INFO] Downloading from central: https://repo.maven.apache.org/maven2/io/quarkus/quarkus-value-registry/3.37.3/quarkus-value-registry-3.37.3.jar
[INFO] Downloading from central: https://repo.maven.apache.org/maven2/io/quarkus/quarkus-bootstrap-app-model/3.37.3/quarkus-bootstrap-app-model-3.37.3.jar
[INFO] Downloading from central: https://repo.maven.apache.org/maven2/io/smallrye/classfile/jdk-classfile-backport/26/jdk-classfile-backport-26.jar
[INFO] Downloaded from central: https://repo.maven.apache.org/maven2/io/quarkus/quarkus-bootstrap-core/3.37.3/quarkus-bootstrap-core-3.37.3.jar (127 kB at 3.1 MB/s)
[INFO] Downloading from central: https://repo.maven.apache.org/maven2/org/jboss/logging/commons-logging-jboss-logging/2.0.0.Final/commons-logging-jboss-logging-2.0.0.Final.jar
[INFO] Downloaded from central: https://repo.maven.apache.org/maven2/org/jboss/logging/commons-logging-jboss-logging/2.0.0.Final/commons-logging-jboss-logging-2.0.0.Final.jar (19 kB at 252 kB/s)
[INFO] Downloading from central: https://repo.maven.apache.org/maven2/io/quarkus/quarkus-bootstrap-json/3.37.3/quarkus-bootstrap-json-3.37.3.jar
[INFO] Downloaded from central: https://repo.maven.apache.org/maven2/io/quarkus/quarkus-classloader-commons/3.37.3/quarkus-classloader-commons-3.37.3.jar (7.9 kB at 73 kB/s)
[INFO] Downloading from central: https://repo.maven.apache.org/maven2/io/smallrye/common/smallrye-common-io/2.18.1/smallrye-common-io-2.18.1.jar
[INFO] Downloaded from central: https://repo.maven.apache.org/maven2/io/quarkus/quarkus-bootstrap-json/3.37.3/quarkus-bootstrap-json-3.37.3.jar (33 kB at 308 kB/s)
[INFO] Downloading from central: https://repo.maven.apache.org/maven2/io/smallrye/common/smallrye-common-constraint/2.18.1/smallrye-common-constraint-2.18.1.jar
[INFO] Downloaded from central: https://repo.maven.apache.org/maven2/io/quarkus/quarkus-value-registry/3.37.3/quarkus-value-registry-3.37.3.jar (11 kB at 80 kB/s)
[INFO] Downloading from central: https://repo.maven.apache.org/maven2/io/quarkus/quarkus-bootstrap-maven-resolver/3.37.3/quarkus-bootstrap-maven-resolver-3.37.3.jar
[INFO] Downloaded from central: https://repo.maven.apache.org/maven2/io/smallrye/common/smallrye-common-constraint/2.18.1/smallrye-common-constraint-2.18.1.jar (14 kB at 94 kB/s)
[INFO] Downloading from central: https://repo.maven.apache.org/maven2/io/smallrye/beanbag/smallrye-beanbag-maven/1.6.1/smallrye-beanbag-maven-1.6.1.jar
[INFO] Downloaded from central: https://repo.maven.apache.org/maven2/io/smallrye/common/smallrye-common-io/2.18.1/smallrye-common-io-2.18.1.jar (56 kB at 363 kB/s)
[INFO] Downloading from central: https://repo.maven.apache.org/maven2/io/smallrye/beanbag/smallrye-beanbag-sisu/1.6.1/smallrye-beanbag-sisu-1.6.1.jar
[INFO] Downloaded from central: https://repo.maven.apache.org/maven2/io/quarkus/quarkus-bootstrap-app-model/3.37.3/quarkus-bootstrap-app-model-3.37.3.jar (268 kB at 1.7 MB/s)
[INFO] Downloading from central: https://repo.maven.apache.org/maven2/io/smallrye/beanbag/smallrye-beanbag/1.6.1/smallrye-beanbag-1.6.1.jar
[INFO] Downloaded from central: https://repo.maven.apache.org/maven2/io/smallrye/beanbag/smallrye-beanbag-maven/1.6.1/smallrye-beanbag-maven-1.6.1.jar (16 kB at 90 kB/s)
[INFO] Downloading from central: https://repo.maven.apache.org/maven2/org/apache/maven/maven-artifact/3.9.16/maven-artifact-3.9.16.jar
[INFO] Downloaded from central: https://repo.maven.apache.org/maven2/io/smallrye/beanbag/smallrye-beanbag-sisu/1.6.1/smallrye-beanbag-sisu-1.6.1.jar (29 kB at 153 kB/s)
[INFO] Downloading from central: https://repo.maven.apache.org/maven2/org/apache/maven/maven-builder-support/3.9.16/maven-builder-support-3.9.16.jar
[INFO] Downloaded from central: https://repo.maven.apache.org/maven2/io/smallrye/classfile/jdk-classfile-backport/26/jdk-classfile-backport-26.jar (967 kB at 4.7 MB/s)
[INFO] Downloading from central: https://repo.maven.apache.org/maven2/org/apache/maven/maven-model/3.9.16/maven-model-3.9.16.jar
[INFO] Downloaded from central: https://repo.maven.apache.org/maven2/io/smallrye/beanbag/smallrye-beanbag/1.6.1/smallrye-beanbag-1.6.1.jar (38 kB at 182 kB/s)
[INFO] Downloading from central: https://repo.maven.apache.org/maven2/org/apache/maven/maven-model-builder/3.9.16/maven-model-builder-3.9.16.jar
[INFO] Downloaded from central: https://repo.maven.apache.org/maven2/org/apache/maven/maven-artifact/3.9.16/maven-artifact-3.9.16.jar (59 kB at 276 kB/s)
[INFO] Downloading from central: https://repo.maven.apache.org/maven2/org/apache/maven/maven-repository-metadata/3.9.16/maven-repository-metadata-3.9.16.jar
[INFO] Downloaded from central: https://repo.maven.apache.org/maven2/org/apache/maven/maven-builder-support/3.9.16/maven-builder-support-3.9.16.jar (14 kB at 63 kB/s)
[INFO] Downloading from central: https://repo.maven.apache.org/maven2/org/apache/maven/maven-settings/3.9.16/maven-settings-3.9.16.jar
[INFO] Downloaded from central: https://repo.maven.apache.org/maven2/io/quarkus/quarkus-bootstrap-maven-resolver/3.37.3/quarkus-bootstrap-maven-resolver-3.37.3.jar (218 kB at 902 kB/s)
[INFO] Downloading from central: https://repo.maven.apache.org/maven2/org/codehaus/plexus/plexus-xml/4.0.2/plexus-xml-4.0.2.jar
[INFO] Downloaded from central: https://repo.maven.apache.org/maven2/org/apache/maven/maven-model/3.9.16/maven-model-3.9.16.jar (218 kB at 868 kB/s)
[INFO] Downloading from central: https://repo.maven.apache.org/maven2/org/apache/maven/maven-xml-impl/4.0.0-alpha-7/maven-xml-impl-4.0.0-alpha-7.jar
[INFO] Downloaded from central: https://repo.maven.apache.org/maven2/org/apache/maven/maven-repository-metadata/3.9.16/maven-repository-metadata-3.9.16.jar (29 kB at 113 kB/s)
[INFO] Downloading from central: https://repo.maven.apache.org/maven2/org/apache/maven/maven-api-xml/4.0.0-alpha-7/maven-api-xml-4.0.0-alpha-7.jar
[INFO] Downloaded from central: https://repo.maven.apache.org/maven2/org/apache/maven/maven-model-builder/3.9.16/maven-model-builder-3.9.16.jar (209 kB at 809 kB/s)
[INFO] Downloading from central: https://repo.maven.apache.org/maven2/org/apache/maven/maven-api-meta/4.0.0-alpha-7/maven-api-meta-4.0.0-alpha-7.jar
[INFO] Downloaded from central: https://repo.maven.apache.org/maven2/org/apache/maven/maven-settings/3.9.16/maven-settings-3.9.16.jar (45 kB at 160 kB/s)
[INFO] Downloading from central: https://repo.maven.apache.org/maven2/org/codehaus/plexus/plexus-cipher/2.0/plexus-cipher-2.0.jar
[INFO] Downloaded from central: https://repo.maven.apache.org/maven2/org/apache/maven/maven-xml-impl/4.0.0-alpha-7/maven-xml-impl-4.0.0-alpha-7.jar (19 kB at 69 kB/s)
[INFO] Downloading from central: https://repo.maven.apache.org/maven2/org/codehaus/plexus/plexus-sec-dispatcher/2.0/plexus-sec-dispatcher-2.0.jar
[INFO] Downloaded from central: https://repo.maven.apache.org/maven2/org/apache/maven/maven-api-xml/4.0.0-alpha-7/maven-api-xml-4.0.0-alpha-7.jar (8.4 kB at 29 kB/s)
[INFO] Downloading from central: https://repo.maven.apache.org/maven2/io/quarkus/quarkus-fs-util/1.4.2/quarkus-fs-util-1.4.2.jar
[INFO] Downloaded from central: https://repo.maven.apache.org/maven2/org/apache/maven/maven-api-meta/4.0.0-alpha-7/maven-api-meta-4.0.0-alpha-7.jar (12 kB at 40 kB/s)
[INFO] Downloading from central: https://repo.maven.apache.org/maven2/org/jboss/logmanager/jboss-logmanager/3.2.2.Final/jboss-logmanager-3.2.2.Final.jar
[INFO] Downloaded from central: https://repo.maven.apache.org/maven2/org/codehaus/plexus/plexus-xml/4.0.2/plexus-xml-4.0.2.jar (89 kB at 296 kB/s)
[INFO] Downloading from central: https://repo.maven.apache.org/maven2/io/smallrye/common/smallrye-common-cpu/2.18.1/smallrye-common-cpu-2.18.1.jar
[INFO] Downloaded from central: https://repo.maven.apache.org/maven2/org/codehaus/plexus/plexus-cipher/2.0/plexus-cipher-2.0.jar (13 kB at 41 kB/s)
[INFO] Downloading from central: https://repo.maven.apache.org/maven2/io/smallrye/common/smallrye-common-expression/2.18.1/smallrye-common-expression-2.18.1.jar
[INFO] Downloaded from central: https://repo.maven.apache.org/maven2/org/codehaus/plexus/plexus-sec-dispatcher/2.0/plexus-sec-dispatcher-2.0.jar (24 kB at 73 kB/s)
[INFO] Downloading from central: https://repo.maven.apache.org/maven2/io/smallrye/common/smallrye-common-net/2.18.1/smallrye-common-net-2.18.1.jar
[INFO] Downloaded from central: https://repo.maven.apache.org/maven2/io/quarkus/quarkus-fs-util/1.4.2/quarkus-fs-util-1.4.2.jar (73 kB at 218 kB/s)
[INFO] Downloading from central: https://repo.maven.apache.org/maven2/io/smallrye/common/smallrye-common-ref/2.18.1/smallrye-common-ref-2.18.1.jar
[INFO] Downloaded from central: https://repo.maven.apache.org/maven2/io/smallrye/common/smallrye-common-cpu/2.18.1/smallrye-common-cpu-2.18.1.jar (17 kB at 48 kB/s)
[INFO] Downloading from central: https://repo.maven.apache.org/maven2/org/jboss/logging/jboss-logging/3.6.3.Final/jboss-logging-3.6.3.Final.jar
[INFO] Downloaded from central: https://repo.maven.apache.org/maven2/io/smallrye/common/smallrye-common-expression/2.18.1/smallrye-common-expression-2.18.1.jar (22 kB at 60 kB/s)
[INFO] Downloading from central: https://repo.maven.apache.org/maven2/io/quarkus/quarkus-bootstrap-maven4-resolver/3.37.3/quarkus-bootstrap-maven4-resolver-3.37.3.jar
[INFO] Downloaded from central: https://repo.maven.apache.org/maven2/io/smallrye/common/smallrye-common-net/2.18.1/smallrye-common-net-2.18.1.jar (35 kB at 95 kB/s)
[INFO] Downloading from central: https://repo.maven.apache.org/maven2/org/apache/maven/maven-embedder/3.9.16/maven-embedder-3.9.16.jar
[INFO] Downloaded from central: https://repo.maven.apache.org/maven2/io/smallrye/common/smallrye-common-ref/2.18.1/smallrye-common-ref-2.18.1.jar (16 kB at 44 kB/s)
[INFO] Downloading from central: https://repo.maven.apache.org/maven2/com/google/inject/guice/5.1.0/guice-5.1.0-classes.jar
[INFO] Downloaded from central: https://repo.maven.apache.org/maven2/org/jboss/logmanager/jboss-logmanager/3.2.2.Final/jboss-logmanager-3.2.2.Final.jar (808 kB at 2.2 MB/s)
[INFO] Downloading from central: https://repo.maven.apache.org/maven2/javax/annotation/javax.annotation-api/1.3.2/javax.annotation-api-1.3.2.jar
[INFO] Downloaded from central: https://repo.maven.apache.org/maven2/org/apache/maven/maven-embedder/3.9.16/maven-embedder-3.9.16.jar (117 kB at 296 kB/s)
[INFO] Downloaded from central: https://repo.maven.apache.org/maven2/io/quarkus/quarkus-bootstrap-maven4-resolver/3.37.3/quarkus-bootstrap-maven4-resolver-3.37.3.jar (7.7 kB at 19 kB/s)
[INFO] Downloading from central: https://repo.maven.apache.org/maven2/org/codehaus/plexus/plexus-classworlds/2.6.0/plexus-classworlds-2.6.0.jar
[INFO] Downloading from central: https://repo.maven.apache.org/maven2/commons-cli/commons-cli/1.11.0/commons-cli-1.11.0.jar
[INFO] Downloaded from central: https://repo.maven.apache.org/maven2/org/jboss/logging/jboss-logging/3.6.3.Final/jboss-logging-3.6.3.Final.jar (63 kB at 152 kB/s)
[INFO] Downloading from central: https://repo.maven.apache.org/maven2/org/apache/maven/maven-settings-builder/3.9.16/maven-settings-builder-3.9.16.jar
[INFO] Downloaded from central: https://repo.maven.apache.org/maven2/javax/annotation/javax.annotation-api/1.3.2/javax.annotation-api-1.3.2.jar (27 kB at 64 kB/s)
[INFO] Downloading from central: https://repo.maven.apache.org/maven2/org/apache/maven/maven-resolver-provider/3.9.16/maven-resolver-provider-3.9.16.jar
[INFO] Downloaded from central: https://repo.maven.apache.org/maven2/com/google/inject/guice/5.1.0/guice-5.1.0-classes.jar (657 kB at 1.6 MB/s)
[INFO] Downloading from central: https://repo.maven.apache.org/maven2/io/quarkus/quarkus-core-deployment/3.37.3/quarkus-core-deployment-3.37.3.jar
[INFO] Downloaded from central: https://repo.maven.apache.org/maven2/org/codehaus/plexus/plexus-classworlds/2.6.0/plexus-classworlds-2.6.0.jar (53 kB at 121 kB/s)
[INFO] Downloading from central: https://repo.maven.apache.org/maven2/org/aesh/readline/2.6.3/readline-2.6.3.jar
[INFO] Downloaded from central: https://repo.maven.apache.org/maven2/commons-cli/commons-cli/1.11.0/commons-cli-1.11.0.jar (110 kB at 245 kB/s)
[INFO] Downloading from central: https://repo.maven.apache.org/maven2/org/jline/jansi/4.2.1/jansi-4.2.1.jar
[INFO] Downloaded from central: https://repo.maven.apache.org/maven2/org/apache/maven/maven-resolver-provider/3.9.16/maven-resolver-provider-3.9.16.jar (79 kB at 174 kB/s)
[INFO] Downloading from central: https://repo.maven.apache.org/maven2/org/aesh/aesh/2.8.2/aesh-2.8.2.jar
[INFO] Downloaded from central: https://repo.maven.apache.org/maven2/org/apache/maven/maven-settings-builder/3.9.16/maven-settings-builder-3.9.16.jar (42 kB at 91 kB/s)
[INFO] Downloading from central: https://repo.maven.apache.org/maven2/org/wildfly/common/wildfly-common/2.0.1/wildfly-common-2.0.1.jar
[INFO] Downloaded from central: https://repo.maven.apache.org/maven2/org/aesh/readline/2.6.3/readline-2.6.3.jar (335 kB at 693 kB/s)
[INFO] Downloading from central: https://repo.maven.apache.org/maven2/io/quarkus/gizmo/gizmo/1.10.1/gizmo-1.10.1.jar
[INFO] Downloaded from central: https://repo.maven.apache.org/maven2/io/quarkus/quarkus-core-deployment/3.37.3/quarkus-core-deployment-3.37.3.jar (1.7 MB at 3.4 MB/s)
[INFO] Downloading from central: https://repo.maven.apache.org/maven2/org/ow2/asm/asm-util/9.10.1/asm-util-9.10.1.jar
[INFO] Downloaded from central: https://repo.maven.apache.org/maven2/org/aesh/aesh/2.8.2/aesh-2.8.2.jar (362 kB at 723 kB/s)
[INFO] Downloading from central: https://repo.maven.apache.org/maven2/org/ow2/asm/asm-analysis/9.10.1/asm-analysis-9.10.1.jar
[INFO] Downloaded from central: https://repo.maven.apache.org/maven2/io/quarkus/gizmo/gizmo/1.10.1/gizmo-1.10.1.jar (188 kB at 362 kB/s)
[INFO] Downloading from central: https://repo.maven.apache.org/maven2/io/quarkus/gizmo/gizmo2/2.1.1/gizmo2-2.1.1.jar
[INFO] Downloaded from central: https://repo.maven.apache.org/maven2/org/wildfly/common/wildfly-common/2.0.1/wildfly-common-2.0.1.jar (263 kB at 500 kB/s)
[INFO] Downloaded from central: https://repo.maven.apache.org/maven2/org/jline/jansi/4.2.1/jansi-4.2.1.jar (664 kB at 1.3 MB/s)
[INFO] Downloading from central: https://repo.maven.apache.org/maven2/io/smallrye/common/smallrye-common-resource/2.18.1/smallrye-common-resource-2.18.1.jar
[INFO] Downloading from central: https://repo.maven.apache.org/maven2/io/smallrye/jandex/3.6.0/jandex-3.6.0.jar
[INFO] Downloaded from central: https://repo.maven.apache.org/maven2/org/ow2/asm/asm-util/9.10.1/asm-util-9.10.1.jar (96 kB at 179 kB/s)
[INFO] Downloading from central: https://repo.maven.apache.org/maven2/io/smallrye/jandex-gizmo2/3.6.0/jandex-gizmo2-3.6.0.jar
[INFO] Downloaded from central: https://repo.maven.apache.org/maven2/org/ow2/asm/asm-analysis/9.10.1/asm-analysis-9.10.1.jar (35 kB at 65 kB/s)
[INFO] Downloading from central: https://repo.maven.apache.org/maven2/io/smallrye/common/smallrye-common-os/2.18.1/smallrye-common-os-2.18.1.jar
[INFO] Downloaded from central: https://repo.maven.apache.org/maven2/io/smallrye/jandex/3.6.0/jandex-3.6.0.jar (408 kB at 720 kB/s)
[INFO] Downloaded from central: https://repo.maven.apache.org/maven2/io/smallrye/jandex-gizmo2/3.6.0/jandex-gizmo2-3.6.0.jar (18 kB at 31 kB/s)
[INFO] Downloaded from central: https://repo.maven.apache.org/maven2/io/quarkus/gizmo/gizmo2/2.1.1/gizmo2-2.1.1.jar (564 kB at 995 kB/s)
[INFO] Downloading from central: https://repo.maven.apache.org/maven2/io/smallrye/common/smallrye-common-function/2.18.1/smallrye-common-function-2.18.1.jar
[INFO] Downloading from central: https://repo.maven.apache.org/maven2/org/ow2/asm/asm/9.10.1/asm-9.10.1.jar
[INFO] Downloading from central: https://repo.maven.apache.org/maven2/io/smallrye/common/smallrye-common-process/2.18.1/smallrye-common-process-2.18.1.jar
[INFO] Downloaded from central: https://repo.maven.apache.org/maven2/io/smallrye/common/smallrye-common-resource/2.18.1/smallrye-common-resource-2.18.1.jar (30 kB at 53 kB/s)
[INFO] Downloading from central: https://repo.maven.apache.org/maven2/org/ow2/asm/asm-commons/9.10.1/asm-commons-9.10.1.jar
[INFO] Downloaded from central: https://repo.maven.apache.org/maven2/io/smallrye/common/smallrye-common-os/2.18.1/smallrye-common-os-2.18.1.jar (9.6 kB at 17 kB/s)
[INFO] Downloading from central: https://repo.maven.apache.org/maven2/org/ow2/asm/asm-tree/9.10.1/asm-tree-9.10.1.jar
[INFO] Downloaded from central: https://repo.maven.apache.org/maven2/org/ow2/asm/asm/9.10.1/asm-9.10.1.jar (126 kB at 212 kB/s)
[INFO] Downloading from central: https://repo.maven.apache.org/maven2/io/quarkus/quarkus-development-mode-spi/3.37.3/quarkus-development-mode-spi-3.37.3.jar
[INFO] Downloaded from central: https://repo.maven.apache.org/maven2/io/smallrye/common/smallrye-common-function/2.18.1/smallrye-common-function-2.18.1.jar (64 kB at 105 kB/s)
[INFO] Downloading from central: https://repo.maven.apache.org/maven2/io/quarkus/quarkus-hibernate-validator-spi/3.37.3/quarkus-hibernate-validator-spi-3.37.3.jar
[INFO] Downloaded from central: https://repo.maven.apache.org/maven2/io/smallrye/common/smallrye-common-process/2.18.1/smallrye-common-process-2.18.1.jar (83 kB at 136 kB/s)
[INFO] Downloading from central: https://repo.maven.apache.org/maven2/io/quarkus/quarkus-class-change-agent/3.37.3/quarkus-class-change-agent-3.37.3.jar
[INFO] Downloaded from central: https://repo.maven.apache.org/maven2/org/ow2/asm/asm-tree/9.10.1/asm-tree-9.10.1.jar (52 kB at 85 kB/s)
[INFO] Downloading from central: https://repo.maven.apache.org/maven2/io/quarkus/quarkus-core/3.37.3/quarkus-core-3.37.3.jar
[INFO] Downloaded from central: https://repo.maven.apache.org/maven2/org/ow2/asm/asm-commons/9.10.1/asm-commons-9.10.1.jar (75 kB at 122 kB/s)
[INFO] Downloading from central: https://repo.maven.apache.org/maven2/jakarta/annotation/jakarta.annotation-api/3.0.0/jakarta.annotation-api-3.0.0.jar
[INFO] Downloaded from central: https://repo.maven.apache.org/maven2/io/quarkus/quarkus-development-mode-spi/3.37.3/quarkus-development-mode-spi-3.37.3.jar (55 kB at 87 kB/s)
[INFO] Downloading from central: https://repo.maven.apache.org/maven2/jakarta/inject/jakarta.inject-api/2.0.1/jakarta.inject-api-2.0.1.jar
[INFO] Downloaded from central: https://repo.maven.apache.org/maven2/io/quarkus/quarkus-class-change-agent/3.37.3/quarkus-class-change-agent-3.37.3.jar (7.4 kB at 12 kB/s)
[INFO] Downloading from central: https://repo.maven.apache.org/maven2/io/smallrye/config/smallrye-config/3.17.2/smallrye-config-3.17.2.jar
[INFO] Downloaded from central: https://repo.maven.apache.org/maven2/io/quarkus/quarkus-hibernate-validator-spi/3.37.3/quarkus-hibernate-validator-spi-3.37.3.jar (9.3 kB at 14 kB/s)
[INFO] Downloading from central: https://repo.maven.apache.org/maven2/io/smallrye/config/smallrye-config-core/3.17.2/smallrye-config-core-3.17.2.jar
[INFO] Downloaded from central: https://repo.maven.apache.org/maven2/io/quarkus/quarkus-core/3.37.3/quarkus-core-3.37.3.jar (551 kB at 842 kB/s)
[INFO] Downloading from central: https://repo.maven.apache.org/maven2/org/eclipse/microprofile/config/microprofile-config-api/3.1.1/microprofile-config-api-3.1.1.jar
[INFO] Downloaded from central: https://repo.maven.apache.org/maven2/jakarta/annotation/jakarta.annotation-api/3.0.0/jakarta.annotation-api-3.0.0.jar (26 kB at 40 kB/s)
[INFO] Downloading from central: https://repo.maven.apache.org/maven2/io/smallrye/common/smallrye-common-classloader/2.18.1/smallrye-common-classloader-2.18.1.jar
[INFO] Downloaded from central: https://repo.maven.apache.org/maven2/jakarta/inject/jakarta.inject-api/2.0.1/jakarta.inject-api-2.0.1.jar (11 kB at 16 kB/s)
[INFO] Downloading from central: https://repo.maven.apache.org/maven2/io/smallrye/config/smallrye-config-common/3.17.2/smallrye-config-common-3.17.2.jar
[INFO] Downloaded from central: https://repo.maven.apache.org/maven2/io/smallrye/config/smallrye-config/3.17.2/smallrye-config-3.17.2.jar (36 kB at 53 kB/s)
[INFO] Downloading from central: https://repo.maven.apache.org/maven2/org/jboss/threads/jboss-threads/3.9.2/jboss-threads-3.9.2.jar
[INFO] Downloaded from central: https://repo.maven.apache.org/maven2/io/smallrye/config/smallrye-config-core/3.17.2/smallrye-config-core-3.17.2.jar (384 kB at 559 kB/s)
[INFO] Downloading from central: https://repo.maven.apache.org/maven2/io/smallrye/common/smallrye-common-annotation/2.18.1/smallrye-common-annotation-2.18.1.jar
[INFO] Downloaded from central: https://repo.maven.apache.org/maven2/org/eclipse/microprofile/config/microprofile-config-api/3.1.1/microprofile-config-api-3.1.1.jar (18 kB at 26 kB/s)
[INFO] Downloading from central: https://repo.maven.apache.org/maven2/io/quarkus/quarkus-bootstrap-runner/3.37.3/quarkus-bootstrap-runner-3.37.3.jar
[INFO] Downloaded from central: https://repo.maven.apache.org/maven2/io/smallrye/common/smallrye-common-classloader/2.18.1/smallrye-common-classloader-2.18.1.jar (11 kB at 16 kB/s)
[INFO] Downloading from central: https://repo.maven.apache.org/maven2/org/crac/crac/1.5.0/crac-1.5.0.jar
[INFO] Downloaded from central: https://repo.maven.apache.org/maven2/io/smallrye/config/smallrye-config-common/3.17.2/smallrye-config-common-3.17.2.jar (15 kB at 21 kB/s)
[INFO] Downloading from central: https://repo.maven.apache.org/maven2/io/quarkus/quarkus-builder/3.37.3/quarkus-builder-3.37.3.jar
[INFO] Downloaded from central: https://repo.maven.apache.org/maven2/org/jboss/threads/jboss-threads/3.9.2/jboss-threads-3.9.2.jar (133 kB at 183 kB/s)
[INFO] Downloading from central: https://repo.maven.apache.org/maven2/org/graalvm/sdk/nativeimage/23.1.2/nativeimage-23.1.2.jar
[INFO] Downloaded from central: https://repo.maven.apache.org/maven2/io/smallrye/common/smallrye-common-annotation/2.18.1/smallrye-common-annotation-2.18.1.jar (12 kB at 16 kB/s)
[INFO] Downloading from central: https://repo.maven.apache.org/maven2/org/graalvm/sdk/word/23.1.2/word-23.1.2.jar
[INFO] Downloaded from central: https://repo.maven.apache.org/maven2/io/quarkus/quarkus-bootstrap-runner/3.37.3/quarkus-bootstrap-runner-3.37.3.jar (92 kB at 125 kB/s)
[INFO] Downloading from central: https://repo.maven.apache.org/maven2/net/bytebuddy/byte-buddy-agent/1.18.8/byte-buddy-agent-1.18.8.jar
[INFO] Downloaded from central: https://repo.maven.apache.org/maven2/org/crac/crac/1.5.0/crac-1.5.0.jar (13 kB at 18 kB/s)
[INFO] Downloading from central: https://repo.maven.apache.org/maven2/org/junit/platform/junit-platform-launcher/6.1.1/junit-platform-launcher-6.1.1.jar
[INFO] Downloaded from central: https://repo.maven.apache.org/maven2/io/quarkus/quarkus-builder/3.37.3/quarkus-builder-3.37.3.jar (94 kB at 124 kB/s)
[INFO] Downloading from central: https://repo.maven.apache.org/maven2/org/junit/platform/junit-platform-engine/6.1.1/junit-platform-engine-6.1.1.jar
[INFO] Downloaded from central: https://repo.maven.apache.org/maven2/org/graalvm/sdk/nativeimage/23.1.2/nativeimage-23.1.2.jar (217 kB at 282 kB/s)
[INFO] Downloaded from central: https://repo.maven.apache.org/maven2/org/graalvm/sdk/word/23.1.2/word-23.1.2.jar (22 kB at 29 kB/s)
[INFO] Downloading from central: https://repo.maven.apache.org/maven2/org/junit/platform/junit-platform-commons/6.1.1/junit-platform-commons-6.1.1.jar
[INFO] Downloading from central: https://repo.maven.apache.org/maven2/org/junit/jupiter/junit-jupiter/6.1.1/junit-jupiter-6.1.1.jar
[INFO] Downloaded from central: https://repo.maven.apache.org/maven2/net/bytebuddy/byte-buddy-agent/1.18.8/byte-buddy-agent-1.18.8.jar (267 kB at 342 kB/s)
[INFO] Downloading from central: https://repo.maven.apache.org/maven2/org/junit/jupiter/junit-jupiter-api/6.1.1/junit-jupiter-api-6.1.1.jar
[INFO] Downloaded from central: https://repo.maven.apache.org/maven2/org/junit/platform/junit-platform-launcher/6.1.1/junit-platform-launcher-6.1.1.jar (253 kB at 321 kB/s)
[INFO] Downloading from central: https://repo.maven.apache.org/maven2/org/junit/jupiter/junit-jupiter-params/6.1.1/junit-jupiter-params-6.1.1.jar
[INFO] Downloaded from central: https://repo.maven.apache.org/maven2/org/junit/platform/junit-platform-engine/6.1.1/junit-platform-engine-6.1.1.jar (324 kB at 409 kB/s)
[INFO] Downloading from central: https://repo.maven.apache.org/maven2/org/junit/jupiter/junit-jupiter-engine/6.1.1/junit-jupiter-engine-6.1.1.jar
[INFO] Downloaded from central: https://repo.maven.apache.org/maven2/org/junit/jupiter/junit-jupiter/6.1.1/junit-jupiter-6.1.1.jar (6.4 kB at 7.9 kB/s)
[INFO] Downloading from central: https://repo.maven.apache.org/maven2/io/quarkus/quarkus-project-core-extension-codestarts/3.37.3/quarkus-project-core-extension-codestarts-3.37.3.jar
[INFO] Downloaded from central: https://repo.maven.apache.org/maven2/org/junit/platform/junit-platform-commons/6.1.1/junit-platform-commons-6.1.1.jar (176 kB at 217 kB/s)
[INFO] Downloading from central: https://repo.maven.apache.org/maven2/io/quarkus/quarkus-devtools-common/3.37.3/quarkus-devtools-common-3.37.3.jar
[INFO] Downloaded from central: https://repo.maven.apache.org/maven2/org/junit/jupiter/junit-jupiter-api/6.1.1/junit-jupiter-api-6.1.1.jar (313 kB at 384 kB/s)
[INFO] Downloading from central: https://repo.maven.apache.org/maven2/io/quarkus/quarkus-devtools-registry-client/3.37.3/quarkus-devtools-registry-client-3.37.3.jar
[INFO] Downloaded from central: https://repo.maven.apache.org/maven2/org/junit/jupiter/junit-jupiter-engine/6.1.1/junit-jupiter-engine-6.1.1.jar (353 kB at 426 kB/s)
[INFO] Downloading from central: https://repo.maven.apache.org/maven2/io/quarkus/quarkus-devtools-base-codestarts/3.37.3/quarkus-devtools-base-codestarts-3.37.3.jar
[INFO] Downloaded from central: https://repo.maven.apache.org/maven2/org/junit/jupiter/junit-jupiter-params/6.1.1/junit-jupiter-params-6.1.1.jar (303 kB at 366 kB/s)
[INFO] Downloading from central: https://repo.maven.apache.org/maven2/io/quarkus/quarkus-devtools-codestarts/3.37.3/quarkus-devtools-codestarts-3.37.3.jar
[INFO] Downloaded from central: https://repo.maven.apache.org/maven2/io/quarkus/quarkus-devtools-registry-client/3.37.3/quarkus-devtools-registry-client-3.37.3.jar (237 kB at 278 kB/s)
[INFO] Downloading from central: https://repo.maven.apache.org/maven2/io/quarkus/qute/qute-core/3.37.3/qute-core-3.37.3.jar
[INFO] Downloaded from central: https://repo.maven.apache.org/maven2/io/quarkus/quarkus-devtools-common/3.37.3/quarkus-devtools-common-3.37.3.jar (423 kB at 495 kB/s)
[INFO] Downloading from central: https://repo.maven.apache.org/maven2/io/smallrye/reactive/mutiny/3.2.1/mutiny-3.2.1.jar
[INFO] Downloaded from central: https://repo.maven.apache.org/maven2/io/quarkus/quarkus-project-core-extension-codestarts/3.37.3/quarkus-project-core-extension-codestarts-3.37.3.jar (326 kB at 382 kB/s)
[INFO] Downloading from central: https://repo.maven.apache.org/maven2/org/jctools/jctools-core/4.0.5/jctools-core-4.0.5.jar
[INFO] Downloaded from central: https://repo.maven.apache.org/maven2/io/quarkus/quarkus-devtools-codestarts/3.37.3/quarkus-devtools-codestarts-3.37.3.jar (93 kB at 108 kB/s)
[INFO] Downloading from central: https://repo.maven.apache.org/maven2/io/smallrye/common/smallrye-common-version/2.18.1/smallrye-common-version-2.18.1.jar
[INFO] Downloaded from central: https://repo.maven.apache.org/maven2/io/quarkus/quarkus-devtools-base-codestarts/3.37.3/quarkus-devtools-base-codestarts-3.37.3.jar (391 kB at 447 kB/s)
[INFO] Downloading from central: https://repo.maven.apache.org/maven2/io/fabric8/maven-model-helper/41/maven-model-helper-41.jar
[INFO] Downloaded from central: https://repo.maven.apache.org/maven2/io/smallrye/common/smallrye-common-version/2.18.1/smallrye-common-version-2.18.1.jar (34 kB at 39 kB/s)
[INFO] Downloading from central: https://repo.maven.apache.org/maven2/com/fasterxml/jackson/dataformat/jackson-dataformat-yaml/2.22.0/jackson-dataformat-yaml-2.22.0.jar
[INFO] Downloaded from central: https://repo.maven.apache.org/maven2/org/jctools/jctools-core/4.0.5/jctools-core-4.0.5.jar (494 kB at 548 kB/s)
[INFO] Downloading from central: https://repo.maven.apache.org/maven2/com/fasterxml/jackson/datatype/jackson-datatype-jdk8/2.22.0/jackson-datatype-jdk8-2.22.0.jar
[INFO] Downloaded from central: https://repo.maven.apache.org/maven2/io/quarkus/qute/qute-core/3.37.3/qute-core-3.37.3.jar (397 kB at 440 kB/s)
[INFO] Downloading from central: https://repo.maven.apache.org/maven2/org/apache/maven/maven-plugin-api/3.9.16/maven-plugin-api-3.9.16.jar
[INFO] Downloaded from central: https://repo.maven.apache.org/maven2/com/fasterxml/jackson/dataformat/jackson-dataformat-yaml/2.22.0/jackson-dataformat-yaml-2.22.0.jar (61 kB at 66 kB/s)
[INFO] Downloading from central: https://repo.maven.apache.org/maven2/org/apache/maven/maven-core/3.9.16/maven-core-3.9.16.jar
[INFO] Downloaded from central: https://repo.maven.apache.org/maven2/io/fabric8/maven-model-helper/41/maven-model-helper-41.jar (37 kB at 40 kB/s)
[INFO] Downloading from central: https://repo.maven.apache.org/maven2/org/apache/maven/resolver/maven-resolver-impl/1.9.27/maven-resolver-impl-1.9.27.jar
[INFO] Downloaded from central: https://repo.maven.apache.org/maven2/io/smallrye/reactive/mutiny/3.2.1/mutiny-3.2.1.jar (925 kB at 993 kB/s)
[INFO] Downloading from central: https://repo.maven.apache.org/maven2/org/apache/maven/resolver/maven-resolver-named-locks/1.9.27/maven-resolver-named-locks-1.9.27.jar
[INFO] Downloaded from central: https://repo.maven.apache.org/maven2/org/apache/maven/maven-plugin-api/3.9.16/maven-plugin-api-3.9.16.jar (48 kB at 51 kB/s)
[INFO] Downloading from central: https://repo.maven.apache.org/maven2/org/apache/maven/resolver/maven-resolver-api/1.9.27/maven-resolver-api-1.9.27.jar
[INFO] Downloaded from central: https://repo.maven.apache.org/maven2/com/fasterxml/jackson/datatype/jackson-datatype-jdk8/2.22.0/jackson-datatype-jdk8-2.22.0.jar (36 kB at 39 kB/s)
[INFO] Downloading from central: https://repo.maven.apache.org/maven2/org/apache/maven/resolver/maven-resolver-spi/1.9.27/maven-resolver-spi-1.9.27.jar
[INFO] Downloaded from central: https://repo.maven.apache.org/maven2/org/apache/maven/maven-core/3.9.16/maven-core-3.9.16.jar (722 kB at 744 kB/s)
[INFO] Downloading from central: https://repo.maven.apache.org/maven2/org/codehaus/plexus/plexus-component-annotations/2.1.0/plexus-component-annotations-2.1.0.jar
[INFO] Downloaded from central: https://repo.maven.apache.org/maven2/org/apache/maven/resolver/maven-resolver-named-locks/1.9.27/maven-resolver-named-locks-1.9.27.jar (38 kB at 39 kB/s)
[INFO] Downloading from central: https://repo.maven.apache.org/maven2/jakarta/enterprise/jakarta.enterprise.cdi-api/4.1.0/jakarta.enterprise.cdi-api-4.1.0.jar
[INFO] Downloaded from central: https://repo.maven.apache.org/maven2/org/apache/maven/resolver/maven-resolver-spi/1.9.27/maven-resolver-spi-1.9.27.jar (52 kB at 53 kB/s)
[INFO] Downloading from central: https://repo.maven.apache.org/maven2/jakarta/enterprise/jakarta.enterprise.lang-model/4.1.0/jakarta.enterprise.lang-model-4.1.0.jar
[INFO] Downloaded from central: https://repo.maven.apache.org/maven2/org/apache/maven/resolver/maven-resolver-api/1.9.27/maven-resolver-api-1.9.27.jar (158 kB at 162 kB/s)
[INFO] Downloading from central: https://repo.maven.apache.org/maven2/jakarta/el/jakarta.el-api/6.0.1/jakarta.el-api-6.0.1.jar
[INFO] Downloaded from central: https://repo.maven.apache.org/maven2/org/apache/maven/resolver/maven-resolver-impl/1.9.27/maven-resolver-impl-1.9.27.jar (327 kB at 335 kB/s)
[INFO] Downloading from central: https://repo.maven.apache.org/maven2/jakarta/interceptor/jakarta.interceptor-api/2.2.0/jakarta.interceptor-api-2.2.0.jar
[INFO] Downloaded from central: https://repo.maven.apache.org/maven2/org/codehaus/plexus/plexus-component-annotations/2.1.0/plexus-component-annotations-2.1.0.jar (4.2 kB at 4.2 kB/s)
[INFO] Downloading from central: https://repo.maven.apache.org/maven2/org/codejive/java-properties/0.0.7/java-properties-0.0.7.jar
[INFO] Downloaded from central: https://repo.maven.apache.org/maven2/jakarta/enterprise/jakarta.enterprise.cdi-api/4.1.0/jakarta.enterprise.cdi-api-4.1.0.jar (160 kB at 159 kB/s)
[INFO] Downloading from central: https://repo.maven.apache.org/maven2/io/quarkus/quarkus-analytics-common/3.37.3/quarkus-analytics-common-3.37.3.jar
[INFO] Downloaded from central: https://repo.maven.apache.org/maven2/jakarta/interceptor/jakarta.interceptor-api/2.2.0/jakarta.interceptor-api-2.2.0.jar (24 kB at 24 kB/s)
[INFO] Downloading from central: https://repo.maven.apache.org/maven2/io/quarkus/quarkus-devtools-message-writer/3.37.3/quarkus-devtools-message-writer-3.37.3.jar
[INFO] Downloaded from central: https://repo.maven.apache.org/maven2/jakarta/el/jakarta.el-api/6.0.1/jakarta.el-api-6.0.1.jar (93 kB at 92 kB/s)
[INFO] Downloading from central: https://repo.maven.apache.org/maven2/io/quarkus/quarkus-cyclonedx-generator/3.37.3/quarkus-cyclonedx-generator-3.37.3.jar
[INFO] Downloaded from central: https://repo.maven.apache.org/maven2/jakarta/enterprise/jakarta.enterprise.lang-model/4.1.0/jakarta.enterprise.lang-model-4.1.0.jar (28 kB at 27 kB/s)
[INFO] Downloading from central: https://repo.maven.apache.org/maven2/org/cyclonedx/cyclonedx-core-java/12.2.0/cyclonedx-core-java-12.2.0.jar
[INFO] Downloaded from central: https://repo.maven.apache.org/maven2/org/codejive/java-properties/0.0.7/java-properties-0.0.7.jar (27 kB at 26 kB/s)
[INFO] Downloading from central: https://repo.maven.apache.org/maven2/org/apache/commons/commons-collections4/4.5.0/commons-collections4-4.5.0.jar
[INFO] Downloaded from central: https://repo.maven.apache.org/maven2/io/quarkus/quarkus-analytics-common/3.37.3/quarkus-analytics-common-3.37.3.jar (62 kB at 60 kB/s)
[INFO] Downloading from central: https://repo.maven.apache.org/maven2/com/github/package-url/packageurl-java/1.5.0/packageurl-java-1.5.0.jar
[INFO] Downloaded from central: https://repo.maven.apache.org/maven2/io/quarkus/quarkus-devtools-message-writer/3.37.3/quarkus-devtools-message-writer-3.37.3.jar (13 kB at 12 kB/s)
[INFO] Downloading from central: https://repo.maven.apache.org/maven2/com/fasterxml/jackson/dataformat/jackson-dataformat-xml/2.22.0/jackson-dataformat-xml-2.22.0.jar
[INFO] Downloaded from central: https://repo.maven.apache.org/maven2/io/quarkus/quarkus-cyclonedx-generator/3.37.3/quarkus-cyclonedx-generator-3.37.3.jar (23 kB at 22 kB/s)
[INFO] Downloading from central: https://repo.maven.apache.org/maven2/org/codehaus/woodstox/stax2-api/4.3.0/stax2-api-4.3.0.jar
[INFO] Downloaded from central: https://repo.maven.apache.org/maven2/com/github/package-url/packageurl-java/1.5.0/packageurl-java-1.5.0.jar (17 kB at 16 kB/s)
[INFO] Downloading from central: https://repo.maven.apache.org/maven2/com/fasterxml/woodstox/woodstox-core/7.2.0/woodstox-core-7.2.0.jar
[INFO] Downloaded from central: https://repo.maven.apache.org/maven2/org/apache/commons/commons-collections4/4.5.0/commons-collections4-4.5.0.jar (899 kB at 823 kB/s)
[INFO] Downloading from central: https://repo.maven.apache.org/maven2/com/networknt/json-schema-validator/2.0.1/json-schema-validator-2.0.1.jar
[INFO] Downloaded from central: https://repo.maven.apache.org/maven2/com/fasterxml/jackson/dataformat/jackson-dataformat-xml/2.22.0/jackson-dataformat-xml-2.22.0.jar (136 kB at 124 kB/s)
[INFO] Downloading from central: https://repo.maven.apache.org/maven2/com/ethlo/time/itu/1.14.0/itu-1.14.0.jar
[INFO] Downloaded from central: https://repo.maven.apache.org/maven2/org/codehaus/woodstox/stax2-api/4.3.0/stax2-api-4.3.0.jar (194 kB at 177 kB/s)
[INFO] Downloading from central: https://repo.maven.apache.org/maven2/org/freemarker/freemarker/2.3.34/freemarker-2.3.34.jar
[INFO] Downloaded from central: https://repo.maven.apache.org/maven2/com/ethlo/time/itu/1.14.0/itu-1.14.0.jar (58 kB at 51 kB/s)
[INFO] Downloading from central: https://repo.maven.apache.org/maven2/org/eclipse/parsson/parsson/1.1.9/parsson-1.1.9.jar
[INFO] Downloaded from central: https://repo.maven.apache.org/maven2/com/networknt/json-schema-validator/2.0.1/json-schema-validator-2.0.1.jar (577 kB at 508 kB/s)
[INFO] Downloading from central: https://repo.maven.apache.org/maven2/com/fasterxml/jackson/core/jackson-databind/2.22.0/jackson-databind-2.22.0.jar
[INFO] Downloaded from central: https://repo.maven.apache.org/maven2/org/cyclonedx/cyclonedx-core-java/12.2.0/cyclonedx-core-java-12.2.0.jar (2.7 MB at 2.4 MB/s)
[INFO] Downloading from central: https://repo.maven.apache.org/maven2/com/fasterxml/jackson/core/jackson-annotations/2.22/jackson-annotations-2.22.jar
[INFO] Downloaded from central: https://repo.maven.apache.org/maven2/com/fasterxml/woodstox/woodstox-core/7.2.0/woodstox-core-7.2.0.jar (1.6 MB at 1.4 MB/s)
[INFO] Downloading from central: https://repo.maven.apache.org/maven2/com/fasterxml/jackson/core/jackson-core/2.22.0/jackson-core-2.22.0.jar
[INFO] Downloaded from central: https://repo.maven.apache.org/maven2/org/eclipse/parsson/parsson/1.1.9/parsson-1.1.9.jar (127 kB at 109 kB/s)
[INFO] Downloading from central: https://repo.maven.apache.org/maven2/org/twdata/maven/mojo-executor/2.4.0/mojo-executor-2.4.0.jar
[INFO] Downloaded from central: https://repo.maven.apache.org/maven2/com/fasterxml/jackson/core/jackson-annotations/2.22/jackson-annotations-2.22.jar (84 kB at 72 kB/s)
[INFO] Downloading from central: https://repo.maven.apache.org/maven2/org/codehaus/plexus/plexus-utils/3.6.1/plexus-utils-3.6.1.jar
[INFO] Downloaded from central: https://repo.maven.apache.org/maven2/com/fasterxml/jackson/core/jackson-core/2.22.0/jackson-core-2.22.0.jar (594 kB at 499 kB/s)
[INFO] Downloading from central: https://repo.maven.apache.org/maven2/org/jboss/slf4j/slf4j-jboss-logmanager/2.0.2.Final/slf4j-jboss-logmanager-2.0.2.Final.jar
[INFO] Downloaded from central: https://repo.maven.apache.org/maven2/org/twdata/maven/mojo-executor/2.4.0/mojo-executor-2.4.0.jar (13 kB at 11 kB/s)
[INFO] Downloaded from central: https://repo.maven.apache.org/maven2/org/freemarker/freemarker/2.3.34/freemarker-2.3.34.jar (1.9 MB at 1.6 MB/s)
[INFO] Downloaded from central: https://repo.maven.apache.org/maven2/com/fasterxml/jackson/core/jackson-databind/2.22.0/jackson-databind-2.22.0.jar (1.7 MB at 1.4 MB/s)
[INFO] Downloaded from central: https://repo.maven.apache.org/maven2/org/codehaus/plexus/plexus-utils/3.6.1/plexus-utils-3.6.1.jar (272 kB at 223 kB/s)
[INFO] Downloaded from central: https://repo.maven.apache.org/maven2/org/jboss/slf4j/slf4j-jboss-logmanager/2.0.2.Final/slf4j-jboss-logmanager-2.0.2.Final.jar (15 kB at 12 kB/s)
[INFO] 
[INFO] ------------< io.quarkus.sample.super-heroes:rest-villains >------------
[INFO] Building Quarkus Sample :: Super-Heroes :: Villains Microservice 1.0
[INFO]   from pom.xml
[INFO] --------------------------------[ jar ]---------------------------------
[INFO] Downloading from central: https://repo.maven.apache.org/maven2/org/apache/maven/plugins/maven-failsafe-plugin/3.5.6/maven-failsafe-plugin-3.5.6.pom
[INFO] Downloaded from central: https://repo.maven.apache.org/maven2/org/apache/maven/plugins/maven-failsafe-plugin/3.5.6/maven-failsafe-plugin-3.5.6.pom (11 kB at 258 kB/s)
[INFO] Downloading from central: https://repo.maven.apache.org/maven2/org/apache/maven/plugins/maven-failsafe-plugin/3.5.6/maven-failsafe-plugin-3.5.6.jar
[INFO] Downloaded from central: https://repo.maven.apache.org/maven2/org/apache/maven/plugins/maven-failsafe-plugin/3.5.6/maven-failsafe-plugin-3.5.6.jar (58 kB at 1.9 MB/s)
[INFO] Downloading from central: https://repo.maven.apache.org/maven2/org/apache/maven/plugins/maven-jar-plugin/3.5.0/maven-jar-plugin-3.5.0.pom
[INFO] Downloaded from central: https://repo.maven.apache.org/maven2/org/apache/maven/plugins/maven-jar-plugin/3.5.0/maven-jar-plugin-3.5.0.pom (7.6 kB at 225 kB/s)
[INFO] Downloading from central: https://repo.maven.apache.org/maven2/org/apache/maven/plugins/maven-jar-plugin/3.5.0/maven-jar-plugin-3.5.0.jar
[INFO] Downloaded from central: https://repo.maven.apache.org/maven2/org/apache/maven/plugins/maven-jar-plugin/3.5.0/maven-jar-plugin-3.5.0.jar (35 kB at 974 kB/s)
[INFO] Downloading from central: https://repo.maven.apache.org/maven2/io/quarkus/quarkus-vertx-http/3.37.3/quarkus-vertx-http-3.37.3.pom
[INFO] Downloaded from central: https://repo.maven.apache.org/maven2/io/quarkus/quarkus-vertx-http/3.37.3/quarkus-vertx-http-3.37.3.pom (5.7 kB at 125 kB/s)
[INFO] Downloading from central: https://repo.maven.apache.org/maven2/io/quarkus/quarkus-vertx-http-parent/3.37.3/quarkus-vertx-http-parent-3.37.3.pom
[INFO] Downloaded from central: https://repo.maven.apache.org/maven2/io/quarkus/quarkus-vertx-http-parent/3.37.3/quarkus-vertx-http-parent-3.37.3.pom (785 B at 18 kB/s)
[INFO] Downloading from central: https://repo.maven.apache.org/maven2/io/quarkus/quarkus-ide-launcher/3.37.3/quarkus-ide-launcher-3.37.3.pom
[INFO] Downloaded from central: https://repo.maven.apache.org/maven2/io/quarkus/quarkus-ide-launcher/3.37.3/quarkus-ide-launcher-3.37.3.pom (5.2 kB at 142 kB/s)
[INFO] Downloading from central: https://repo.maven.apache.org/maven2/io/quarkus/quarkus-security-runtime-spi/3.37.3/quarkus-security-runtime-spi-3.37.3.pom
[INFO] Downloaded from central: https://repo.maven.apache.org/maven2/io/quarkus/quarkus-security-runtime-spi/3.37.3/quarkus-security-runtime-spi-3.37.3.pom (1.7 kB at 48 kB/s)
[INFO] Downloading from central: https://repo.maven.apache.org/maven2/io/quarkus/quarkus-security-parent/3.37.3/quarkus-security-parent-3.37.3.pom
[INFO] Downloaded from central: https://repo.maven.apache.org/maven2/io/quarkus/quarkus-security-parent/3.37.3/quarkus-security-parent-3.37.3.pom (840 B at 22 kB/s)
[INFO] Downloading from central: https://repo.maven.apache.org/maven2/io/quarkus/security/quarkus-security/2.3.2/quarkus-security-2.3.2.pom
[INFO] Downloaded from central: https://repo.maven.apache.org/maven2/io/quarkus/security/quarkus-security/2.3.2/quarkus-security-2.3.2.pom (4.5 kB at 122 kB/s)
[INFO] Downloading from central: https://repo.maven.apache.org/maven2/io/quarkus/quarkus-tls-registry/3.37.3/quarkus-tls-registry-3.37.3.pom
[INFO] Downloaded from central: https://repo.maven.apache.org/maven2/io/quarkus/quarkus-tls-registry/3.37.3/quarkus-tls-registry-3.37.3.pom (2.8 kB at 73 kB/s)
[INFO] Downloading from central: https://repo.maven.apache.org/maven2/io/quarkus/quarkus-tls-registry-parent/3.37.3/quarkus-tls-registry-parent-3.37.3.pom
[INFO] Downloaded from central: https://repo.maven.apache.org/maven2/io/quarkus/quarkus-tls-registry-parent/3.37.3/quarkus-tls-registry-parent-3.37.3.pom (846 B at 21 kB/s)
[INFO] Downloading from central: https://repo.maven.apache.org/maven2/io/quarkus/quarkus-tls-registry-spi/3.37.3/quarkus-tls-registry-spi-3.37.3.pom
[INFO] Downloaded from central: https://repo.maven.apache.org/maven2/io/quarkus/quarkus-tls-registry-spi/3.37.3/quarkus-tls-registry-spi-3.37.3.pom (1.0 kB at 28 kB/s)
[INFO] Downloading from central: https://repo.maven.apache.org/maven2/io/quarkus/arc/arc/3.37.3/arc-3.37.3.pom
[INFO] Downloaded from central: https://repo.maven.apache.org/maven2/io/quarkus/arc/arc/3.37.3/arc-3.37.3.pom (2.1 kB at 50 kB/s)
[INFO] Downloading from central: https://repo.maven.apache.org/maven2/io/quarkus/arc/arc-parent/3.37.3/arc-parent-3.37.3.pom
[INFO] Downloaded from central: https://repo.maven.apache.org/maven2/io/quarkus/arc/arc-parent/3.37.3/arc-parent-3.37.3.pom (16 kB at 406 kB/s)
[INFO] Downloading from central: https://repo.maven.apache.org/maven2/org/jetbrains/kotlinx/kotlinx-coroutines-bom/1.11.0/kotlinx-coroutines-bom-1.11.0.pom
[INFO] Downloaded from central: https://repo.maven.apache.org/maven2/org/jetbrains/kotlinx/kotlinx-coroutines-bom/1.11.0/kotlinx-coroutines-bom-1.11.0.pom (4.3 kB at 110 kB/s)
[INFO] Downloading from central: https://repo.maven.apache.org/maven2/io/quarkus/quarkus-vertx/3.37.3/quarkus-vertx-3.37.3.pom
[INFO] Downloaded from central: https://repo.maven.apache.org/maven2/io/quarkus/quarkus-vertx/3.37.3/quarkus-vertx-3.37.3.pom (5.0 kB at 136 kB/s)
[INFO] Downloading from central: https://repo.maven.apache.org/maven2/io/quarkus/quarkus-vertx-parent/3.37.3/quarkus-vertx-parent-3.37.3.pom
[INFO] Downloaded from central: https://repo.maven.apache.org/maven2/io/quarkus/quarkus-vertx-parent/3.37.3/quarkus-vertx-parent-3.37.3.pom (853 B at 24 kB/s)
[INFO] Downloading from central: https://repo.maven.apache.org/maven2/io/quarkus/quarkus-arc/3.37.3/quarkus-arc-3.37.3.pom
[INFO] Downloaded from central: https://repo.maven.apache.org/maven2/io/quarkus/quarkus-arc/3.37.3/quarkus-arc-3.37.3.pom (2.5 kB at 57 kB/s)
[INFO] Downloading from central: https://repo.maven.apache.org/maven2/io/quarkus/quarkus-arc-parent/3.37.3/quarkus-arc-parent-3.37.3.pom
[INFO] Downloaded from central: https://repo.maven.apache.org/maven2/io/quarkus/quarkus-arc-parent/3.37.3/quarkus-arc-parent-3.37.3.pom (858 B at 22 kB/s)
[INFO] Downloading from central: https://repo.maven.apache.org/maven2/org/eclipse/microprofile/context-propagation/microprofile-context-propagation-api/1.3/microprofile-context-propagation-api-1.3.pom
[INFO] Downloaded from central: https://repo.maven.apache.org/maven2/org/eclipse/microprofile/context-propagation/microprofile-context-propagation-api/1.3/microprofile-context-propagation-api-1.3.pom (6.4 kB at 161 kB/s)
[INFO] Downloading from central: https://repo.maven.apache.org/maven2/org/eclipse/microprofile/context-propagation/microprofile-context-propagation-parent/1.3/microprofile-context-propagation-parent-1.3.pom
[INFO] Downloaded from central: https://repo.maven.apache.org/maven2/org/eclipse/microprofile/context-propagation/microprofile-context-propagation-parent/1.3/microprofile-context-propagation-parent-1.3.pom (37 kB at 884 kB/s)
[INFO] Downloading from central: https://repo.maven.apache.org/maven2/io/quarkus/quarkus-netty/3.37.3/quarkus-netty-3.37.3.pom
[INFO] Downloaded from central: https://repo.maven.apache.org/maven2/io/quarkus/quarkus-netty/3.37.3/quarkus-netty-3.37.3.pom (3.4 kB at 78 kB/s)
[INFO] Downloading from central: https://repo.maven.apache.org/maven2/io/quarkus/quarkus-netty-parent/3.37.3/quarkus-netty-parent-3.37.3.pom
[INFO] Downloaded from central: https://repo.maven.apache.org/maven2/io/quarkus/quarkus-netty-parent/3.37.3/quarkus-netty-parent-3.37.3.pom (734 B at 18 kB/s)
[INFO] Downloading from central: https://repo.maven.apache.org/maven2/io/netty/netty-codec/4.1.135.Final/netty-codec-4.1.135.Final.pom
[INFO] Downloaded from central: https://repo.maven.apache.org/maven2/io/netty/netty-codec/4.1.135.Final/netty-codec-4.1.135.Final.pom (6.1 kB at 164 kB/s)
[INFO] Downloading from central: https://repo.maven.apache.org/maven2/io/netty/netty-parent/4.1.135.Final/netty-parent-4.1.135.Final.pom
[INFO] Downloaded from central: https://repo.maven.apache.org/maven2/io/netty/netty-parent/4.1.135.Final/netty-parent-4.1.135.Final.pom (101 kB at 2.5 MB/s)
[INFO] Downloading from central: https://repo.maven.apache.org/maven2/io/netty/netty-common/4.1.135.Final/netty-common-4.1.135.Final.pom
[INFO] Downloaded from central: https://repo.maven.apache.org/maven2/io/netty/netty-common/4.1.135.Final/netty-common-4.1.135.Final.pom (10 kB at 240 kB/s)
[INFO] Downloading from central: https://repo.maven.apache.org/maven2/io/netty/netty-buffer/4.1.135.Final/netty-buffer-4.1.135.Final.pom
[INFO] Downloaded from central: https://repo.maven.apache.org/maven2/io/netty/netty-buffer/4.1.135.Final/netty-buffer-4.1.135.Final.pom (2.2 kB at 58 kB/s)
[INFO] Downloading from central: https://repo.maven.apache.org/maven2/io/netty/netty-transport/4.1.135.Final/netty-transport-4.1.135.Final.pom
[INFO] Downloaded from central: https://repo.maven.apache.org/maven2/io/netty/netty-transport/4.1.135.Final/netty-transport-4.1.135.Final.pom (2.9 kB at 75 kB/s)
[INFO] Downloading from central: https://repo.maven.apache.org/maven2/io/netty/netty-resolver/4.1.135.Final/netty-resolver-4.1.135.Final.pom
[INFO] Downloaded from central: https://repo.maven.apache.org/maven2/io/netty/netty-resolver/4.1.135.Final/netty-resolver-4.1.135.Final.pom (2.2 kB at 56 kB/s)
[INFO] Downloading from central: https://repo.maven.apache.org/maven2/io/netty/netty-codec-http/4.1.135.Final/netty-codec-http-4.1.135.Final.pom
[INFO] Downloaded from central: https://repo.maven.apache.org/maven2/io/netty/netty-codec-http/4.1.135.Final/netty-codec-http-4.1.135.Final.pom (5.0 kB at 124 kB/s)
[INFO] Downloading from central: https://repo.maven.apache.org/maven2/io/netty/netty-handler/4.1.135.Final/netty-handler-4.1.135.Final.pom
[INFO] Downloaded from central: https://repo.maven.apache.org/maven2/io/netty/netty-handler/4.1.135.Final/netty-handler-4.1.135.Final.pom (5.4 kB at 132 kB/s)
[INFO] Downloading from central: https://repo.maven.apache.org/maven2/io/netty/netty-transport-native-unix-common/4.1.135.Final/netty-transport-native-unix-common-4.1.135.Final.pom
[INFO] Downloaded from central: https://repo.maven.apache.org/maven2/io/netty/netty-transport-native-unix-common/4.1.135.Final/netty-transport-native-unix-common-4.1.135.Final.pom (34 kB at 911 kB/s)
[INFO] Downloading from central: https://repo.maven.apache.org/maven2/io/netty/netty-codec-http2/4.1.135.Final/netty-codec-http2-4.1.135.Final.pom
[INFO] Downloaded from central: https://repo.maven.apache.org/maven2/io/netty/netty-codec-http2/4.1.135.Final/netty-codec-http2-4.1.135.Final.pom (6.5 kB at 177 kB/s)
[INFO] Downloading from central: https://repo.maven.apache.org/maven2/io/netty/netty-codec-haproxy/4.1.135.Final/netty-codec-haproxy-4.1.135.Final.pom
[INFO] Downloaded from central: https://repo.maven.apache.org/maven2/io/netty/netty-codec-haproxy/4.1.135.Final/netty-codec-haproxy-4.1.135.Final.pom (3.0 kB at 79 kB/s)
[INFO] Downloading from central: https://repo.maven.apache.org/maven2/io/smallrye/common/smallrye-common-vertx-context/2.18.1/smallrye-common-vertx-context-2.18.1.pom
[INFO] Downloaded from central: https://repo.maven.apache.org/maven2/io/smallrye/common/smallrye-common-vertx-context/2.18.1/smallrye-common-vertx-context-2.18.1.pom (2.7 kB at 68 kB/s)
[INFO] Downloading from central: https://repo.maven.apache.org/maven2/io/vertx/vertx-core/4.5.28/vertx-core-4.5.28.pom
[INFO] Downloaded from central: https://repo.maven.apache.org/maven2/io/vertx/vertx-core/4.5.28/vertx-core-4.5.28.pom (39 kB at 898 kB/s)
[INFO] Downloading from central: https://repo.maven.apache.org/maven2/io/vertx/vertx-parent/22/vertx-parent-22.pom
[INFO] Downloaded from central: https://repo.maven.apache.org/maven2/io/vertx/vertx-parent/22/vertx-parent-22.pom (17 kB at 410 kB/s)
[INFO] Downloading from central: https://repo.maven.apache.org/maven2/io/vertx/vertx-dependencies/4.5.28/vertx-dependencies-4.5.28.pom
[INFO] Downloaded from central: https://repo.maven.apache.org/maven2/io/vertx/vertx-dependencies/4.5.28/vertx-dependencies-4.5.28.pom (34 kB at 864 kB/s)
[INFO] Downloading from central: https://repo.maven.apache.org/maven2/io/netty/netty-bom/4.1.135.Final/netty-bom-4.1.135.Final.pom
[INFO] Downloaded from central: https://repo.maven.apache.org/maven2/io/netty/netty-bom/4.1.135.Final/netty-bom-4.1.135.Final.pom (15 kB at 360 kB/s)
[INFO] Downloading from central: https://repo.maven.apache.org/maven2/com/fasterxml/jackson/jackson-bom/2.21.4/jackson-bom-2.21.4.pom
[INFO] Downloaded from central: https://repo.maven.apache.org/maven2/com/fasterxml/jackson/jackson-bom/2.21.4/jackson-bom-2.21.4.pom (20 kB at 547 kB/s)
[INFO] Downloading from central: https://repo.maven.apache.org/maven2/io/netty/netty-handler-proxy/4.1.135.Final/netty-handler-proxy-4.1.135.Final.pom
[INFO] Downloaded from central: https://repo.maven.apache.org/maven2/io/netty/netty-handler-proxy/4.1.135.Final/netty-handler-proxy-4.1.135.Final.pom (4.2 kB at 109 kB/s)
[INFO] Downloading from central: https://repo.maven.apache.org/maven2/io/netty/netty-codec-socks/4.1.135.Final/netty-codec-socks-4.1.135.Final.pom
[INFO] Downloaded from central: https://repo.maven.apache.org/maven2/io/netty/netty-codec-socks/4.1.135.Final/netty-codec-socks-4.1.135.Final.pom (3.1 kB at 77 kB/s)
[INFO] Downloading from central: https://repo.maven.apache.org/maven2/io/netty/netty-resolver-dns/4.1.135.Final/netty-resolver-dns-4.1.135.Final.pom
[INFO] Downloaded from central: https://repo.maven.apache.org/maven2/io/netty/netty-resolver-dns/4.1.135.Final/netty-resolver-dns-4.1.135.Final.pom (3.8 kB at 101 kB/s)
[INFO] Downloading from central: https://repo.maven.apache.org/maven2/io/netty/netty-codec-dns/4.1.135.Final/netty-codec-dns-4.1.135.Final.pom
[INFO] Downloaded from central: https://repo.maven.apache.org/maven2/io/netty/netty-codec-dns/4.1.135.Final/netty-codec-dns-4.1.135.Final.pom (3.3 kB at 87 kB/s)
[INFO] Downloading from central: https://repo.maven.apache.org/maven2/io/netty/netty-tcnative-classes/2.0.77.Final/netty-tcnative-classes-2.0.77.Final.pom
[INFO] Downloaded from central: https://repo.maven.apache.org/maven2/io/netty/netty-tcnative-classes/2.0.77.Final/netty-tcnative-classes-2.0.77.Final.pom (2.0 kB at 49 kB/s)
[INFO] Downloading from central: https://repo.maven.apache.org/maven2/io/netty/netty-tcnative-parent/2.0.77.Final/netty-tcnative-parent-2.0.77.Final.pom
[INFO] Downloaded from central: https://repo.maven.apache.org/maven2/io/netty/netty-tcnative-parent/2.0.77.Final/netty-tcnative-parent-2.0.77.Final.pom (44 kB at 1.1 MB/s)
[INFO] Downloading from central: https://repo.maven.apache.org/maven2/io/quarkus/quarkus-mutiny/3.37.3/quarkus-mutiny-3.37.3.pom
[INFO] Downloaded from central: https://repo.maven.apache.org/maven2/io/quarkus/quarkus-mutiny/3.37.3/quarkus-mutiny-3.37.3.pom (3.0 kB at 72 kB/s)
[INFO] Downloading from central: https://repo.maven.apache.org/maven2/io/quarkus/quarkus-mutiny-parent/3.37.3/quarkus-mutiny-parent-3.37.3.pom
[INFO] Downloaded from central: https://repo.maven.apache.org/maven2/io/quarkus/quarkus-mutiny-parent/3.37.3/quarkus-mutiny-parent-3.37.3.pom (734 B at 17 kB/s)
[INFO] Downloading from central: https://repo.maven.apache.org/maven2/io/quarkus/quarkus-smallrye-context-propagation/3.37.3/quarkus-smallrye-context-propagation-3.37.3.pom
[INFO] Downloaded from central: https://repo.maven.apache.org/maven2/io/quarkus/quarkus-smallrye-context-propagation/3.37.3/quarkus-smallrye-context-propagation-3.37.3.pom (2.6 kB at 61 kB/s)
[INFO] Downloading from central: https://repo.maven.apache.org/maven2/io/quarkus/quarkus-smallrye-context-propagation-parent/3.37.3/quarkus-smallrye-context-propagation-parent-3.37.3.pom
[INFO] Downloaded from central: https://repo.maven.apache.org/maven2/io/quarkus/quarkus-smallrye-context-propagation-parent/3.37.3/quarkus-smallrye-context-propagation-parent-3.37.3.pom (808 B at 19 kB/s)
[INFO] Downloading from central: https://repo.maven.apache.org/maven2/io/smallrye/smallrye-context-propagation/2.3.0/smallrye-context-propagation-2.3.0.pom
[INFO] Downloaded from central: https://repo.maven.apache.org/maven2/io/smallrye/smallrye-context-propagation/2.3.0/smallrye-context-propagation-2.3.0.pom (1.6 kB at 43 kB/s)
[INFO] Downloading from central: https://repo.maven.apache.org/maven2/io/smallrye/smallrye-context-propagation-parent/2.3.0/smallrye-context-propagation-parent-2.3.0.pom
[INFO] Downloaded from central: https://repo.maven.apache.org/maven2/io/smallrye/smallrye-context-propagation-parent/2.3.0/smallrye-context-propagation-parent-2.3.0.pom (8.6 kB at 215 kB/s)
[INFO] Downloading from central: https://repo.maven.apache.org/maven2/io/smallrye/smallrye-parent/46/smallrye-parent-46.pom
[INFO] Downloaded from central: https://repo.maven.apache.org/maven2/io/smallrye/smallrye-parent/46/smallrye-parent-46.pom (6.0 kB at 167 kB/s)
[INFO] Downloading from central: https://repo.maven.apache.org/maven2/io/smallrye/smallrye-context-propagation-api/2.3.0/smallrye-context-propagation-api-2.3.0.pom
[INFO] Downloaded from central: https://repo.maven.apache.org/maven2/io/smallrye/smallrye-context-propagation-api/2.3.0/smallrye-context-propagation-api-2.3.0.pom (967 B at 27 kB/s)
[INFO] Downloading from central: https://repo.maven.apache.org/maven2/io/smallrye/smallrye-context-propagation-storage/2.3.0/smallrye-context-propagation-storage-2.3.0.pom
[INFO] Downloaded from central: https://repo.maven.apache.org/maven2/io/smallrye/smallrye-context-propagation-storage/2.3.0/smallrye-context-propagation-storage-2.3.0.pom (1.1 kB at 27 kB/s)
[INFO] Downloading from central: https://repo.maven.apache.org/maven2/io/smallrye/reactive/mutiny-smallrye-context-propagation/3.2.1/mutiny-smallrye-context-propagation-3.2.1.pom
[INFO] Downloaded from central: https://repo.maven.apache.org/maven2/io/smallrye/reactive/mutiny-smallrye-context-propagation/3.2.1/mutiny-smallrye-context-propagation-3.2.1.pom (3.7 kB at 89 kB/s)
[INFO] Downloading from central: https://repo.maven.apache.org/maven2/io/quarkus/quarkus-virtual-threads/3.37.3/quarkus-virtual-threads-3.37.3.pom
[INFO] Downloaded from central: https://repo.maven.apache.org/maven2/io/quarkus/quarkus-virtual-threads/3.37.3/quarkus-virtual-threads-3.37.3.pom (2.8 kB at 75 kB/s)
[INFO] Downloading from central: https://repo.maven.apache.org/maven2/io/quarkus/quarkus-virtual-threads-parent/3.37.3/quarkus-virtual-threads-parent-3.37.3.pom
[INFO] Downloaded from central: https://repo.maven.apache.org/maven2/io/quarkus/quarkus-virtual-threads-parent/3.37.3/quarkus-virtual-threads-parent-3.37.3.pom (753 B at 19 kB/s)
[INFO] Downloading from central: https://repo.maven.apache.org/maven2/io/quarkus/quarkus-vertx-latebound-mdc-provider/3.37.3/quarkus-vertx-latebound-mdc-provider-3.37.3.pom
[INFO] Downloaded from central: https://repo.maven.apache.org/maven2/io/quarkus/quarkus-vertx-latebound-mdc-provider/3.37.3/quarkus-vertx-latebound-mdc-provider-3.37.3.pom (850 B at 22 kB/s)
[INFO] Downloading from central: https://repo.maven.apache.org/maven2/io/smallrye/reactive/smallrye-mutiny-vertx-core/3.22.2/smallrye-mutiny-vertx-core-3.22.2.pom
[INFO] Downloaded from central: https://repo.maven.apache.org/maven2/io/smallrye/reactive/smallrye-mutiny-vertx-core/3.22.2/smallrye-mutiny-vertx-core-3.22.2.pom (6.8 kB at 185 kB/s)
[INFO] Downloading from central: https://repo.maven.apache.org/maven2/io/smallrye/reactive/vertx-mutiny-clients/3.22.2/vertx-mutiny-clients-3.22.2.pom
[INFO] Downloaded from central: https://repo.maven.apache.org/maven2/io/smallrye/reactive/vertx-mutiny-clients/3.22.2/vertx-mutiny-clients-3.22.2.pom (6.8 kB at 174 kB/s)
[INFO] Downloading from central: https://repo.maven.apache.org/maven2/io/smallrye/reactive/smallrye-mutiny-vertx-bindings-projects/3.22.2/smallrye-mutiny-vertx-bindings-projects-3.22.2.pom
[INFO] Downloaded from central: https://repo.maven.apache.org/maven2/io/smallrye/reactive/smallrye-mutiny-vertx-bindings-projects/3.22.2/smallrye-mutiny-vertx-bindings-projects-3.22.2.pom (17 kB at 487 kB/s)
[INFO] Downloading from central: https://repo.maven.apache.org/maven2/io/vertx/vertx-dependencies/4.5.26/vertx-dependencies-4.5.26.pom
[INFO] Downloaded from central: https://repo.maven.apache.org/maven2/io/vertx/vertx-dependencies/4.5.26/vertx-dependencies-4.5.26.pom (34 kB at 910 kB/s)
[INFO] Downloading from central: https://repo.maven.apache.org/maven2/io/netty/netty-bom/4.1.132.Final/netty-bom-4.1.132.Final.pom
[INFO] Downloaded from central: https://repo.maven.apache.org/maven2/io/netty/netty-bom/4.1.132.Final/netty-bom-4.1.132.Final.pom (15 kB at 378 kB/s)
[INFO] Downloading from central: https://repo.maven.apache.org/maven2/com/fasterxml/jackson/jackson-bom/2.18.6/jackson-bom-2.18.6.pom
[INFO] Downloaded from central: https://repo.maven.apache.org/maven2/com/fasterxml/jackson/jackson-bom/2.18.6/jackson-bom-2.18.6.pom (19 kB at 456 kB/s)
[INFO] Downloading from central: https://repo.maven.apache.org/maven2/com/fasterxml/jackson/jackson-parent/2.18.4/jackson-parent-2.18.4.pom
[INFO] Downloaded from central: https://repo.maven.apache.org/maven2/com/fasterxml/jackson/jackson-parent/2.18.4/jackson-parent-2.18.4.pom (7.2 kB at 194 kB/s)
[INFO] Downloading from central: https://repo.maven.apache.org/maven2/com/fasterxml/oss-parent/69/oss-parent-69.pom
[INFO] Downloaded from central: https://repo.maven.apache.org/maven2/com/fasterxml/oss-parent/69/oss-parent-69.pom (24 kB at 639 kB/s)
[INFO] Downloading from central: https://repo.maven.apache.org/maven2/org/testcontainers/testcontainers-bom/1.21.4/testcontainers-bom-1.21.4.pom
[INFO] Downloaded from central: https://repo.maven.apache.org/maven2/org/testcontainers/testcontainers-bom/1.21.4/testcontainers-bom-1.21.4.pom (12 kB at 350 kB/s)
[INFO] Downloading from central: https://repo.maven.apache.org/maven2/io/smallrye/reactive/smallrye-mutiny-vertx-runtime/3.22.2/smallrye-mutiny-vertx-runtime-3.22.2.pom
[INFO] Downloaded from central: https://repo.maven.apache.org/maven2/io/smallrye/reactive/smallrye-mutiny-vertx-runtime/3.22.2/smallrye-mutiny-vertx-runtime-3.22.2.pom (1.4 kB at 38 kB/s)
[INFO] Downloading from central: https://repo.maven.apache.org/maven2/io/smallrye/smallrye-fault-tolerance-vertx/6.11.1/smallrye-fault-tolerance-vertx-6.11.1.pom
[INFO] Downloaded from central: https://repo.maven.apache.org/maven2/io/smallrye/smallrye-fault-tolerance-vertx/6.11.1/smallrye-fault-tolerance-vertx-6.11.1.pom (3.9 kB at 110 kB/s)
[INFO] Downloading from central: https://repo.maven.apache.org/maven2/io/smallrye/smallrye-fault-tolerance-implementation-parent/6.11.1/smallrye-fault-tolerance-implementation-parent-6.11.1.pom
[INFO] Downloaded from central: https://repo.maven.apache.org/maven2/io/smallrye/smallrye-fault-tolerance-implementation-parent/6.11.1/smallrye-fault-tolerance-implementation-parent-6.11.1.pom (1.7 kB at 42 kB/s)
[INFO] Downloading from central: https://repo.maven.apache.org/maven2/io/smallrye/smallrye-fault-tolerance-parent/6.11.1/smallrye-fault-tolerance-parent-6.11.1.pom
[INFO] Downloaded from central: https://repo.maven.apache.org/maven2/io/smallrye/smallrye-fault-tolerance-parent/6.11.1/smallrye-fault-tolerance-parent-6.11.1.pom (21 kB at 560 kB/s)
[INFO] Downloading from central: https://repo.maven.apache.org/maven2/io/smallrye/smallrye-build-parent/45/smallrye-build-parent-45.pom
[INFO] Downloaded from central: https://repo.maven.apache.org/maven2/io/smallrye/smallrye-build-parent/45/smallrye-build-parent-45.pom (63 kB at 1.6 MB/s)
[INFO] Downloading from central: https://repo.maven.apache.org/maven2/io/quarkus/quarkus-credentials/3.37.3/quarkus-credentials-3.37.3.pom
[INFO] Downloaded from central: https://repo.maven.apache.org/maven2/io/quarkus/quarkus-credentials/3.37.3/quarkus-credentials-3.37.3.pom (742 B at 20 kB/s)
[INFO] Downloading from central: https://repo.maven.apache.org/maven2/io/quarkus/quarkus-credentials-parent/3.37.3/quarkus-credentials-parent-3.37.3.pom
[INFO] Downloaded from central: https://repo.maven.apache.org/maven2/io/quarkus/quarkus-credentials-parent/3.37.3/quarkus-credentials-parent-3.37.3.pom (745 B at 20 kB/s)
[INFO] Downloading from central: https://repo.maven.apache.org/maven2/io/smallrye/certs/smallrye-private-key-pem-parser/0.9.3/smallrye-private-key-pem-parser-0.9.3.pom
[INFO] Downloaded from central: https://repo.maven.apache.org/maven2/io/smallrye/certs/smallrye-private-key-pem-parser/0.9.3/smallrye-private-key-pem-parser-0.9.3.pom (2.5 kB at 60 kB/s)
[INFO] Downloading from central: https://repo.maven.apache.org/maven2/io/smallrye/certs/smallrye-certificate-generator-parent/0.9.3/smallrye-certificate-generator-parent-0.9.3.pom
[INFO] Downloaded from central: https://repo.maven.apache.org/maven2/io/smallrye/certs/smallrye-certificate-generator-parent/0.9.3/smallrye-certificate-generator-parent-0.9.3.pom (5.8 kB at 138 kB/s)
[INFO] Downloading from central: https://repo.maven.apache.org/maven2/io/smallrye/reactive/smallrye-mutiny-vertx-web/3.22.2/smallrye-mutiny-vertx-web-3.22.2.pom
[INFO] Downloaded from central: https://repo.maven.apache.org/maven2/io/smallrye/reactive/smallrye-mutiny-vertx-web/3.22.2/smallrye-mutiny-vertx-web-3.22.2.pom (8.0 kB at 211 kB/s)
[INFO] Downloading from central: https://repo.maven.apache.org/maven2/io/vertx/vertx-web/4.5.28/vertx-web-4.5.28.pom
[INFO] Downloaded from central: https://repo.maven.apache.org/maven2/io/vertx/vertx-web/4.5.28/vertx-web-4.5.28.pom (5.1 kB at 125 kB/s)
[INFO] Downloading from central: https://repo.maven.apache.org/maven2/io/vertx/vertx-web-parent/4.5.28/vertx-web-parent-4.5.28.pom
[INFO] Downloaded from central: https://repo.maven.apache.org/maven2/io/vertx/vertx-web-parent/4.5.28/vertx-web-parent-4.5.28.pom (3.3 kB at 88 kB/s)
[INFO] Downloading from central: https://repo.maven.apache.org/maven2/io/vertx/vertx-ext-parent/42/vertx-ext-parent-42.pom
[INFO] Downloaded from central: https://repo.maven.apache.org/maven2/io/vertx/vertx-ext-parent/42/vertx-ext-parent-42.pom (7.9 kB at 207 kB/s)
[INFO] Downloading from central: https://repo.maven.apache.org/maven2/io/vertx/vertx-ext/42/vertx-ext-42.pom
[INFO] Downloaded from central: https://repo.maven.apache.org/maven2/io/vertx/vertx-ext/42/vertx-ext-42.pom (1.7 kB at 42 kB/s)
[INFO] Downloading from central: https://repo.maven.apache.org/maven2/io/vertx/vertx-web-common/4.5.28/vertx-web-common-4.5.28.pom
[INFO] Downloaded from central: https://repo.maven.apache.org/maven2/io/vertx/vertx-web-common/4.5.28/vertx-web-common-4.5.28.pom (522 B at 14 kB/s)
[INFO] Downloading from central: https://repo.maven.apache.org/maven2/io/vertx/vertx-auth-common/4.5.28/vertx-auth-common-4.5.28.pom
[INFO] Downloaded from central: https://repo.maven.apache.org/maven2/io/vertx/vertx-auth-common/4.5.28/vertx-auth-common-4.5.28.pom (2.0 kB at 48 kB/s)
[INFO] Downloading from central: https://repo.maven.apache.org/maven2/io/vertx/vertx-auth-parent/4.5.28/vertx-auth-parent-4.5.28.pom
[INFO] Downloaded from central: https://repo.maven.apache.org/maven2/io/vertx/vertx-auth-parent/4.5.28/vertx-auth-parent-4.5.28.pom (3.0 kB at 71 kB/s)
[INFO] Downloading from central: https://repo.maven.apache.org/maven2/io/vertx/vertx-bridge-common/4.5.28/vertx-bridge-common-4.5.28.pom
[INFO] Downloaded from central: https://repo.maven.apache.org/maven2/io/vertx/vertx-bridge-common/4.5.28/vertx-bridge-common-4.5.28.pom (3.8 kB at 98 kB/s)
[INFO] Downloading from central: https://repo.maven.apache.org/maven2/io/smallrye/reactive/smallrye-mutiny-vertx-web-common/3.22.2/smallrye-mutiny-vertx-web-common-3.22.2.pom
[INFO] Downloaded from central: https://repo.maven.apache.org/maven2/io/smallrye/reactive/smallrye-mutiny-vertx-web-common/3.22.2/smallrye-mutiny-vertx-web-common-3.22.2.pom (4.7 kB at 128 kB/s)
[INFO] Downloading from central: https://repo.maven.apache.org/maven2/io/smallrye/reactive/smallrye-mutiny-vertx-auth-common/3.22.2/smallrye-mutiny-vertx-auth-common-3.22.2.pom
[INFO] Downloaded from central: https://repo.maven.apache.org/maven2/io/smallrye/reactive/smallrye-mutiny-vertx-auth-common/3.22.2/smallrye-mutiny-vertx-auth-common-3.22.2.pom (4.7 kB at 125 kB/s)
[INFO] Downloading from central: https://repo.maven.apache.org/maven2/io/smallrye/reactive/smallrye-mutiny-vertx-bridge-common/3.22.2/smallrye-mutiny-vertx-bridge-common-3.22.2.pom
[INFO] Downloaded from central: https://repo.maven.apache.org/maven2/io/smallrye/reactive/smallrye-mutiny-vertx-bridge-common/3.22.2/smallrye-mutiny-vertx-bridge-common-3.22.2.pom (4.7 kB at 125 kB/s)
[INFO] Downloading from central: https://repo.maven.apache.org/maven2/io/smallrye/reactive/smallrye-mutiny-vertx-uri-template/3.22.2/smallrye-mutiny-vertx-uri-template-3.22.2.pom
[INFO] Downloaded from central: https://repo.maven.apache.org/maven2/io/smallrye/reactive/smallrye-mutiny-vertx-uri-template/3.22.2/smallrye-mutiny-vertx-uri-template-3.22.2.pom (4.9 kB at 121 kB/s)
[INFO] Downloading from central: https://repo.maven.apache.org/maven2/io/vertx/vertx-uri-template/4.5.28/vertx-uri-template-4.5.28.pom
[INFO] Downloaded from central: https://repo.maven.apache.org/maven2/io/vertx/vertx-uri-template/4.5.28/vertx-uri-template-4.5.28.pom (3.5 kB at 76 kB/s)
[INFO] Downloading from central: https://repo.maven.apache.org/maven2/com/aayushatharva/brotli4j/brotli4j/1.23.0/brotli4j-1.23.0.pom
[INFO] Downloaded from central: https://repo.maven.apache.org/maven2/com/aayushatharva/brotli4j/brotli4j/1.23.0/brotli4j-1.23.0.pom (8.9 kB at 222 kB/s)
[INFO] Downloading from central: https://repo.maven.apache.org/maven2/com/aayushatharva/brotli4j/brotli4j-parent/1.23.0/brotli4j-parent-1.23.0.pom
[INFO] Downloaded from central: https://repo.maven.apache.org/maven2/com/aayushatharva/brotli4j/brotli4j-parent/1.23.0/brotli4j-parent-1.23.0.pom (8.0 kB at 200 kB/s)
[INFO] Downloading from central: https://repo.maven.apache.org/maven2/com/aayushatharva/brotli4j/service/1.23.0/service-1.23.0.pom
[INFO] Downloaded from central: https://repo.maven.apache.org/maven2/com/aayushatharva/brotli4j/service/1.23.0/service-1.23.0.pom (2.0 kB at 51 kB/s)
[INFO] Downloading from central: https://repo.maven.apache.org/maven2/com/aayushatharva/brotli4j/native-linux-x86_64/1.23.0/native-linux-x86_64-1.23.0.pom
[INFO] Downloaded from central: https://repo.maven.apache.org/maven2/com/aayushatharva/brotli4j/native-linux-x86_64/1.23.0/native-linux-x86_64-1.23.0.pom (4.7 kB at 122 kB/s)
[INFO] Downloading from central: https://repo.maven.apache.org/maven2/com/aayushatharva/brotli4j/natives/1.23.0/natives-1.23.0.pom
[INFO] Downloaded from central: https://repo.maven.apache.org/maven2/com/aayushatharva/brotli4j/natives/1.23.0/natives-1.23.0.pom (6.1 kB at 162 kB/s)
[INFO] Downloading from central: https://repo.maven.apache.org/maven2/io/quarkus/quarkus-rest-jackson/3.37.3/quarkus-rest-jackson-3.37.3.pom
[INFO] Downloaded from central: https://repo.maven.apache.org/maven2/io/quarkus/quarkus-rest-jackson/3.37.3/quarkus-rest-jackson-3.37.3.pom (2.6 kB at 67 kB/s)
[INFO] Downloading from central: https://repo.maven.apache.org/maven2/io/quarkus/quarkus-rest-jackson-parent/3.37.3/quarkus-rest-jackson-parent-3.37.3.pom
[INFO] Downloaded from central: https://repo.maven.apache.org/maven2/io/quarkus/quarkus-rest-jackson-parent/3.37.3/quarkus-rest-jackson-parent-3.37.3.pom (752 B at 19 kB/s)
[INFO] Downloading from central: https://repo.maven.apache.org/maven2/io/quarkus/quarkus-rest-parent-aggregator/3.37.3/quarkus-rest-parent-aggregator-3.37.3.pom
[INFO] Downloaded from central: https://repo.maven.apache.org/maven2/io/quarkus/quarkus-rest-parent-aggregator/3.37.3/quarkus-rest-parent-aggregator-3.37.3.pom (1.6 kB at 38 kB/s)
[INFO] Downloading from central: https://repo.maven.apache.org/maven2/io/quarkus/quarkus-rest/3.37.3/quarkus-rest-3.37.3.pom
[INFO] Downloaded from central: https://repo.maven.apache.org/maven2/io/quarkus/quarkus-rest/3.37.3/quarkus-rest-3.37.3.pom (3.6 kB at 88 kB/s)
[INFO] Downloading from central: https://repo.maven.apache.org/maven2/io/quarkus/quarkus-rest-parent/3.37.3/quarkus-rest-parent-3.37.3.pom
[INFO] Downloaded from central: https://repo.maven.apache.org/maven2/io/quarkus/quarkus-rest-parent/3.37.3/quarkus-rest-parent-3.37.3.pom (813 B at 19 kB/s)
[INFO] Downloading from central: https://repo.maven.apache.org/maven2/io/quarkus/quarkus-rest-common/3.37.3/quarkus-rest-common-3.37.3.pom
[INFO] Downloaded from central: https://repo.maven.apache.org/maven2/io/quarkus/quarkus-rest-common/3.37.3/quarkus-rest-common-3.37.3.pom (2.4 kB at 59 kB/s)
[INFO] Downloading from central: https://repo.maven.apache.org/maven2/io/quarkus/quarkus-rest-common-parent/3.37.3/quarkus-rest-common-parent-3.37.3.pom
[INFO] Downloaded from central: https://repo.maven.apache.org/maven2/io/quarkus/quarkus-rest-common-parent/3.37.3/quarkus-rest-common-parent-3.37.3.pom (792 B at 19 kB/s)
[INFO] Downloading from central: https://repo.maven.apache.org/maven2/io/quarkus/resteasy/reactive/resteasy-reactive-common/3.37.3/resteasy-reactive-common-3.37.3.pom
[INFO] Downloaded from central: https://repo.maven.apache.org/maven2/io/quarkus/resteasy/reactive/resteasy-reactive-common/3.37.3/resteasy-reactive-common-3.37.3.pom (2.3 kB at 60 kB/s)
[INFO] Downloading from central: https://repo.maven.apache.org/maven2/io/quarkus/resteasy/reactive/resteasy-reactive-common-parent/3.37.3/resteasy-reactive-common-parent-3.37.3.pom
[INFO] Downloaded from central: https://repo.maven.apache.org/maven2/io/quarkus/resteasy/reactive/resteasy-reactive-common-parent/3.37.3/resteasy-reactive-common-parent-3.37.3.pom (764 B at 19 kB/s)
[INFO] Downloading from central: https://repo.maven.apache.org/maven2/io/quarkus/resteasy/reactive/resteasy-reactive-parent/3.37.3/resteasy-reactive-parent-3.37.3.pom
[INFO] Downloaded from central: https://repo.maven.apache.org/maven2/io/quarkus/resteasy/reactive/resteasy-reactive-parent/3.37.3/resteasy-reactive-parent-3.37.3.pom (28 kB at 618 kB/s)
[INFO] Downloading from central: https://repo.maven.apache.org/maven2/io/smallrye/stork/stork-bom/2.7.9/stork-bom-2.7.9.pom
[INFO] Downloaded from central: https://repo.maven.apache.org/maven2/io/smallrye/stork/stork-bom/2.7.9/stork-bom-2.7.9.pom (7.0 kB at 184 kB/s)
[INFO] Downloading from central: https://repo.maven.apache.org/maven2/io/quarkus/resteasy/reactive/resteasy-reactive-common-types/3.37.3/resteasy-reactive-common-types-3.37.3.pom
[INFO] Downloaded from central: https://repo.maven.apache.org/maven2/io/quarkus/resteasy/reactive/resteasy-reactive-common-types/3.37.3/resteasy-reactive-common-types-3.37.3.pom (790 B at 21 kB/s)
[INFO] Downloading from central: https://repo.maven.apache.org/maven2/jakarta/ws/rs/jakarta.ws.rs-api/3.1.0/jakarta.ws.rs-api-3.1.0.pom
[INFO] Downloaded from central: https://repo.maven.apache.org/maven2/jakarta/ws/rs/jakarta.ws.rs-api/3.1.0/jakarta.ws.rs-api-3.1.0.pom (18 kB at 452 kB/s)
[INFO] Downloading from central: https://repo.maven.apache.org/maven2/jakarta/ws/rs/all/3.1.0/all-3.1.0.pom
[INFO] Downloaded from central: https://repo.maven.apache.org/maven2/jakarta/ws/rs/all/3.1.0/all-3.1.0.pom (2.8 kB at 71 kB/s)
[INFO] Downloading from central: https://repo.maven.apache.org/maven2/io/smallrye/reactive/mutiny-zero-flow-adapters/1.2.1/mutiny-zero-flow-adapters-1.2.1.pom
[INFO] Downloaded from central: https://repo.maven.apache.org/maven2/io/smallrye/reactive/mutiny-zero-flow-adapters/1.2.1/mutiny-zero-flow-adapters-1.2.1.pom (2.4 kB at 65 kB/s)
[INFO] Downloading from central: https://repo.maven.apache.org/maven2/io/smallrye/reactive/mutiny-zero-parent/1.2.1/mutiny-zero-parent-1.2.1.pom
[INFO] Downloaded from central: https://repo.maven.apache.org/maven2/io/smallrye/reactive/mutiny-zero-parent/1.2.1/mutiny-zero-parent-1.2.1.pom (11 kB at 269 kB/s)
[INFO] Downloading from central: https://repo.maven.apache.org/maven2/io/quarkus/quarkus-jsonp/3.37.3/quarkus-jsonp-3.37.3.pom
[INFO] Downloaded from central: https://repo.maven.apache.org/maven2/io/quarkus/quarkus-jsonp/3.37.3/quarkus-jsonp-3.37.3.pom (2.7 kB at 68 kB/s)
[INFO] Downloading from central: https://repo.maven.apache.org/maven2/io/quarkus/quarkus-jsonp-parent/3.37.3/quarkus-jsonp-parent-3.37.3.pom
[INFO] Downloaded from central: https://repo.maven.apache.org/maven2/io/quarkus/quarkus-jsonp-parent/3.37.3/quarkus-jsonp-parent-3.37.3.pom (733 B at 18 kB/s)
[INFO] Downloading from central: https://repo.maven.apache.org/maven2/io/quarkus/resteasy/reactive/resteasy-reactive-vertx/3.37.3/resteasy-reactive-vertx-3.37.3.pom
[INFO] Downloaded from central: https://repo.maven.apache.org/maven2/io/quarkus/resteasy/reactive/resteasy-reactive-vertx/3.37.3/resteasy-reactive-vertx-3.37.3.pom (4.2 kB at 86 kB/s)
[INFO] Downloading from central: https://repo.maven.apache.org/maven2/io/quarkus/resteasy/reactive/resteasy-reactive-server-parent/3.37.3/resteasy-reactive-server-parent-3.37.3.pom
[INFO] Downloaded from central: https://repo.maven.apache.org/maven2/io/quarkus/resteasy/reactive/resteasy-reactive-server-parent/3.37.3/resteasy-reactive-server-parent-3.37.3.pom (828 B at 24 kB/s)
[INFO] Downloading from central: https://repo.maven.apache.org/maven2/io/quarkus/resteasy/reactive/resteasy-reactive/3.37.3/resteasy-reactive-3.37.3.pom
[INFO] Downloaded from central: https://repo.maven.apache.org/maven2/io/quarkus/resteasy/reactive/resteasy-reactive/3.37.3/resteasy-reactive-3.37.3.pom (1.9 kB at 50 kB/s)
[INFO] Downloading from central: https://repo.maven.apache.org/maven2/io/quarkus/vertx/utils/quarkus-vertx-utils/3.37.3/quarkus-vertx-utils-3.37.3.pom
[INFO] Downloaded from central: https://repo.maven.apache.org/maven2/io/quarkus/vertx/utils/quarkus-vertx-utils/3.37.3/quarkus-vertx-utils-3.37.3.pom (1.3 kB at 36 kB/s)
[INFO] Downloading from central: https://repo.maven.apache.org/maven2/jakarta/xml/bind/jakarta.xml.bind-api/4.0.5/jakarta.xml.bind-api-4.0.5.pom
[INFO] Downloaded from central: https://repo.maven.apache.org/maven2/jakarta/xml/bind/jakarta.xml.bind-api/4.0.5/jakarta.xml.bind-api-4.0.5.pom (13 kB at 265 kB/s)
[INFO] Downloading from central: https://repo.maven.apache.org/maven2/jakarta/xml/bind/jakarta.xml.bind-api-parent/4.0.5/jakarta.xml.bind-api-parent-4.0.5.pom
[INFO] Downloaded from central: https://repo.maven.apache.org/maven2/jakarta/xml/bind/jakarta.xml.bind-api-parent/4.0.5/jakarta.xml.bind-api-parent-4.0.5.pom (9.1 kB at 254 kB/s)
[INFO] Downloading from central: https://repo.maven.apache.org/maven2/jakarta/activation/jakarta.activation-api/2.1.4/jakarta.activation-api-2.1.4.pom
[INFO] Downloaded from central: https://repo.maven.apache.org/maven2/jakarta/activation/jakarta.activation-api/2.1.4/jakarta.activation-api-2.1.4.pom (19 kB at 452 kB/s)
[INFO] Downloading from central: https://repo.maven.apache.org/maven2/io/quarkus/quarkus-rest-jackson-common/3.37.3/quarkus-rest-jackson-common-3.37.3.pom
[INFO] Downloaded from central: https://repo.maven.apache.org/maven2/io/quarkus/quarkus-rest-jackson-common/3.37.3/quarkus-rest-jackson-common-3.37.3.pom (2.3 kB at 58 kB/s)
[INFO] Downloading from central: https://repo.maven.apache.org/maven2/io/quarkus/quarkus-rest-jackson-common-parent/3.37.3/quarkus-rest-jackson-common-parent-3.37.3.pom
[INFO] Downloaded from central: https://repo.maven.apache.org/maven2/io/quarkus/quarkus-rest-jackson-common-parent/3.37.3/quarkus-rest-jackson-common-parent-3.37.3.pom (771 B at 21 kB/s)
[INFO] Downloading from central: https://repo.maven.apache.org/maven2/io/quarkus/resteasy/reactive/resteasy-reactive-jackson/3.37.3/resteasy-reactive-jackson-3.37.3.pom
[INFO] Downloaded from central: https://repo.maven.apache.org/maven2/io/quarkus/resteasy/reactive/resteasy-reactive-jackson/3.37.3/resteasy-reactive-jackson-3.37.3.pom (2.6 kB at 68 kB/s)
[INFO] Downloading from central: https://repo.maven.apache.org/maven2/io/quarkus/quarkus-jackson/3.37.3/quarkus-jackson-3.37.3.pom
[INFO] Downloaded from central: https://repo.maven.apache.org/maven2/io/quarkus/quarkus-jackson/3.37.3/quarkus-jackson-3.37.3.pom (3.0 kB at 66 kB/s)
[INFO] Downloading from central: https://repo.maven.apache.org/maven2/io/quarkus/quarkus-jackson-parent/3.37.3/quarkus-jackson-parent-3.37.3.pom
[INFO] Downloaded from central: https://repo.maven.apache.org/maven2/io/quarkus/quarkus-jackson-parent/3.37.3/quarkus-jackson-parent-3.37.3.pom (766 B at 20 kB/s)
[INFO] Downloading from central: https://repo.maven.apache.org/maven2/com/fasterxml/jackson/datatype/jackson-datatype-jsr310/2.22.0/jackson-datatype-jsr310-2.22.0.pom
[INFO] Downloaded from central: https://repo.maven.apache.org/maven2/com/fasterxml/jackson/datatype/jackson-datatype-jsr310/2.22.0/jackson-datatype-jsr310-2.22.0.pom (5.3 kB at 167 kB/s)
[INFO] Downloading from central: https://repo.maven.apache.org/maven2/com/fasterxml/jackson/module/jackson-module-parameter-names/2.22.0/jackson-module-parameter-names-2.22.0.pom
[INFO] Downloaded from central: https://repo.maven.apache.org/maven2/com/fasterxml/jackson/module/jackson-module-parameter-names/2.22.0/jackson-module-parameter-names-2.22.0.pom (4.2 kB at 102 kB/s)
[INFO] Downloading from central: https://repo.maven.apache.org/maven2/io/quarkus/quarkus-hibernate-orm-panache/3.37.3/quarkus-hibernate-orm-panache-3.37.3.pom
[INFO] Downloaded from central: https://repo.maven.apache.org/maven2/io/quarkus/quarkus-hibernate-orm-panache/3.37.3/quarkus-hibernate-orm-panache-3.37.3.pom (3.7 kB at 100 kB/s)
[INFO] Downloading from central: https://repo.maven.apache.org/maven2/io/quarkus/quarkus-hibernate-orm-panache-parent/3.37.3/quarkus-hibernate-orm-panache-parent-3.37.3.pom
[INFO] Downloaded from central: https://repo.maven.apache.org/maven2/io/quarkus/quarkus-hibernate-orm-panache-parent/3.37.3/quarkus-hibernate-orm-panache-parent-3.37.3.pom (761 B at 19 kB/s)
[INFO] Downloading from central: https://repo.maven.apache.org/maven2/io/quarkus/quarkus-panache-parent/3.37.3/quarkus-panache-parent-3.37.3.pom
[INFO] Downloaded from central: https://repo.maven.apache.org/maven2/io/quarkus/quarkus-panache-parent/3.37.3/quarkus-panache-parent-3.37.3.pom (1.5 kB at 38 kB/s)
[INFO] Downloading from central: https://repo.maven.apache.org/maven2/io/quarkus/quarkus-hibernate-orm/3.37.3/quarkus-hibernate-orm-3.37.3.pom
[INFO] Downloaded from central: https://repo.maven.apache.org/maven2/io/quarkus/quarkus-hibernate-orm/3.37.3/quarkus-hibernate-orm-3.37.3.pom (6.6 kB at 169 kB/s)
[INFO] Downloading from central: https://repo.maven.apache.org/maven2/io/quarkus/quarkus-hibernate-orm-parent/3.37.3/quarkus-hibernate-orm-parent-3.37.3.pom
[INFO] Downloaded from central: https://repo.maven.apache.org/maven2/io/quarkus/quarkus-hibernate-orm-parent/3.37.3/quarkus-hibernate-orm-parent-3.37.3.pom (6.8 kB at 154 kB/s)
[INFO] Downloading from central: https://repo.maven.apache.org/maven2/io/quarkus/quarkus-agroal/3.37.3/quarkus-agroal-3.37.3.pom
[INFO] Downloaded from central: https://repo.maven.apache.org/maven2/io/quarkus/quarkus-agroal/3.37.3/quarkus-agroal-3.37.3.pom (4.8 kB at 129 kB/s)
[INFO] Downloading from central: https://repo.maven.apache.org/maven2/io/quarkus/quarkus-agroal-parent/3.37.3/quarkus-agroal-parent-3.37.3.pom
[INFO] Downloaded from central: https://repo.maven.apache.org/maven2/io/quarkus/quarkus-agroal-parent/3.37.3/quarkus-agroal-parent-3.37.3.pom (800 B at 20 kB/s)
[INFO] Downloading from central: https://repo.maven.apache.org/maven2/io/quarkus/quarkus-datasource/3.37.3/quarkus-datasource-3.37.3.pom
[INFO] Downloaded from central: https://repo.maven.apache.org/maven2/io/quarkus/quarkus-datasource/3.37.3/quarkus-datasource-3.37.3.pom (3.2 kB at 83 kB/s)
[INFO] Downloading from central: https://repo.maven.apache.org/maven2/io/quarkus/quarkus-datasource-parent/3.37.3/quarkus-datasource-parent-3.37.3.pom
[INFO] Downloaded from central: https://repo.maven.apache.org/maven2/io/quarkus/quarkus-datasource-parent/3.37.3/quarkus-datasource-parent-3.37.3.pom (851 B at 20 kB/s)
[INFO] Downloading from central: https://repo.maven.apache.org/maven2/io/quarkus/quarkus-datasource-common/3.37.3/quarkus-datasource-common-3.37.3.pom
[INFO] Downloaded from central: https://repo.maven.apache.org/maven2/io/quarkus/quarkus-datasource-common/3.37.3/quarkus-datasource-common-3.37.3.pom (1.1 kB at 28 kB/s)
[INFO] Downloading from central: https://repo.maven.apache.org/maven2/io/quarkus/quarkus-devservices/3.37.3/quarkus-devservices-3.37.3.pom
[INFO] Downloaded from central: https://repo.maven.apache.org/maven2/io/quarkus/quarkus-devservices/3.37.3/quarkus-devservices-3.37.3.pom (2.2 kB at 53 kB/s)
[INFO] Downloading from central: https://repo.maven.apache.org/maven2/io/quarkus/quarkus-devservices-parent/3.37.3/quarkus-devservices-parent-3.37.3.pom
[INFO] Downloaded from central: https://repo.maven.apache.org/maven2/io/quarkus/quarkus-devservices-parent/3.37.3/quarkus-devservices-parent-3.37.3.pom (1.2 kB at 30 kB/s)
[INFO] Downloading from central: https://repo.maven.apache.org/maven2/io/quarkus/quarkus-narayana-jta/3.37.3/quarkus-narayana-jta-3.37.3.pom
[INFO] Downloaded from central: https://repo.maven.apache.org/maven2/io/quarkus/quarkus-narayana-jta/3.37.3/quarkus-narayana-jta-3.37.3.pom (6.0 kB at 149 kB/s)
[INFO] Downloading from central: https://repo.maven.apache.org/maven2/io/quarkus/quarkus-narayana-jta-parent/3.37.3/quarkus-narayana-jta-parent-3.37.3.pom
[INFO] Downloaded from central: https://repo.maven.apache.org/maven2/io/quarkus/quarkus-narayana-jta-parent/3.37.3/quarkus-narayana-jta-parent-3.37.3.pom (746 B at 21 kB/s)
[INFO] Downloading from central: https://repo.maven.apache.org/maven2/io/quarkus/quarkus-transaction-annotations/3.37.3/quarkus-transaction-annotations-3.37.3.pom
[INFO] Downloaded from central: https://repo.maven.apache.org/maven2/io/quarkus/quarkus-transaction-annotations/3.37.3/quarkus-transaction-annotations-3.37.3.pom (778 B at 19 kB/s)
[INFO] Downloading from central: https://repo.maven.apache.org/maven2/io/quarkus/quarkus-transaction-annotations-parent/3.37.3/quarkus-transaction-annotations-parent-3.37.3.pom
[INFO] Downloaded from central: https://repo.maven.apache.org/maven2/io/quarkus/quarkus-transaction-annotations-parent/3.37.3/quarkus-transaction-annotations-parent-3.37.3.pom (732 B at 18 kB/s)
[INFO] Downloading from central: https://repo.maven.apache.org/maven2/io/smallrye/smallrye-context-propagation-jta/2.3.0/smallrye-context-propagation-jta-2.3.0.pom
[INFO] Downloaded from central: https://repo.maven.apache.org/maven2/io/smallrye/smallrye-context-propagation-jta/2.3.0/smallrye-context-propagation-jta-2.3.0.pom (1.1 kB at 25 kB/s)
[INFO] Downloading from central: https://repo.maven.apache.org/maven2/io/smallrye/reactive/smallrye-reactive-converter-api/3.0.3/smallrye-reactive-converter-api-3.0.3.pom
[INFO] Downloaded from central: https://repo.maven.apache.org/maven2/io/smallrye/reactive/smallrye-reactive-converter-api/3.0.3/smallrye-reactive-converter-api-3.0.3.pom (2.1 kB at 56 kB/s)
[INFO] Downloading from central: https://repo.maven.apache.org/maven2/io/smallrye/reactive/smallrye-reactive-converters/3.0.3/smallrye-reactive-converters-3.0.3.pom
[INFO] Downloaded from central: https://repo.maven.apache.org/maven2/io/smallrye/reactive/smallrye-reactive-converters/3.0.3/smallrye-reactive-converters-3.0.3.pom (1.7 kB at 46 kB/s)
[INFO] Downloading from central: https://repo.maven.apache.org/maven2/io/smallrye/reactive/smallrye-reactive-converters-projects/3.0.3/smallrye-reactive-converters-projects-3.0.3.pom
[INFO] Downloaded from central: https://repo.maven.apache.org/maven2/io/smallrye/reactive/smallrye-reactive-converters-projects/3.0.3/smallrye-reactive-converters-projects-3.0.3.pom (6.8 kB at 174 kB/s)
[INFO] Downloading from central: https://repo.maven.apache.org/maven2/io/smallrye/smallrye-parent/40/smallrye-parent-40.pom
[INFO] Downloaded from central: https://repo.maven.apache.org/maven2/io/smallrye/smallrye-parent/40/smallrye-parent-40.pom (6.0 kB at 154 kB/s)
[INFO] Downloading from central: https://repo.maven.apache.org/maven2/io/smallrye/smallrye-build-parent/40/smallrye-build-parent-40.pom
[INFO] Downloaded from central: https://repo.maven.apache.org/maven2/io/smallrye/smallrye-build-parent/40/smallrye-build-parent-40.pom (29 kB at 733 kB/s)
[INFO] Downloading from central: https://repo.maven.apache.org/maven2/io/smallrye/reactive/smallrye-reactive-converter-mutiny/3.0.3/smallrye-reactive-converter-mutiny-3.0.3.pom
[INFO] Downloaded from central: https://repo.maven.apache.org/maven2/io/smallrye/reactive/smallrye-reactive-converter-mutiny/3.0.3/smallrye-reactive-converter-mutiny-3.0.3.pom (1.6 kB at 40 kB/s)
[INFO] Downloading from central: https://repo.maven.apache.org/maven2/org/jboss/narayana/jta/narayana-jta/7.3.4.Final/narayana-jta-7.3.4.Final.pom
[INFO] Downloaded from central: https://repo.maven.apache.org/maven2/org/jboss/narayana/jta/narayana-jta/7.3.4.Final/narayana-jta-7.3.4.Final.pom (13 kB at 337 kB/s)
[INFO] Downloading from central: https://repo.maven.apache.org/maven2/org/jboss/narayana/jta/narayana-jta-all/7.3.4.Final/narayana-jta-all-7.3.4.Final.pom
[INFO] Downloaded from central: https://repo.maven.apache.org/maven2/org/jboss/narayana/jta/narayana-jta-all/7.3.4.Final/narayana-jta-all-7.3.4.Final.pom (1.8 kB at 45 kB/s)
[INFO] Downloading from central: https://repo.maven.apache.org/maven2/org/jboss/narayana/narayana-all/7.3.4.Final/narayana-all-7.3.4.Final.pom
[INFO] Downloaded from central: https://repo.maven.apache.org/maven2/org/jboss/narayana/narayana-all/7.3.4.Final/narayana-all-7.3.4.Final.pom (32 kB at 827 kB/s)
[INFO] Downloading from central: https://repo.maven.apache.org/maven2/org/jboss/narayana/main-dependency-management/7.3.4.Final/main-dependency-management-7.3.4.Final.pom
[INFO] Downloaded from central: https://repo.maven.apache.org/maven2/org/jboss/narayana/main-dependency-management/7.3.4.Final/main-dependency-management-7.3.4.Final.pom (27 kB at 703 kB/s)
[INFO] Downloading from central: https://repo.maven.apache.org/maven2/org/jboss/jboss-transaction-spi/8.0.0.Final/jboss-transaction-spi-8.0.0.Final.pom
[INFO] Downloaded from central: https://repo.maven.apache.org/maven2/org/jboss/jboss-transaction-spi/8.0.0.Final/jboss-transaction-spi-8.0.0.Final.pom (4.6 kB at 135 kB/s)
[INFO] Downloading from central: https://repo.maven.apache.org/maven2/jakarta/resource/jakarta.resource-api/2.1.0/jakarta.resource-api-2.1.0.pom
[INFO] Downloaded from central: https://repo.maven.apache.org/maven2/jakarta/resource/jakarta.resource-api/2.1.0/jakarta.resource-api-2.1.0.pom (13 kB at 338 kB/s)
[INFO] Downloading from central: https://repo.maven.apache.org/maven2/org/jboss/narayana/jts/narayana-jts-integration/7.3.4.Final/narayana-jts-integration-7.3.4.Final.pom
[INFO] Downloaded from central: https://repo.maven.apache.org/maven2/org/jboss/narayana/jts/narayana-jts-integration/7.3.4.Final/narayana-jts-integration-7.3.4.Final.pom (5.4 kB at 138 kB/s)
[INFO] Downloading from central: https://repo.maven.apache.org/maven2/org/jboss/narayana/jts/narayana-jts-all/7.3.4.Final/narayana-jts-all-7.3.4.Final.pom
[INFO] Downloaded from central: https://repo.maven.apache.org/maven2/org/jboss/narayana/jts/narayana-jts-all/7.3.4.Final/narayana-jts-all-7.3.4.Final.pom (3.1 kB at 79 kB/s)
[INFO] Downloading from central: https://repo.maven.apache.org/maven2/org/jboss/narayana/test-dependency-management/7.3.4.Final/test-dependency-management-7.3.4.Final.pom
[INFO] Downloaded from central: https://repo.maven.apache.org/maven2/org/jboss/narayana/test-dependency-management/7.3.4.Final/test-dependency-management-7.3.4.Final.pom (15 kB at 358 kB/s)
[INFO] Downloading from central: https://repo.maven.apache.org/maven2/io/agroal/agroal-api/3.2.1/agroal-api-3.2.1.pom
[INFO] Downloaded from central: https://repo.maven.apache.org/maven2/io/agroal/agroal-api/3.2.1/agroal-api-3.2.1.pom (1.4 kB at 33 kB/s)
[INFO] Downloading from central: https://repo.maven.apache.org/maven2/io/agroal/agroal-parent/3.2.1/agroal-parent-3.2.1.pom
[INFO] Downloaded from central: https://repo.maven.apache.org/maven2/io/agroal/agroal-parent/3.2.1/agroal-parent-3.2.1.pom (6.7 kB at 159 kB/s)
[INFO] Downloading from central: https://repo.maven.apache.org/maven2/org/jboss/jboss-parent/53/jboss-parent-53.pom
[INFO] Downloaded from central: https://repo.maven.apache.org/maven2/org/jboss/jboss-parent/53/jboss-parent-53.pom (103 kB at 2.4 MB/s)
[INFO] Downloading from central: https://repo.maven.apache.org/maven2/io/agroal/agroal-narayana/3.2.1/agroal-narayana-3.2.1.pom
[INFO] Downloaded from central: https://repo.maven.apache.org/maven2/io/agroal/agroal-narayana/3.2.1/agroal-narayana-3.2.1.pom (1.5 kB at 39 kB/s)
[INFO] Downloading from central: https://repo.maven.apache.org/maven2/io/agroal/agroal-pool/3.2.1/agroal-pool-3.2.1.pom
[INFO] Downloaded from central: https://repo.maven.apache.org/maven2/io/agroal/agroal-pool/3.2.1/agroal-pool-3.2.1.pom (2.2 kB at 53 kB/s)
[INFO] Downloading from central: https://repo.maven.apache.org/maven2/org/hibernate/orm/hibernate-core/7.4.4.Final/hibernate-core-7.4.4.Final.pom
[INFO] Downloaded from central: https://repo.maven.apache.org/maven2/org/hibernate/orm/hibernate-core/7.4.4.Final/hibernate-core-7.4.4.Final.pom (5.6 kB at 152 kB/s)
[INFO] Downloading from central: https://repo.maven.apache.org/maven2/org/hibernate/orm/hibernate-platform/7.4.4.Final/hibernate-platform-7.4.4.Final.pom
[INFO] Downloaded from central: https://repo.maven.apache.org/maven2/org/hibernate/orm/hibernate-platform/7.4.4.Final/hibernate-platform-7.4.4.Final.pom (11 kB at 285 kB/s)
[INFO] Downloading from central: https://repo.maven.apache.org/maven2/jakarta/persistence/jakarta.persistence-api/3.2.0/jakarta.persistence-api-3.2.0.pom
[INFO] Downloaded from central: https://repo.maven.apache.org/maven2/jakarta/persistence/jakarta.persistence-api/3.2.0/jakarta.persistence-api-3.2.0.pom (16 kB at 396 kB/s)
[INFO] Downloading from central: https://repo.maven.apache.org/maven2/org/hibernate/models/hibernate-models/1.1.1/hibernate-models-1.1.1.pom
[INFO] Downloaded from central: https://repo.maven.apache.org/maven2/org/hibernate/models/hibernate-models/1.1.1/hibernate-models-1.1.1.pom (2.1 kB at 57 kB/s)
[INFO] Downloading from central: https://repo.maven.apache.org/maven2/org/glassfish/jaxb/jaxb-runtime/4.0.9/jaxb-runtime-4.0.9.pom
[INFO] Downloaded from central: https://repo.maven.apache.org/maven2/org/glassfish/jaxb/jaxb-runtime/4.0.9/jaxb-runtime-4.0.9.pom (11 kB at 273 kB/s)
[INFO] Downloading from central: https://repo.maven.apache.org/maven2/org/glassfish/jaxb/jaxb-runtime-parent/4.0.9/jaxb-runtime-parent-4.0.9.pom
[INFO] Downloaded from central: https://repo.maven.apache.org/maven2/org/glassfish/jaxb/jaxb-runtime-parent/4.0.9/jaxb-runtime-parent-4.0.9.pom (1.3 kB at 36 kB/s)
[INFO] Downloading from central: https://repo.maven.apache.org/maven2/org/glassfish/jaxb/jaxb-parent/4.0.9/jaxb-parent-4.0.9.pom
[INFO] Downloaded from central: https://repo.maven.apache.org/maven2/org/glassfish/jaxb/jaxb-parent/4.0.9/jaxb-parent-4.0.9.pom (35 kB at 1.0 MB/s)
[INFO] Downloading from central: https://repo.maven.apache.org/maven2/org/glassfish/jaxb/jaxb-bom-ext/4.0.9/jaxb-bom-ext-4.0.9.pom
[INFO] Downloaded from central: https://repo.maven.apache.org/maven2/org/glassfish/jaxb/jaxb-bom-ext/4.0.9/jaxb-bom-ext-4.0.9.pom (3.6 kB at 91 kB/s)
[INFO] Downloading from central: https://repo.maven.apache.org/maven2/org/glassfish/jaxb/jaxb-bom/4.0.9/jaxb-bom-4.0.9.pom
[INFO] Downloaded from central: https://repo.maven.apache.org/maven2/org/glassfish/jaxb/jaxb-bom/4.0.9/jaxb-bom-4.0.9.pom (13 kB at 328 kB/s)
[INFO] Downloading from central: https://repo.maven.apache.org/maven2/org/eclipse/ee4j/project/2.0.4/project-2.0.4.pom
[INFO] Downloaded from central: https://repo.maven.apache.org/maven2/org/eclipse/ee4j/project/2.0.4/project-2.0.4.pom (27 kB at 682 kB/s)
[INFO] Downloading from central: https://repo.maven.apache.org/maven2/org/glassfish/jaxb/jaxb-core/4.0.9/jaxb-core-4.0.9.pom
[INFO] Downloaded from central: https://repo.maven.apache.org/maven2/org/glassfish/jaxb/jaxb-core/4.0.9/jaxb-core-4.0.9.pom (3.8 kB at 100 kB/s)
[INFO] Downloading from central: https://repo.maven.apache.org/maven2/org/eclipse/angus/angus-activation/2.0.3/angus-activation-2.0.3.pom
[INFO] Downloaded from central: https://repo.maven.apache.org/maven2/org/eclipse/angus/angus-activation/2.0.3/angus-activation-2.0.3.pom (4.0 kB at 102 kB/s)
[INFO] Downloading from central: https://repo.maven.apache.org/maven2/org/eclipse/angus/angus-activation-project/2.0.3/angus-activation-project-2.0.3.pom
[INFO] Downloaded from central: https://repo.maven.apache.org/maven2/org/eclipse/angus/angus-activation-project/2.0.3/angus-activation-project-2.0.3.pom (21 kB at 550 kB/s)
[INFO] Downloading from central: https://repo.maven.apache.org/maven2/org/glassfish/jaxb/txw2/4.0.9/txw2-4.0.9.pom
[INFO] Downloaded from central: https://repo.maven.apache.org/maven2/org/glassfish/jaxb/txw2/4.0.9/txw2-4.0.9.pom (1.9 kB at 49 kB/s)
[INFO] Downloading from central: https://repo.maven.apache.org/maven2/org/glassfish/jaxb/jaxb-txw-parent/4.0.9/jaxb-txw-parent-4.0.9.pom
[INFO] Downloaded from central: https://repo.maven.apache.org/maven2/org/glassfish/jaxb/jaxb-txw-parent/4.0.9/jaxb-txw-parent-4.0.9.pom (1.3 kB at 33 kB/s)
[INFO] Downloading from central: https://repo.maven.apache.org/maven2/org/hibernate/orm/hibernate-graalvm/7.4.4.Final/hibernate-graalvm-7.4.4.Final.pom
[INFO] Downloaded from central: https://repo.maven.apache.org/maven2/org/hibernate/orm/hibernate-graalvm/7.4.4.Final/hibernate-graalvm-7.4.4.Final.pom (2.9 kB at 83 kB/s)
[INFO] Downloading from central: https://repo.maven.apache.org/maven2/org/hibernate/local-cache/quarkus-local-cache/0.5.0/quarkus-local-cache-0.5.0.pom
[INFO] Downloaded from central: https://repo.maven.apache.org/maven2/org/hibernate/local-cache/quarkus-local-cache/0.5.0/quarkus-local-cache-0.5.0.pom (2.6 kB at 50 kB/s)
[INFO] Downloading from central: https://repo.maven.apache.org/maven2/io/quarkus/quarkus-caffeine/3.37.3/quarkus-caffeine-3.37.3.pom
[INFO] Downloaded from central: https://repo.maven.apache.org/maven2/io/quarkus/quarkus-caffeine/3.37.3/quarkus-caffeine-3.37.3.pom (2.1 kB at 52 kB/s)
[INFO] Downloading from central: https://repo.maven.apache.org/maven2/io/quarkus/quarkus-caffeine-parent/3.37.3/quarkus-caffeine-parent-3.37.3.pom
[INFO] Downloaded from central: https://repo.maven.apache.org/maven2/io/quarkus/quarkus-caffeine-parent/3.37.3/quarkus-caffeine-parent-3.37.3.pom (740 B at 19 kB/s)
[INFO] Downloading from central: https://repo.maven.apache.org/maven2/io/quarkus/quarkus-hibernate-orm-panache-common/3.37.3/quarkus-hibernate-orm-panache-common-3.37.3.pom
[INFO] Downloaded from central: https://repo.maven.apache.org/maven2/io/quarkus/quarkus-hibernate-orm-panache-common/3.37.3/quarkus-hibernate-orm-panache-common-3.37.3.pom (1.4 kB at 34 kB/s)
[INFO] Downloading from central: https://repo.maven.apache.org/maven2/io/quarkus/quarkus-hibernate-orm-panache-common-parent/3.37.3/quarkus-hibernate-orm-panache-common-parent-3.37.3.pom
[INFO] Downloaded from central: https://repo.maven.apache.org/maven2/io/quarkus/quarkus-hibernate-orm-panache-common-parent/3.37.3/quarkus-hibernate-orm-panache-common-parent-3.37.3.pom (777 B at 18 kB/s)
[INFO] Downloading from central: https://repo.maven.apache.org/maven2/io/quarkus/quarkus-panache-hibernate-common/3.37.3/quarkus-panache-hibernate-common-3.37.3.pom
[INFO] Downloaded from central: https://repo.maven.apache.org/maven2/io/quarkus/quarkus-panache-hibernate-common/3.37.3/quarkus-panache-hibernate-common-3.37.3.pom (2.2 kB at 62 kB/s)
[INFO] Downloading from central: https://repo.maven.apache.org/maven2/io/quarkus/quarkus-panache-hibernate-common-parent/3.37.3/quarkus-panache-hibernate-common-parent-3.37.3.pom
[INFO] Downloaded from central: https://repo.maven.apache.org/maven2/io/quarkus/quarkus-panache-hibernate-common-parent/3.37.3/quarkus-panache-hibernate-common-parent-3.37.3.pom (766 B at 20 kB/s)
[INFO] Downloading from central: https://repo.maven.apache.org/maven2/io/quarkus/quarkus-panache-common/3.37.3/quarkus-panache-common-3.37.3.pom
[INFO] Downloaded from central: https://repo.maven.apache.org/maven2/io/quarkus/quarkus-panache-common/3.37.3/quarkus-panache-common-3.37.3.pom (1.4 kB at 35 kB/s)
[INFO] Downloading from central: https://repo.maven.apache.org/maven2/io/quarkus/quarkus-panache-common-parent/3.37.3/quarkus-panache-common-parent-3.37.3.pom
[INFO] Downloaded from central: https://repo.maven.apache.org/maven2/io/quarkus/quarkus-panache-common-parent/3.37.3/quarkus-panache-common-parent-3.37.3.pom (744 B at 17 kB/s)
[INFO] Downloading from central: https://repo.maven.apache.org/maven2/io/quarkus/quarkus-hibernate-validator/3.37.3/quarkus-hibernate-validator-3.37.3.pom
[INFO] Downloaded from central: https://repo.maven.apache.org/maven2/io/quarkus/quarkus-hibernate-validator/3.37.3/quarkus-hibernate-validator-3.37.3.pom (5.3 kB at 147 kB/s)
[INFO] Downloading from central: https://repo.maven.apache.org/maven2/org/hibernate/validator/hibernate-validator/9.1.1.Final/hibernate-validator-9.1.1.Final.pom
[INFO] Downloaded from central: https://repo.maven.apache.org/maven2/org/hibernate/validator/hibernate-validator/9.1.1.Final/hibernate-validator-9.1.1.Final.pom (5.0 kB at 144 kB/s)
[INFO] Downloading from central: https://repo.maven.apache.org/maven2/jakarta/validation/jakarta.validation-api/3.1.1/jakarta.validation-api-3.1.1.pom
[INFO] Downloaded from central: https://repo.maven.apache.org/maven2/jakarta/validation/jakarta.validation-api/3.1.1/jakarta.validation-api-3.1.1.pom (11 kB at 256 kB/s)
[INFO] Downloading from central: https://repo.maven.apache.org/maven2/com/fasterxml/classmate/1.7.1/classmate-1.7.1.pom
[INFO] Downloaded from central: https://repo.maven.apache.org/maven2/com/fasterxml/classmate/1.7.1/classmate-1.7.1.pom (6.6 kB at 160 kB/s)
[INFO] Downloading from central: https://repo.maven.apache.org/maven2/org/glassfish/expressly/expressly/6.0.0/expressly-6.0.0.pom
[INFO] Downloaded from central: https://repo.maven.apache.org/maven2/org/glassfish/expressly/expressly/6.0.0/expressly-6.0.0.pom (10 kB at 271 kB/s)
[INFO] Downloading from central: https://repo.maven.apache.org/maven2/io/smallrye/config/smallrye-config-validator/3.17.2/smallrye-config-validator-3.17.2.pom
[INFO] Downloaded from central: https://repo.maven.apache.org/maven2/io/smallrye/config/smallrye-config-validator/3.17.2/smallrye-config-validator-3.17.2.pom (3.4 kB at 86 kB/s)
[INFO] Downloading from central: https://repo.maven.apache.org/maven2/io/quarkus/quarkus-jdbc-postgresql/3.37.3/quarkus-jdbc-postgresql-3.37.3.pom
[INFO] Downloaded from central: https://repo.maven.apache.org/maven2/io/quarkus/quarkus-jdbc-postgresql/3.37.3/quarkus-jdbc-postgresql-3.37.3.pom (3.3 kB at 84 kB/s)
[INFO] Downloading from central: https://repo.maven.apache.org/maven2/io/quarkus/quarkus-jdbc-postgresql-parent/3.37.3/quarkus-jdbc-postgresql-parent-3.37.3.pom
[INFO] Downloaded from central: https://repo.maven.apache.org/maven2/io/quarkus/quarkus-jdbc-postgresql-parent/3.37.3/quarkus-jdbc-postgresql-parent-3.37.3.pom (702 B at 20 kB/s)
[INFO] Downloading from central: https://repo.maven.apache.org/maven2/io/quarkus/quarkus-jdbc-parent/3.37.3/quarkus-jdbc-parent-3.37.3.pom
[INFO] Downloaded from central: https://repo.maven.apache.org/maven2/io/quarkus/quarkus-jdbc-parent/3.37.3/quarkus-jdbc-parent-3.37.3.pom (917 B at 25 kB/s)
[INFO] Downloading from central: https://repo.maven.apache.org/maven2/org/postgresql/postgresql/42.7.13/postgresql-42.7.13.pom
[INFO] Downloaded from central: https://repo.maven.apache.org/maven2/org/postgresql/postgresql/42.7.13/postgresql-42.7.13.pom (2.8 kB at 76 kB/s)
[INFO] Downloading from central: https://repo.maven.apache.org/maven2/io/quarkus/quarkus-smallrye-openapi/3.37.3/quarkus-smallrye-openapi-3.37.3.pom
[INFO] Downloaded from central: https://repo.maven.apache.org/maven2/io/quarkus/quarkus-smallrye-openapi/3.37.3/quarkus-smallrye-openapi-3.37.3.pom (2.9 kB at 75 kB/s)
[INFO] Downloading from central: https://repo.maven.apache.org/maven2/io/quarkus/quarkus-smallrye-openapi-parent/3.37.3/quarkus-smallrye-openapi-parent-3.37.3.pom
[INFO] Downloaded from central: https://repo.maven.apache.org/maven2/io/quarkus/quarkus-smallrye-openapi-parent/3.37.3/quarkus-smallrye-openapi-parent-3.37.3.pom (772 B at 19 kB/s)
[INFO] Downloading from central: https://repo.maven.apache.org/maven2/io/smallrye/smallrye-open-api-core/4.3.3/smallrye-open-api-core-4.3.3.pom
[INFO] Downloaded from central: https://repo.maven.apache.org/maven2/io/smallrye/smallrye-open-api-core/4.3.3/smallrye-open-api-core-4.3.3.pom (9.9 kB at 230 kB/s)
[INFO] Downloading from central: https://repo.maven.apache.org/maven2/io/smallrye/smallrye-open-api-parent/4.3.3/smallrye-open-api-parent-4.3.3.pom
[INFO] Downloaded from central: https://repo.maven.apache.org/maven2/io/smallrye/smallrye-open-api-parent/4.3.3/smallrye-open-api-parent-4.3.3.pom (20 kB at 530 kB/s)
[INFO] Downloading from central: https://repo.maven.apache.org/maven2/jakarta/platform/jakarta.jakartaee-bom/10.0.0/jakarta.jakartaee-bom-10.0.0.pom
[INFO] Downloaded from central: https://repo.maven.apache.org/maven2/jakarta/platform/jakarta.jakartaee-bom/10.0.0/jakarta.jakartaee-bom-10.0.0.pom (14 kB at 365 kB/s)
[INFO] Downloading from central: https://repo.maven.apache.org/maven2/jakarta/platform/jakartaee-api-parent/10.0.0/jakartaee-api-parent-10.0.0.pom
[INFO] Downloaded from central: https://repo.maven.apache.org/maven2/jakarta/platform/jakartaee-api-parent/10.0.0/jakartaee-api-parent-10.0.0.pom (15 kB at 388 kB/s)
[INFO] Downloading from central: https://repo.maven.apache.org/maven2/org/eclipse/jetty/jetty-bom/11.0.24/jetty-bom-11.0.24.pom
[INFO] Downloaded from central: https://repo.maven.apache.org/maven2/org/eclipse/jetty/jetty-bom/11.0.24/jetty-bom-11.0.24.pom (19 kB at 522 kB/s)
[INFO] Downloading from central: https://repo.maven.apache.org/maven2/org/jboss/resteasy/resteasy-bom/7.0.2.Final/resteasy-bom-7.0.2.Final.pom
[INFO] Downloaded from central: https://repo.maven.apache.org/maven2/org/jboss/resteasy/resteasy-bom/7.0.2.Final/resteasy-bom-7.0.2.Final.pom (10 kB at 246 kB/s)
[INFO] Downloading from central: https://repo.maven.apache.org/maven2/org/eclipse/microprofile/openapi/microprofile-openapi-api/4.1.1/microprofile-openapi-api-4.1.1.pom
[INFO] Downloaded from central: https://repo.maven.apache.org/maven2/org/eclipse/microprofile/openapi/microprofile-openapi-api/4.1.1/microprofile-openapi-api-4.1.1.pom (2.1 kB at 55 kB/s)
[INFO] Downloading from central: https://repo.maven.apache.org/maven2/org/eclipse/microprofile/openapi/microprofile-openapi-parent/4.1.1/microprofile-openapi-parent-4.1.1.pom
[INFO] Downloaded from central: https://repo.maven.apache.org/maven2/org/eclipse/microprofile/openapi/microprofile-openapi-parent/4.1.1/microprofile-openapi-parent-4.1.1.pom (4.4 kB at 102 kB/s)
[INFO] Downloading from central: https://repo.maven.apache.org/maven2/io/smallrye/smallrye-open-api-model/4.3.3/smallrye-open-api-model-4.3.3.pom
[INFO] Downloaded from central: https://repo.maven.apache.org/maven2/io/smallrye/smallrye-open-api-model/4.3.3/smallrye-open-api-model-4.3.3.pom (2.6 kB at 70 kB/s)
[INFO] Downloading from central: https://repo.maven.apache.org/maven2/io/quarkus/quarkus-swagger-ui/3.37.3/quarkus-swagger-ui-3.37.3.pom
[INFO] Downloaded from central: https://repo.maven.apache.org/maven2/io/quarkus/quarkus-swagger-ui/3.37.3/quarkus-swagger-ui-3.37.3.pom (2.1 kB at 54 kB/s)
[INFO] Downloading from central: https://repo.maven.apache.org/maven2/io/quarkus/quarkus-swagger-ui-parent/3.37.3/quarkus-swagger-ui-parent-3.37.3.pom
[INFO] Downloaded from central: https://repo.maven.apache.org/maven2/io/quarkus/quarkus-swagger-ui-parent/3.37.3/quarkus-swagger-ui-parent-3.37.3.pom (744 B at 17 kB/s)
[INFO] Downloading from central: https://repo.maven.apache.org/maven2/io/quarkiverse/openapi/generator/quarkus-openapi-generator-server/2.21.0/quarkus-openapi-generator-server-2.21.0.pom
[INFO] Downloaded from central: https://repo.maven.apache.org/maven2/io/quarkiverse/openapi/generator/quarkus-openapi-generator-server/2.21.0/quarkus-openapi-generator-server-2.21.0.pom (3.7 kB at 84 kB/s)
[INFO] Downloading from central: https://repo.maven.apache.org/maven2/io/quarkiverse/openapi/generator/quarkus-openapi-generator-server-parent/2.21.0/quarkus-openapi-generator-server-parent-2.21.0.pom
[INFO] Downloaded from central: https://repo.maven.apache.org/maven2/io/quarkiverse/openapi/generator/quarkus-openapi-generator-server-parent/2.21.0/quarkus-openapi-generator-server-parent-2.21.0.pom (744 B at 18 kB/s)
[INFO] Downloading from central: https://repo.maven.apache.org/maven2/io/quarkiverse/openapi/generator/quarkus-openapi-generator-parent/2.21.0/quarkus-openapi-generator-parent-2.21.0.pom
[INFO] Downloaded from central: https://repo.maven.apache.org/maven2/io/quarkiverse/openapi/generator/quarkus-openapi-generator-parent/2.21.0/quarkus-openapi-generator-parent-2.21.0.pom (6.6 kB at 179 kB/s)
[INFO] Downloading from central: https://repo.maven.apache.org/maven2/io/quarkiverse/quarkiverse-parent/22/quarkiverse-parent-22.pom
[INFO] Downloaded from central: https://repo.maven.apache.org/maven2/io/quarkiverse/quarkiverse-parent/22/quarkiverse-parent-22.pom (23 kB at 653 kB/s)
[INFO] Downloading from central: https://repo.maven.apache.org/maven2/io/quarkus/quarkus-bom/3.33.2/quarkus-bom-3.33.2.pom
[INFO] Downloaded from central: https://repo.maven.apache.org/maven2/io/quarkus/quarkus-bom/3.33.2/quarkus-bom-3.33.2.pom (407 kB at 9.3 MB/s)
[INFO] Downloading from central: https://repo.maven.apache.org/maven2/io/quarkus/quarkus-qute/3.37.3/quarkus-qute-3.37.3.pom
[INFO] Downloaded from central: https://repo.maven.apache.org/maven2/io/quarkus/quarkus-qute/3.37.3/quarkus-qute-3.37.3.pom (3.3 kB at 86 kB/s)
[INFO] Downloading from central: https://repo.maven.apache.org/maven2/io/quarkus/quarkus-qute-parent/3.37.3/quarkus-qute-parent-3.37.3.pom
[INFO] Downloaded from central: https://repo.maven.apache.org/maven2/io/quarkus/quarkus-qute-parent/3.37.3/quarkus-qute-parent-3.37.3.pom (709 B at 19 kB/s)
[INFO] Downloading from central: https://repo.maven.apache.org/maven2/io/quarkus/quarkus-smallrye-health/3.37.3/quarkus-smallrye-health-3.37.3.pom
[INFO] Downloaded from central: https://repo.maven.apache.org/maven2/io/quarkus/quarkus-smallrye-health/3.37.3/quarkus-smallrye-health-3.37.3.pom (3.0 kB at 89 kB/s)
[INFO] Downloading from central: https://repo.maven.apache.org/maven2/io/quarkus/quarkus-smallrye-health-parent/3.37.3/quarkus-smallrye-health-parent-3.37.3.pom
[INFO] Downloaded from central: https://repo.maven.apache.org/maven2/io/quarkus/quarkus-smallrye-health-parent/3.37.3/quarkus-smallrye-health-parent-3.37.3.pom (819 B at 19 kB/s)
[INFO] Downloading from central: https://repo.maven.apache.org/maven2/io/smallrye/smallrye-health/4.3.0/smallrye-health-4.3.0.pom
[INFO] Downloaded from central: https://repo.maven.apache.org/maven2/io/smallrye/smallrye-health/4.3.0/smallrye-health-4.3.0.pom (3.2 kB at 82 kB/s)
[INFO] Downloading from central: https://repo.maven.apache.org/maven2/io/smallrye/smallrye-health-parent/4.3.0/smallrye-health-parent-4.3.0.pom
[INFO] Downloaded from central: https://repo.maven.apache.org/maven2/io/smallrye/smallrye-health-parent/4.3.0/smallrye-health-parent-4.3.0.pom (9.8 kB at 240 kB/s)
[INFO] Downloading from central: https://repo.maven.apache.org/maven2/io/smallrye/smallrye-parent/47/smallrye-parent-47.pom
[INFO] Downloaded from central: https://repo.maven.apache.org/maven2/io/smallrye/smallrye-parent/47/smallrye-parent-47.pom (5.9 kB at 180 kB/s)
[INFO] Downloading from central: https://repo.maven.apache.org/maven2/io/smallrye/smallrye-build-parent/47/smallrye-build-parent-47.pom
[INFO] Downloaded from central: https://repo.maven.apache.org/maven2/io/smallrye/smallrye-build-parent/47/smallrye-build-parent-47.pom (63 kB at 1.6 MB/s)
[INFO] Downloading from central: https://repo.maven.apache.org/maven2/io/smallrye/common/smallrye-common-bom/2.13.9/smallrye-common-bom-2.13.9.pom
[INFO] Downloaded from central: https://repo.maven.apache.org/maven2/io/smallrye/common/smallrye-common-bom/2.13.9/smallrye-common-bom-2.13.9.pom (5.4 kB at 128 kB/s)
[INFO] Downloading from central: https://repo.maven.apache.org/maven2/io/smallrye/testing/smallrye-testing-bom/2.4.1/smallrye-testing-bom-2.4.1.pom
[INFO] Downloaded from central: https://repo.maven.apache.org/maven2/io/smallrye/testing/smallrye-testing-bom/2.4.1/smallrye-testing-bom-2.4.1.pom (4.4 kB at 112 kB/s)
[INFO] Downloading from central: https://repo.maven.apache.org/maven2/io/smallrye/testing/smallrye-testing-parent/2.4.1/smallrye-testing-parent-2.4.1.pom
[INFO] Downloaded from central: https://repo.maven.apache.org/maven2/io/smallrye/testing/smallrye-testing-parent/2.4.1/smallrye-testing-parent-2.4.1.pom (3.8 kB at 110 kB/s)
[INFO] Downloading from central: https://repo.maven.apache.org/maven2/org/eclipse/microprofile/health/microprofile-health-api/4.0.1/microprofile-health-api-4.0.1.pom
[INFO] Downloaded from central: https://repo.maven.apache.org/maven2/org/eclipse/microprofile/health/microprofile-health-api/4.0.1/microprofile-health-api-4.0.1.pom (1.7 kB at 44 kB/s)
[INFO] Downloading from central: https://repo.maven.apache.org/maven2/org/eclipse/microprofile/health/microprofile-health-parent/4.0.1/microprofile-health-parent-4.0.1.pom
[INFO] Downloaded from central: https://repo.maven.apache.org/maven2/org/eclipse/microprofile/health/microprofile-health-parent/4.0.1/microprofile-health-parent-4.0.1.pom (4.2 kB at 125 kB/s)
[INFO] Downloading from central: https://repo.maven.apache.org/maven2/org/eclipse/microprofile/microprofile-parent/2.6/microprofile-parent-2.6.pom
[INFO] Downloaded from central: https://repo.maven.apache.org/maven2/org/eclipse/microprofile/microprofile-parent/2.6/microprofile-parent-2.6.pom (50 kB at 1.3 MB/s)
[INFO] Downloading from central: https://repo.maven.apache.org/maven2/io/smallrye/smallrye-health-api/4.3.0/smallrye-health-api-4.3.0.pom
[INFO] Downloaded from central: https://repo.maven.apache.org/maven2/io/smallrye/smallrye-health-api/4.3.0/smallrye-health-api-4.3.0.pom (1.4 kB at 30 kB/s)
[INFO] Downloading from central: https://repo.maven.apache.org/maven2/io/smallrye/smallrye-health-provided-checks/4.3.0/smallrye-health-provided-checks-4.3.0.pom
[INFO] Downloaded from central: https://repo.maven.apache.org/maven2/io/smallrye/smallrye-health-provided-checks/4.3.0/smallrye-health-provided-checks-4.3.0.pom (1.6 kB at 44 kB/s)
[INFO] Downloading from central: https://repo.maven.apache.org/maven2/org/eclipse/parsson/jakarta.json/1.1.7/jakarta.json-1.1.7.pom
[INFO] Downloaded from central: https://repo.maven.apache.org/maven2/org/eclipse/parsson/jakarta.json/1.1.7/jakarta.json-1.1.7.pom (11 kB at 273 kB/s)
[INFO] Downloading from central: https://repo.maven.apache.org/maven2/org/eclipse/parsson/parsson-bundles/1.1.7/parsson-bundles-1.1.7.pom
[INFO] Downloaded from central: https://repo.maven.apache.org/maven2/org/eclipse/parsson/parsson-bundles/1.1.7/parsson-bundles-1.1.7.pom (1.5 kB at 42 kB/s)
[INFO] Downloading from central: https://repo.maven.apache.org/maven2/org/mapstruct/mapstruct/1.6.3/mapstruct-1.6.3.pom
[INFO] Downloaded from central: https://repo.maven.apache.org/maven2/org/mapstruct/mapstruct/1.6.3/mapstruct-1.6.3.pom (1.7 kB at 33 kB/s)
[INFO] Downloading from central: https://repo.maven.apache.org/maven2/org/mapstruct/mapstruct-parent/1.6.3/mapstruct-parent-1.6.3.pom
[INFO] Downloaded from central: https://repo.maven.apache.org/maven2/org/mapstruct/mapstruct-parent/1.6.3/mapstruct-parent-1.6.3.pom (1.6 kB at 41 kB/s)
[INFO] Downloading from central: https://repo.maven.apache.org/maven2/io/quarkus/quarkus-micrometer-opentelemetry/3.37.3/quarkus-micrometer-opentelemetry-3.37.3.pom
[INFO] Downloaded from central: https://repo.maven.apache.org/maven2/io/quarkus/quarkus-micrometer-opentelemetry/3.37.3/quarkus-micrometer-opentelemetry-3.37.3.pom (2.8 kB at 63 kB/s)
[INFO] Downloading from central: https://repo.maven.apache.org/maven2/io/quarkus/quarkus-micrometer-opentelemetry-parent/3.37.3/quarkus-micrometer-opentelemetry-parent-3.37.3.pom
[INFO] Downloaded from central: https://repo.maven.apache.org/maven2/io/quarkus/quarkus-micrometer-opentelemetry-parent/3.37.3/quarkus-micrometer-opentelemetry-parent-3.37.3.pom (790 B at 20 kB/s)
[INFO] Downloading from central: https://repo.maven.apache.org/maven2/io/quarkus/quarkus-micrometer/3.37.3/quarkus-micrometer-3.37.3.pom
[INFO] Downloaded from central: https://repo.maven.apache.org/maven2/io/quarkus/quarkus-micrometer/3.37.3/quarkus-micrometer-3.37.3.pom (6.3 kB at 170 kB/s)
[INFO] Downloading from central: https://repo.maven.apache.org/maven2/io/quarkus/quarkus-micrometer-parent/3.37.3/quarkus-micrometer-parent-3.37.3.pom
[INFO] Downloaded from central: https://repo.maven.apache.org/maven2/io/quarkus/quarkus-micrometer-parent/3.37.3/quarkus-micrometer-parent-3.37.3.pom (1.3 kB at 37 kB/s)
[INFO] Downloading from central: https://repo.maven.apache.org/maven2/io/vertx/vertx-codegen/4.5.28/vertx-codegen-4.5.28.pom
[INFO] Downloaded from central: https://repo.maven.apache.org/maven2/io/vertx/vertx-codegen/4.5.28/vertx-codegen-4.5.28.pom (14 kB at 380 kB/s)
[INFO] Downloading from central: https://repo.maven.apache.org/maven2/io/micrometer/micrometer-core/1.16.6/micrometer-core-1.16.6.pom
[INFO] Downloaded from central: https://repo.maven.apache.org/maven2/io/micrometer/micrometer-core/1.16.6/micrometer-core-1.16.6.pom (11 kB at 295 kB/s)
[INFO] Downloading from central: https://repo.maven.apache.org/maven2/io/micrometer/micrometer-commons/1.16.6/micrometer-commons-1.16.6.pom
[INFO] Downloaded from central: https://repo.maven.apache.org/maven2/io/micrometer/micrometer-commons/1.16.6/micrometer-commons-1.16.6.pom (3.6 kB at 92 kB/s)
[INFO] Downloading from central: https://repo.maven.apache.org/maven2/io/micrometer/micrometer-observation/1.16.6/micrometer-observation-1.16.6.pom
[INFO] Downloaded from central: https://repo.maven.apache.org/maven2/io/micrometer/micrometer-observation/1.16.6/micrometer-observation-1.16.6.pom (3.8 kB at 93 kB/s)
[INFO] Downloading from central: https://repo.maven.apache.org/maven2/io/quarkus/quarkus-opentelemetry/3.37.3/quarkus-opentelemetry-3.37.3.pom
[INFO] Downloaded from central: https://repo.maven.apache.org/maven2/io/quarkus/quarkus-opentelemetry/3.37.3/quarkus-opentelemetry-3.37.3.pom (11 kB at 290 kB/s)
[INFO] Downloading from central: https://repo.maven.apache.org/maven2/io/quarkus/quarkus-opentelemetry-parent/3.37.3/quarkus-opentelemetry-parent-3.37.3.pom
[INFO] Downloaded from central: https://repo.maven.apache.org/maven2/io/quarkus/quarkus-opentelemetry-parent/3.37.3/quarkus-opentelemetry-parent-3.37.3.pom (748 B at 19 kB/s)
[INFO] Downloading from central: https://repo.maven.apache.org/maven2/io/quarkus/quarkus-grpc-common/3.37.3/quarkus-grpc-common-3.37.3.pom
[INFO] Downloaded from central: https://repo.maven.apache.org/maven2/io/quarkus/quarkus-grpc-common/3.37.3/quarkus-grpc-common-3.37.3.pom (6.4 kB at 165 kB/s)
[INFO] Downloading from central: https://repo.maven.apache.org/maven2/io/quarkus/quarkus-grpc-common-parent/3.37.3/quarkus-grpc-common-parent-3.37.3.pom
[INFO] Downloaded from central: https://repo.maven.apache.org/maven2/io/quarkus/quarkus-grpc-common-parent/3.37.3/quarkus-grpc-common-parent-3.37.3.pom (744 B at 18 kB/s)
[INFO] Downloading from central: https://repo.maven.apache.org/maven2/io/vertx/vertx-grpc/4.5.28/vertx-grpc-4.5.28.pom
[INFO] Downloaded from central: https://repo.maven.apache.org/maven2/io/vertx/vertx-grpc/4.5.28/vertx-grpc-4.5.28.pom (7.2 kB at 185 kB/s)
[INFO] Downloading from central: https://repo.maven.apache.org/maven2/io/vertx/vertx-grpc-parent/4.5.28/vertx-grpc-parent-4.5.28.pom
[INFO] Downloaded from central: https://repo.maven.apache.org/maven2/io/vertx/vertx-grpc-parent/4.5.28/vertx-grpc-parent-4.5.28.pom (2.0 kB at 54 kB/s)
[INFO] Downloading from central: https://repo.maven.apache.org/maven2/io/grpc/grpc-netty/1.81.0/grpc-netty-1.81.0.pom
[INFO] Downloaded from central: https://repo.maven.apache.org/maven2/io/grpc/grpc-netty/1.81.0/grpc-netty-1.81.0.pom (3.1 kB at 70 kB/s)
[INFO] Downloading from central: https://repo.maven.apache.org/maven2/io/grpc/grpc-api/1.81.0/grpc-api-1.81.0.pom
[INFO] Downloaded from central: https://repo.maven.apache.org/maven2/io/grpc/grpc-api/1.81.0/grpc-api-1.81.0.pom (1.8 kB at 51 kB/s)
[INFO] Downloading from central: https://repo.maven.apache.org/maven2/io/grpc/grpc-core/1.81.0/grpc-core-1.81.0.pom
[INFO] Downloaded from central: https://repo.maven.apache.org/maven2/io/grpc/grpc-core/1.81.0/grpc-core-1.81.0.pom (2.7 kB at 66 kB/s)
[INFO] Downloading from central: https://repo.maven.apache.org/maven2/io/perfmark/perfmark-api/0.27.0/perfmark-api-0.27.0.pom
[INFO] Downloaded from central: https://repo.maven.apache.org/maven2/io/perfmark/perfmark-api/0.27.0/perfmark-api-0.27.0.pom (1.5 kB at 34 kB/s)
[INFO] Downloading from central: https://repo.maven.apache.org/maven2/io/grpc/grpc-context/1.81.0/grpc-context-1.81.0.pom
[INFO] Downloaded from central: https://repo.maven.apache.org/maven2/io/grpc/grpc-context/1.81.0/grpc-context-1.81.0.pom (1.9 kB at 49 kB/s)
[INFO] Downloading from central: https://repo.maven.apache.org/maven2/io/grpc/grpc-util/1.81.0/grpc-util-1.81.0.pom
[INFO] Downloaded from central: https://repo.maven.apache.org/maven2/io/grpc/grpc-util/1.81.0/grpc-util-1.81.0.pom (2.0 kB at 49 kB/s)
[INFO] Downloading from central: https://repo.maven.apache.org/maven2/io/grpc/grpc-protobuf/1.81.0/grpc-protobuf-1.81.0.pom
[INFO] Downloaded from central: https://repo.maven.apache.org/maven2/io/grpc/grpc-protobuf/1.81.0/grpc-protobuf-1.81.0.pom (2.7 kB at 71 kB/s)
[INFO] Downloading from central: https://repo.maven.apache.org/maven2/com/google/protobuf/protobuf-java/4.35.0/protobuf-java-4.35.0.pom
[INFO] Downloaded from central: https://repo.maven.apache.org/maven2/com/google/protobuf/protobuf-java/4.35.0/protobuf-java-4.35.0.pom (1.6 kB at 40 kB/s)
[INFO] Downloading from central: https://repo.maven.apache.org/maven2/com/google/protobuf/protobuf-parent/4.35.0/protobuf-parent-4.35.0.pom
[INFO] Downloaded from central: https://repo.maven.apache.org/maven2/com/google/protobuf/protobuf-parent/4.35.0/protobuf-parent-4.35.0.pom (9.3 kB at 245 kB/s)
[INFO] Downloading from central: https://repo.maven.apache.org/maven2/com/google/protobuf/protobuf-bom/4.35.0/protobuf-bom-4.35.0.pom
[INFO] Downloaded from central: https://repo.maven.apache.org/maven2/com/google/protobuf/protobuf-bom/4.35.0/protobuf-bom-4.35.0.pom (3.7 kB at 96 kB/s)
[INFO] Downloading from central: https://repo.maven.apache.org/maven2/com/google/api/grpc/proto-google-common-protos/2.71.0/proto-google-common-protos-2.71.0.pom
[INFO] Downloaded from central: https://repo.maven.apache.org/maven2/com/google/api/grpc/proto-google-common-protos/2.71.0/proto-google-common-protos-2.71.0.pom (2.5 kB at 63 kB/s)
[INFO] Downloading from central: https://repo.maven.apache.org/maven2/io/grpc/grpc-protobuf-lite/1.81.0/grpc-protobuf-lite-1.81.0.pom
[INFO] Downloaded from central: https://repo.maven.apache.org/maven2/io/grpc/grpc-protobuf-lite/1.81.0/grpc-protobuf-lite-1.81.0.pom (2.0 kB at 51 kB/s)
[INFO] Downloading from central: https://repo.maven.apache.org/maven2/io/grpc/grpc-stub/1.81.0/grpc-stub-1.81.0.pom
[INFO] Downloaded from central: https://repo.maven.apache.org/maven2/io/grpc/grpc-stub/1.81.0/grpc-stub-1.81.0.pom (2.0 kB at 50 kB/s)
[INFO] Downloading from central: https://repo.maven.apache.org/maven2/io/vertx/vertx-grpc-server/4.5.28/vertx-grpc-server-4.5.28.pom
[INFO] Downloaded from central: https://repo.maven.apache.org/maven2/io/vertx/vertx-grpc-server/4.5.28/vertx-grpc-server-4.5.28.pom (5.7 kB at 147 kB/s)
[INFO] Downloading from central: https://repo.maven.apache.org/maven2/io/vertx/vertx-grpc-aggregator/4.5.28/vertx-grpc-aggregator-4.5.28.pom
[INFO] Downloaded from central: https://repo.maven.apache.org/maven2/io/vertx/vertx-grpc-aggregator/4.5.28/vertx-grpc-aggregator-4.5.28.pom (2.9 kB at 73 kB/s)
[INFO] Downloading from central: https://repo.maven.apache.org/maven2/io/vertx/vertx-grpc-common/4.5.28/vertx-grpc-common-4.5.28.pom
[INFO] Downloaded from central: https://repo.maven.apache.org/maven2/io/vertx/vertx-grpc-common/4.5.28/vertx-grpc-common-4.5.28.pom (5.0 kB at 139 kB/s)
[INFO] Downloading from central: https://repo.maven.apache.org/maven2/io/vertx/vertx-grpc-client/4.5.28/vertx-grpc-client-4.5.28.pom
[INFO] Downloaded from central: https://repo.maven.apache.org/maven2/io/vertx/vertx-grpc-client/4.5.28/vertx-grpc-client-4.5.28.pom (6.2 kB at 156 kB/s)
[INFO] Downloading from central: https://repo.maven.apache.org/maven2/io/quarkus/quarkus-websockets-next-spi/3.37.3/quarkus-websockets-next-spi-3.37.3.pom
[INFO] Downloaded from central: https://repo.maven.apache.org/maven2/io/quarkus/quarkus-websockets-next-spi/3.37.3/quarkus-websockets-next-spi-3.37.3.pom (1.6 kB at 41 kB/s)
[INFO] Downloading from central: https://repo.maven.apache.org/maven2/io/quarkus/quarkus-websockets-next-parent/3.37.3/quarkus-websockets-next-parent-3.37.3.pom
[INFO] Downloaded from central: https://repo.maven.apache.org/maven2/io/quarkus/quarkus-websockets-next-parent/3.37.3/quarkus-websockets-next-parent-3.37.3.pom (960 B at 25 kB/s)
[INFO] Downloading from central: https://repo.maven.apache.org/maven2/io/opentelemetry/opentelemetry-sdk-extension-autoconfigure/1.60.1/opentelemetry-sdk-extension-autoconfigure-1.60.1.pom
[INFO] Downloaded from central: https://repo.maven.apache.org/maven2/io/opentelemetry/opentelemetry-sdk-extension-autoconfigure/1.60.1/opentelemetry-sdk-extension-autoconfigure-1.60.1.pom (2.0 kB at 52 kB/s)
[INFO] Downloading from central: https://repo.maven.apache.org/maven2/io/opentelemetry/opentelemetry-sdk/1.60.1/opentelemetry-sdk-1.60.1.pom
[INFO] Downloaded from central: https://repo.maven.apache.org/maven2/io/opentelemetry/opentelemetry-sdk/1.60.1/opentelemetry-sdk-1.60.1.pom (2.5 kB at 69 kB/s)
[INFO] Downloading from central: https://repo.maven.apache.org/maven2/io/opentelemetry/opentelemetry-api/1.60.1/opentelemetry-api-1.60.1.pom
[INFO] Downloaded from central: https://repo.maven.apache.org/maven2/io/opentelemetry/opentelemetry-api/1.60.1/opentelemetry-api-1.60.1.pom (1.8 kB at 46 kB/s)
[INFO] Downloading from central: https://repo.maven.apache.org/maven2/io/opentelemetry/opentelemetry-context/1.60.1/opentelemetry-context-1.60.1.pom
[INFO] Downloaded from central: https://repo.maven.apache.org/maven2/io/opentelemetry/opentelemetry-context/1.60.1/opentelemetry-context-1.60.1.pom (1.8 kB at 53 kB/s)
[INFO] Downloading from central: https://repo.maven.apache.org/maven2/io/opentelemetry/opentelemetry-common/1.60.1/opentelemetry-common-1.60.1.pom
[INFO] Downloaded from central: https://repo.maven.apache.org/maven2/io/opentelemetry/opentelemetry-common/1.60.1/opentelemetry-common-1.60.1.pom (1.6 kB at 37 kB/s)
[INFO] Downloading from central: https://repo.maven.apache.org/maven2/io/opentelemetry/opentelemetry-sdk-common/1.60.1/opentelemetry-sdk-common-1.60.1.pom
[INFO] Downloaded from central: https://repo.maven.apache.org/maven2/io/opentelemetry/opentelemetry-sdk-common/1.60.1/opentelemetry-sdk-common-1.60.1.pom (1.8 kB at 46 kB/s)
[INFO] Downloading from central: https://repo.maven.apache.org/maven2/io/opentelemetry/opentelemetry-sdk-trace/1.60.1/opentelemetry-sdk-trace-1.60.1.pom
[INFO] Downloaded from central: https://repo.maven.apache.org/maven2/io/opentelemetry/opentelemetry-sdk-trace/1.60.1/opentelemetry-sdk-trace-1.60.1.pom (2.0 kB at 51 kB/s)
[INFO] Downloading from central: https://repo.maven.apache.org/maven2/io/opentelemetry/opentelemetry-sdk-metrics/1.60.1/opentelemetry-sdk-metrics-1.60.1.pom
[INFO] Downloaded from central: https://repo.maven.apache.org/maven2/io/opentelemetry/opentelemetry-sdk-metrics/1.60.1/opentelemetry-sdk-metrics-1.60.1.pom (2.0 kB at 54 kB/s)
[INFO] Downloading from central: https://repo.maven.apache.org/maven2/io/opentelemetry/opentelemetry-sdk-logs/1.60.1/opentelemetry-sdk-logs-1.60.1.pom
[INFO] Downloaded from central: https://repo.maven.apache.org/maven2/io/opentelemetry/opentelemetry-sdk-logs/1.60.1/opentelemetry-sdk-logs-1.60.1.pom (2.0 kB at 52 kB/s)
[INFO] Downloading from central: https://repo.maven.apache.org/maven2/io/opentelemetry/opentelemetry-sdk-extension-autoconfigure-spi/1.60.1/opentelemetry-sdk-extension-autoconfigure-spi-1.60.1.pom
[INFO] Downloaded from central: https://repo.maven.apache.org/maven2/io/opentelemetry/opentelemetry-sdk-extension-autoconfigure-spi/1.60.1/opentelemetry-sdk-extension-autoconfigure-spi-1.60.1.pom (1.8 kB at 49 kB/s)
[INFO] Downloading from central: https://repo.maven.apache.org/maven2/io/opentelemetry/semconv/opentelemetry-semconv/1.40.0/opentelemetry-semconv-1.40.0.pom
[INFO] Downloaded from central: https://repo.maven.apache.org/maven2/io/opentelemetry/semconv/opentelemetry-semconv/1.40.0/opentelemetry-semconv-1.40.0.pom (1.7 kB at 37 kB/s)
[INFO] Downloading from central: https://repo.maven.apache.org/maven2/io/opentelemetry/semconv/opentelemetry-semconv-incubating/1.40.0-alpha/opentelemetry-semconv-incubating-1.40.0-alpha.pom
[INFO] Downloaded from central: https://repo.maven.apache.org/maven2/io/opentelemetry/semconv/opentelemetry-semconv-incubating/1.40.0-alpha/opentelemetry-semconv-incubating-1.40.0-alpha.pom (1.9 kB at 48 kB/s)
[INFO] Downloading from central: https://repo.maven.apache.org/maven2/io/opentelemetry/opentelemetry-api-incubator/1.60.1-alpha/opentelemetry-api-incubator-1.60.1-alpha.pom
[INFO] Downloaded from central: https://repo.maven.apache.org/maven2/io/opentelemetry/opentelemetry-api-incubator/1.60.1-alpha/opentelemetry-api-incubator-1.60.1-alpha.pom (1.8 kB at 46 kB/s)
[INFO] Downloading from central: https://repo.maven.apache.org/maven2/io/opentelemetry/instrumentation/opentelemetry-instrumentation-api/2.26.1/opentelemetry-instrumentation-api-2.26.1.pom
[INFO] Downloaded from central: https://repo.maven.apache.org/maven2/io/opentelemetry/instrumentation/opentelemetry-instrumentation-api/2.26.1/opentelemetry-instrumentation-api-2.26.1.pom (3.0 kB at 77 kB/s)
[INFO] Downloading from central: https://repo.maven.apache.org/maven2/io/opentelemetry/instrumentation/opentelemetry-instrumentation-annotations/2.26.1/opentelemetry-instrumentation-annotations-2.26.1.pom
[INFO] Downloaded from central: https://repo.maven.apache.org/maven2/io/opentelemetry/instrumentation/opentelemetry-instrumentation-annotations/2.26.1/opentelemetry-instrumentation-annotations-2.26.1.pom (2.2 kB at 43 kB/s)
[INFO] Downloading from central: https://repo.maven.apache.org/maven2/io/opentelemetry/instrumentation/opentelemetry-instrumentation-annotations-support/2.26.1-alpha/opentelemetry-instrumentation-annotations-support-2.26.1-alpha.pom
[INFO] Downloaded from central: https://repo.maven.apache.org/maven2/io/opentelemetry/instrumentation/opentelemetry-instrumentation-annotations-support/2.26.1-alpha/opentelemetry-instrumentation-annotations-support-2.26.1-alpha.pom (3.5 kB at 89 kB/s)
[INFO] Downloading from central: https://repo.maven.apache.org/maven2/io/opentelemetry/instrumentation/opentelemetry-instrumentation-api-incubator/2.26.1-alpha/opentelemetry-instrumentation-api-incubator-2.26.1-alpha.pom
[INFO] Downloaded from central: https://repo.maven.apache.org/maven2/io/opentelemetry/instrumentation/opentelemetry-instrumentation-api-incubator/2.26.1-alpha/opentelemetry-instrumentation-api-incubator-2.26.1-alpha.pom (3.1 kB at 77 kB/s)
[INFO] Downloading from central: https://repo.maven.apache.org/maven2/io/opentelemetry/opentelemetry-exporter-otlp-common/1.60.1/opentelemetry-exporter-otlp-common-1.60.1.pom
[INFO] Downloaded from central: https://repo.maven.apache.org/maven2/io/opentelemetry/opentelemetry-exporter-otlp-common/1.60.1/opentelemetry-exporter-otlp-common-1.60.1.pom (1.8 kB at 48 kB/s)
[INFO] Downloading from central: https://repo.maven.apache.org/maven2/io/opentelemetry/opentelemetry-exporter-common/1.60.1/opentelemetry-exporter-common-1.60.1.pom
[INFO] Downloaded from central: https://repo.maven.apache.org/maven2/io/opentelemetry/opentelemetry-exporter-common/1.60.1/opentelemetry-exporter-common-1.60.1.pom (2.0 kB at 52 kB/s)
[INFO] Downloading from central: https://repo.maven.apache.org/maven2/io/opentelemetry/opentelemetry-exporter-otlp/1.60.1/opentelemetry-exporter-otlp-1.60.1.pom
[INFO] Downloaded from central: https://repo.maven.apache.org/maven2/io/opentelemetry/opentelemetry-exporter-otlp/1.60.1/opentelemetry-exporter-otlp-1.60.1.pom (2.8 kB at 72 kB/s)
[INFO] Downloading from central: https://repo.maven.apache.org/maven2/io/opentelemetry/instrumentation/opentelemetry-runtime-telemetry-java17/2.26.1-alpha/opentelemetry-runtime-telemetry-java17-2.26.1-alpha.pom
[INFO] Downloaded from central: https://repo.maven.apache.org/maven2/io/opentelemetry/instrumentation/opentelemetry-runtime-telemetry-java17/2.26.1-alpha/opentelemetry-runtime-telemetry-java17-2.26.1-alpha.pom (3.5 kB at 93 kB/s)
[INFO] Downloading from central: https://repo.maven.apache.org/maven2/io/opentelemetry/instrumentation/opentelemetry-runtime-telemetry/2.26.1-alpha/opentelemetry-runtime-telemetry-2.26.1-alpha.pom
[INFO] Downloaded from central: https://repo.maven.apache.org/maven2/io/opentelemetry/instrumentation/opentelemetry-runtime-telemetry/2.26.1-alpha/opentelemetry-runtime-telemetry-2.26.1-alpha.pom (3.1 kB at 79 kB/s)
[INFO] Downloading from central: https://repo.maven.apache.org/maven2/io/opentelemetry/instrumentation/opentelemetry-jdbc/2.26.1-alpha/opentelemetry-jdbc-2.26.1-alpha.pom
[INFO] Downloaded from central: https://repo.maven.apache.org/maven2/io/opentelemetry/instrumentation/opentelemetry-jdbc/2.26.1-alpha/opentelemetry-jdbc-2.26.1-alpha.pom (3.1 kB at 75 kB/s)
[INFO] Downloading from central: https://repo.maven.apache.org/maven2/io/opentelemetry/instrumentation/opentelemetry-micrometer-1.5/2.26.1-alpha/opentelemetry-micrometer-1.5-2.26.1-alpha.pom
[INFO] Downloaded from central: https://repo.maven.apache.org/maven2/io/opentelemetry/instrumentation/opentelemetry-micrometer-1.5/2.26.1-alpha/opentelemetry-micrometer-1.5-2.26.1-alpha.pom (3.1 kB at 77 kB/s)
[INFO] Downloading from central: https://repo.maven.apache.org/maven2/io/quarkus/quarkus-container-image-docker/3.37.3/quarkus-container-image-docker-3.37.3.pom
[INFO] Downloaded from central: https://repo.maven.apache.org/maven2/io/quarkus/quarkus-container-image-docker/3.37.3/quarkus-container-image-docker-3.37.3.pom (2.3 kB at 54 kB/s)
[INFO] Downloading from central: https://repo.maven.apache.org/maven2/io/quarkus/quarkus-container-image-docker-parent/3.37.3/quarkus-container-image-docker-parent-3.37.3.pom
[INFO] Downloaded from central: https://repo.maven.apache.org/maven2/io/quarkus/quarkus-container-image-docker-parent/3.37.3/quarkus-container-image-docker-parent-3.37.3.pom (735 B at 17 kB/s)
[INFO] Downloading from central: https://repo.maven.apache.org/maven2/io/quarkus/quarkus-container-image-parent/3.37.3/quarkus-container-image-parent-3.37.3.pom
[INFO] Downloaded from central: https://repo.maven.apache.org/maven2/io/quarkus/quarkus-container-image-parent/3.37.3/quarkus-container-image-parent-3.37.3.pom (1.1 kB at 27 kB/s)
[INFO] Downloading from central: https://repo.maven.apache.org/maven2/io/quarkus/quarkus-container-image-docker-common/3.37.3/quarkus-container-image-docker-common-3.37.3.pom
[INFO] Downloaded from central: https://repo.maven.apache.org/maven2/io/quarkus/quarkus-container-image-docker-common/3.37.3/quarkus-container-image-docker-common-3.37.3.pom (1.9 kB at 50 kB/s)
[INFO] Downloading from central: https://repo.maven.apache.org/maven2/io/quarkus/quarkus-container-image-docker-common-parent/3.37.3/quarkus-container-image-docker-common-parent-3.37.3.pom
[INFO] Downloaded from central: https://repo.maven.apache.org/maven2/io/quarkus/quarkus-container-image-docker-common-parent/3.37.3/quarkus-container-image-docker-common-parent-3.37.3.pom (749 B at 19 kB/s)
[INFO] Downloading from central: https://repo.maven.apache.org/maven2/io/quarkus/quarkus-container-image/3.37.3/quarkus-container-image-3.37.3.pom
[INFO] Downloaded from central: https://repo.maven.apache.org/maven2/io/quarkus/quarkus-container-image/3.37.3/quarkus-container-image-3.37.3.pom (2.8 kB at 70 kB/s)
[INFO] Downloading from central: https://repo.maven.apache.org/maven2/io/quarkus/quarkus-openshift/3.37.3/quarkus-openshift-3.37.3.pom
[INFO] Downloaded from central: https://repo.maven.apache.org/maven2/io/quarkus/quarkus-openshift/3.37.3/quarkus-openshift-3.37.3.pom (2.7 kB at 72 kB/s)
[INFO] Downloading from central: https://repo.maven.apache.org/maven2/io/quarkus/quarkus-openshift-parent/3.37.3/quarkus-openshift-parent-3.37.3.pom
[INFO] Downloaded from central: https://repo.maven.apache.org/maven2/io/quarkus/quarkus-openshift-parent/3.37.3/quarkus-openshift-parent-3.37.3.pom (753 B at 19 kB/s)
[INFO] Downloading from central: https://repo.maven.apache.org/maven2/io/quarkus/quarkus-kubernetes-parent/3.37.3/quarkus-kubernetes-parent-3.37.3.pom
[INFO] Downloaded from central: https://repo.maven.apache.org/maven2/io/quarkus/quarkus-kubernetes-parent/3.37.3/quarkus-kubernetes-parent-3.37.3.pom (834 B at 22 kB/s)
[INFO] Downloading from central: https://repo.maven.apache.org/maven2/io/quarkus/quarkus-kubernetes-client-internal/3.37.3/quarkus-kubernetes-client-internal-3.37.3.pom
[INFO] Downloaded from central: https://repo.maven.apache.org/maven2/io/quarkus/quarkus-kubernetes-client-internal/3.37.3/quarkus-kubernetes-client-internal-3.37.3.pom (2.8 kB at 75 kB/s)
[INFO] Downloading from central: https://repo.maven.apache.org/maven2/io/quarkus/quarkus-kubernetes-client-parent/3.37.3/quarkus-kubernetes-client-parent-3.37.3.pom
[INFO] Downloaded from central: https://repo.maven.apache.org/maven2/io/quarkus/quarkus-kubernetes-client-parent/3.37.3/quarkus-kubernetes-client-parent-3.37.3.pom (872 B at 20 kB/s)
[INFO] Downloading from central: https://repo.maven.apache.org/maven2/io/quarkus/quarkus-container-image-openshift/3.37.3/quarkus-container-image-openshift-3.37.3.pom
[INFO] Downloaded from central: https://repo.maven.apache.org/maven2/io/quarkus/quarkus-container-image-openshift/3.37.3/quarkus-container-image-openshift-3.37.3.pom (2.6 kB at 61 kB/s)
[INFO] Downloading from central: https://repo.maven.apache.org/maven2/io/quarkus/quarkus-container-image-openshift-parent/3.37.3/quarkus-container-image-openshift-parent-3.37.3.pom
[INFO] Downloaded from central: https://repo.maven.apache.org/maven2/io/quarkus/quarkus-container-image-openshift-parent/3.37.3/quarkus-container-image-openshift-parent-3.37.3.pom (741 B at 18 kB/s)
[INFO] Downloading from central: https://repo.maven.apache.org/maven2/io/quarkus/quarkus-kubernetes/3.37.3/quarkus-kubernetes-3.37.3.pom
[INFO] Downloaded from central: https://repo.maven.apache.org/maven2/io/quarkus/quarkus-kubernetes/3.37.3/quarkus-kubernetes-3.37.3.pom (2.3 kB at 57 kB/s)
[INFO] Downloading from central: https://repo.maven.apache.org/maven2/io/quarkus/quarkus-kubernetes-vanilla-parent/3.37.3/quarkus-kubernetes-vanilla-parent-3.37.3.pom
[INFO] Downloaded from central: https://repo.maven.apache.org/maven2/io/quarkus/quarkus-kubernetes-vanilla-parent/3.37.3/quarkus-kubernetes-vanilla-parent-3.37.3.pom (750 B at 19 kB/s)
[INFO] Downloading from central: https://repo.maven.apache.org/maven2/io/quarkus/quarkus-minikube/3.37.3/quarkus-minikube-3.37.3.pom
[INFO] Downloaded from central: https://repo.maven.apache.org/maven2/io/quarkus/quarkus-minikube/3.37.3/quarkus-minikube-3.37.3.pom (2.1 kB at 59 kB/s)
[INFO] Downloading from central: https://repo.maven.apache.org/maven2/io/quarkus/quarkus-minikube-parent/3.37.3/quarkus-minikube-parent-3.37.3.pom
[INFO] Downloaded from central: https://repo.maven.apache.org/maven2/io/quarkus/quarkus-minikube-parent/3.37.3/quarkus-minikube-parent-3.37.3.pom (751 B at 18 kB/s)
[INFO] Downloading from central: https://repo.maven.apache.org/maven2/io/quarkiverse/helm/quarkus-helm/1.4.1/quarkus-helm-1.4.1.pom
[INFO] Downloaded from central: https://repo.maven.apache.org/maven2/io/quarkiverse/helm/quarkus-helm/1.4.1/quarkus-helm-1.4.1.pom (3.4 kB at 85 kB/s)
[INFO] Downloading from central: https://repo.maven.apache.org/maven2/io/quarkiverse/helm/quarkus-helm-parent/1.4.1/quarkus-helm-parent-1.4.1.pom
[INFO] Downloaded from central: https://repo.maven.apache.org/maven2/io/quarkiverse/helm/quarkus-helm-parent/1.4.1/quarkus-helm-parent-1.4.1.pom (3.0 kB at 82 kB/s)
[INFO] Downloading from central: https://repo.maven.apache.org/maven2/io/quarkus/quarkus-bom/3.37.1/quarkus-bom-3.37.1.pom
[INFO] Downloaded from central: https://repo.maven.apache.org/maven2/io/quarkus/quarkus-bom/3.37.1/quarkus-bom-3.37.1.pom (412 kB at 9.4 MB/s)
[INFO] Downloading from central: https://repo.maven.apache.org/maven2/io/quarkus/quarkus-rest-qute/3.37.3/quarkus-rest-qute-3.37.3.pom
[INFO] Downloaded from central: https://repo.maven.apache.org/maven2/io/quarkus/quarkus-rest-qute/3.37.3/quarkus-rest-qute-3.37.3.pom (2.9 kB at 78 kB/s)
[INFO] Downloading from central: https://repo.maven.apache.org/maven2/io/quarkus/quarkus-rest-qute-parent/3.37.3/quarkus-rest-qute-parent-3.37.3.pom
[INFO] Downloaded from central: https://repo.maven.apache.org/maven2/io/quarkus/quarkus-rest-qute-parent/3.37.3/quarkus-rest-qute-parent-3.37.3.pom (746 B at 20 kB/s)
[INFO] Downloading from central: https://repo.maven.apache.org/maven2/io/quarkus/quarkus-observability-devservices-lgtm/3.37.3/quarkus-observability-devservices-lgtm-3.37.3.pom
[INFO] Downloaded from central: https://repo.maven.apache.org/maven2/io/quarkus/quarkus-observability-devservices-lgtm/3.37.3/quarkus-observability-devservices-lgtm-3.37.3.pom (1.0 kB at 28 kB/s)
[INFO] Downloading from central: https://repo.maven.apache.org/maven2/io/quarkus/quarkus-observability-devservices-parent/3.37.3/quarkus-observability-devservices-parent-3.37.3.pom
[INFO] Downloaded from central: https://repo.maven.apache.org/maven2/io/quarkus/quarkus-observability-devservices-parent/3.37.3/quarkus-observability-devservices-parent-3.37.3.pom (2.3 kB at 65 kB/s)
[INFO] Downloading from central: https://repo.maven.apache.org/maven2/io/quarkus/quarkus-observability-devservices/3.37.3/quarkus-observability-devservices-3.37.3.pom
[INFO] Downloaded from central: https://repo.maven.apache.org/maven2/io/quarkus/quarkus-observability-devservices/3.37.3/quarkus-observability-devservices-3.37.3.pom (3.8 kB at 101 kB/s)
[INFO] Downloading from central: https://repo.maven.apache.org/maven2/io/quarkus/quarkus-observability-devservices-common/3.37.3/quarkus-observability-devservices-common-3.37.3.pom
[INFO] Downloaded from central: https://repo.maven.apache.org/maven2/io/quarkus/quarkus-observability-devservices-common/3.37.3/quarkus-observability-devservices-common-3.37.3.pom (1.9 kB at 50 kB/s)
[INFO] Downloading from central: https://repo.maven.apache.org/maven2/io/quarkus/quarkus-observability-devresource-common/3.37.3/quarkus-observability-devresource-common-3.37.3.pom
[INFO] Downloaded from central: https://repo.maven.apache.org/maven2/io/quarkus/quarkus-observability-devresource-common/3.37.3/quarkus-observability-devresource-common-3.37.3.pom (1.5 kB at 40 kB/s)
[INFO] Downloading from central: https://repo.maven.apache.org/maven2/io/quarkus/quarkus-observability-testlibs/3.37.3/quarkus-observability-testlibs-3.37.3.pom
[INFO] Downloaded from central: https://repo.maven.apache.org/maven2/io/quarkus/quarkus-observability-testlibs/3.37.3/quarkus-observability-testlibs-3.37.3.pom (816 B at 23 kB/s)
[INFO] Downloading from central: https://repo.maven.apache.org/maven2/io/quarkus/quarkus-test-common/3.37.3/quarkus-test-common-3.37.3.pom
[INFO] Downloaded from central: https://repo.maven.apache.org/maven2/io/quarkus/quarkus-test-common/3.37.3/quarkus-test-common-3.37.3.pom (3.3 kB at 88 kB/s)
[INFO] Downloading from central: https://repo.maven.apache.org/maven2/io/quarkus/quarkus-test-framework/3.37.3/quarkus-test-framework-3.37.3.pom
[INFO] Downloaded from central: https://repo.maven.apache.org/maven2/io/quarkus/quarkus-test-framework/3.37.3/quarkus-test-framework-3.37.3.pom (3.1 kB at 80 kB/s)
[INFO] Downloading from central: https://repo.maven.apache.org/maven2/io/quarkus/quarkus-bootstrap-gradle-resolver/3.37.3/quarkus-bootstrap-gradle-resolver-3.37.3.pom
[INFO] Downloaded from central: https://repo.maven.apache.org/maven2/io/quarkus/quarkus-bootstrap-gradle-resolver/3.37.3/quarkus-bootstrap-gradle-resolver-3.37.3.pom (4.7 kB at 126 kB/s)
[INFO] Downloading from central: https://repo.maven.apache.org/maven2/io/quarkus/quarkus-observability-devresource-lgtm/3.37.3/quarkus-observability-devresource-lgtm-3.37.3.pom
[INFO] Downloaded from central: https://repo.maven.apache.org/maven2/io/quarkus/quarkus-observability-devresource-lgtm/3.37.3/quarkus-observability-devresource-lgtm-3.37.3.pom (993 B at 24 kB/s)
[INFO] Downloading from central: https://repo.maven.apache.org/maven2/io/quarkus/quarkus-observability-devresource-testcontainers/3.37.3/quarkus-observability-devresource-testcontainers-3.37.3.pom
[INFO] Downloaded from central: https://repo.maven.apache.org/maven2/io/quarkus/quarkus-observability-devresource-testcontainers/3.37.3/quarkus-observability-devresource-testcontainers-3.37.3.pom (1.3 kB at 33 kB/s)
[INFO] Downloading from central: https://repo.maven.apache.org/maven2/io/quarkus/quarkus-devservices-common/3.37.3/quarkus-devservices-common-3.37.3.pom
[INFO] Downloaded from central: https://repo.maven.apache.org/maven2/io/quarkus/quarkus-devservices-common/3.37.3/quarkus-devservices-common-3.37.3.pom (1.6 kB at 42 kB/s)
[INFO] Downloading from central: https://repo.maven.apache.org/maven2/com/github/docker-java/docker-java-api/3.7.1/docker-java-api-3.7.1.pom
[INFO] Downloaded from central: https://repo.maven.apache.org/maven2/com/github/docker-java/docker-java-api/3.7.1/docker-java-api-3.7.1.pom (3.1 kB at 89 kB/s)
[INFO] Downloading from central: https://repo.maven.apache.org/maven2/com/github/docker-java/docker-java-parent/3.7.1/docker-java-parent-3.7.1.pom
[INFO] Downloaded from central: https://repo.maven.apache.org/maven2/com/github/docker-java/docker-java-parent/3.7.1/docker-java-parent-3.7.1.pom (12 kB at 276 kB/s)
[INFO] Downloading from central: https://repo.maven.apache.org/maven2/org/testcontainers/testcontainers/2.0.5/testcontainers-2.0.5.pom
[INFO] Downloaded from central: https://repo.maven.apache.org/maven2/org/testcontainers/testcontainers/2.0.5/testcontainers-2.0.5.pom (2.5 kB at 61 kB/s)
[INFO] Downloading from central: https://repo.maven.apache.org/maven2/com/github/docker-java/docker-java-transport-zerodep/3.7.1/docker-java-transport-zerodep-3.7.1.pom
[INFO] Downloaded from central: https://repo.maven.apache.org/maven2/com/github/docker-java/docker-java-transport-zerodep/3.7.1/docker-java-transport-zerodep-3.7.1.pom (4.1 kB at 100 kB/s)
[INFO] Downloading from central: https://repo.maven.apache.org/maven2/com/github/docker-java/docker-java-transport/3.7.1/docker-java-transport-3.7.1.pom
[INFO] Downloaded from central: https://repo.maven.apache.org/maven2/com/github/docker-java/docker-java-transport/3.7.1/docker-java-transport-3.7.1.pom (1.6 kB at 42 kB/s)
[INFO] Downloading from central: https://repo.maven.apache.org/maven2/net/java/dev/jna/jna/5.8.0/jna-5.8.0.pom
[INFO] Downloaded from central: https://repo.maven.apache.org/maven2/net/java/dev/jna/jna/5.8.0/jna-5.8.0.pom (1.6 kB at 42 kB/s)
[INFO] Downloading from central: https://repo.maven.apache.org/maven2/io/quarkus/quarkus-observability-testcontainers/3.37.3/quarkus-observability-testcontainers-3.37.3.pom
[INFO] Downloaded from central: https://repo.maven.apache.org/maven2/io/quarkus/quarkus-observability-testcontainers/3.37.3/quarkus-observability-testcontainers-3.37.3.pom (1.6 kB at 43 kB/s)
[INFO] Downloading from central: https://repo.maven.apache.org/maven2/io/quarkus/quarkus-info/3.37.3/quarkus-info-3.37.3.pom
[INFO] Downloaded from central: https://repo.maven.apache.org/maven2/io/quarkus/quarkus-info/3.37.3/quarkus-info-3.37.3.pom (1.9 kB at 51 kB/s)
[INFO] Downloading from central: https://repo.maven.apache.org/maven2/io/quarkus/quarkus-info-parent/3.37.3/quarkus-info-parent-3.37.3.pom
[INFO] Downloaded from central: https://repo.maven.apache.org/maven2/io/quarkus/quarkus-info-parent/3.37.3/quarkus-info-parent-3.37.3.pom (808 B at 24 kB/s)
[INFO] Downloading from central: https://repo.maven.apache.org/maven2/io/quarkus/quarkus-info-runtime-spi/3.37.3/quarkus-info-runtime-spi-3.37.3.pom
[INFO] Downloaded from central: https://repo.maven.apache.org/maven2/io/quarkus/quarkus-info-runtime-spi/3.37.3/quarkus-info-runtime-spi-3.37.3.pom (1.6 kB at 41 kB/s)
[INFO] Downloading from central: https://repo.maven.apache.org/maven2/io/quarkus/quarkus-jacoco/3.37.3/quarkus-jacoco-3.37.3.pom
[INFO] Downloaded from central: https://repo.maven.apache.org/maven2/io/quarkus/quarkus-jacoco/3.37.3/quarkus-jacoco-3.37.3.pom (3.8 kB at 98 kB/s)
[INFO] Downloading from central: https://repo.maven.apache.org/maven2/io/quarkus/quarkus-jacoco-parent/3.37.3/quarkus-jacoco-parent-3.37.3.pom
[INFO] Downloaded from central: https://repo.maven.apache.org/maven2/io/quarkus/quarkus-jacoco-parent/3.37.3/quarkus-jacoco-parent-3.37.3.pom (745 B at 21 kB/s)
[INFO] Downloading from central: https://repo.maven.apache.org/maven2/org/jacoco/org.jacoco.core/0.8.15/org.jacoco.core-0.8.15.pom
[INFO] Downloaded from central: https://repo.maven.apache.org/maven2/org/jacoco/org.jacoco.core/0.8.15/org.jacoco.core-0.8.15.pom (2.1 kB at 52 kB/s)
[INFO] Downloading from central: https://repo.maven.apache.org/maven2/org/jacoco/org.jacoco.build/0.8.15/org.jacoco.build-0.8.15.pom
[INFO] Downloaded from central: https://repo.maven.apache.org/maven2/org/jacoco/org.jacoco.build/0.8.15/org.jacoco.build-0.8.15.pom (50 kB at 1.2 MB/s)
[INFO] Downloading from central: https://repo.maven.apache.org/maven2/org/ow2/asm/asm-bom/9.10.1/asm-bom-9.10.1.pom
[INFO] Downloaded from central: https://repo.maven.apache.org/maven2/org/ow2/asm/asm-bom/9.10.1/asm-bom-9.10.1.pom (3.3 kB at 93 kB/s)
[INFO] Downloading from central: https://repo.maven.apache.org/maven2/org/jacoco/org.jacoco.report/0.8.15/org.jacoco.report-0.8.15.pom
[INFO] Downloaded from central: https://repo.maven.apache.org/maven2/org/jacoco/org.jacoco.report/0.8.15/org.jacoco.report-0.8.15.pom (1.9 kB at 47 kB/s)
[INFO] Downloading from central: https://repo.maven.apache.org/maven2/org/jacoco/org.jacoco.agent/0.8.15/org.jacoco.agent-0.8.15.pom
[INFO] Downloaded from central: https://repo.maven.apache.org/maven2/org/jacoco/org.jacoco.agent/0.8.15/org.jacoco.agent-0.8.15.pom (4.3 kB at 29 kB/s)
[INFO] Downloading from central: https://repo.maven.apache.org/maven2/io/quarkus/quarkus-junit/3.37.3/quarkus-junit-3.37.3.pom
[INFO] Downloaded from central: https://repo.maven.apache.org/maven2/io/quarkus/quarkus-junit/3.37.3/quarkus-junit-3.37.3.pom (2.3 kB at 59 kB/s)
[INFO] Downloading from central: https://repo.maven.apache.org/maven2/io/quarkus/quarkus-junit-config/3.37.3/quarkus-junit-config-3.37.3.pom
[INFO] Downloaded from central: https://repo.maven.apache.org/maven2/io/quarkus/quarkus-junit-config/3.37.3/quarkus-junit-config-3.37.3.pom (1.2 kB at 34 kB/s)
[INFO] Downloading from central: https://repo.maven.apache.org/maven2/io/quarkus/quarkus-junit-common/3.37.3/quarkus-junit-common-3.37.3.pom
[INFO] Downloaded from central: https://repo.maven.apache.org/maven2/io/quarkus/quarkus-junit-common/3.37.3/quarkus-junit-common-3.37.3.pom (1.3 kB at 35 kB/s)
[INFO] Downloading from central: https://repo.maven.apache.org/maven2/io/quarkus/junit/junit-virtual-threads/3.37.3/junit-virtual-threads-3.37.3.pom
[INFO] Downloaded from central: https://repo.maven.apache.org/maven2/io/quarkus/junit/junit-virtual-threads/3.37.3/junit-virtual-threads-3.37.3.pom (12 kB at 320 kB/s)
[INFO] Downloading from central: https://repo.maven.apache.org/maven2/org/junit/platform/junit-platform-testkit/6.1.1/junit-platform-testkit-6.1.1.pom
[INFO] Downloaded from central: https://repo.maven.apache.org/maven2/org/junit/platform/junit-platform-testkit/6.1.1/junit-platform-testkit-6.1.1.pom (3.7 kB at 95 kB/s)
[INFO] Downloading from central: https://repo.maven.apache.org/maven2/net/bytebuddy/byte-buddy/1.18.8/byte-buddy-1.18.8.pom
[INFO] Downloaded from central: https://repo.maven.apache.org/maven2/net/bytebuddy/byte-buddy/1.18.8/byte-buddy-1.18.8.pom (21 kB at 588 kB/s)
[INFO] Downloading from central: https://repo.maven.apache.org/maven2/io/quarkus/quarkus-junit-mockito/3.37.3/quarkus-junit-mockito-3.37.3.pom
[INFO] Downloaded from central: https://repo.maven.apache.org/maven2/io/quarkus/quarkus-junit-mockito/3.37.3/quarkus-junit-mockito-3.37.3.pom (1.8 kB at 47 kB/s)
[INFO] Downloading from central: https://repo.maven.apache.org/maven2/org/mockito/mockito-junit-jupiter/5.21.0/mockito-junit-jupiter-5.21.0.pom
[INFO] Downloaded from central: https://repo.maven.apache.org/maven2/org/mockito/mockito-junit-jupiter/5.21.0/mockito-junit-jupiter-5.21.0.pom (2.3 kB at 60 kB/s)
[INFO] Downloading from central: https://repo.maven.apache.org/maven2/org/mockito/mockito-core/5.21.0/mockito-core-5.21.0.pom
[INFO] Downloaded from central: https://repo.maven.apache.org/maven2/org/mockito/mockito-core/5.21.0/mockito-core-5.21.0.pom (2.5 kB at 57 kB/s)
[INFO] Downloading from central: https://repo.maven.apache.org/maven2/io/quarkus/quarkus-junit-mockito-config/3.37.3/quarkus-junit-mockito-config-3.37.3.pom
[INFO] Downloaded from central: https://repo.maven.apache.org/maven2/io/quarkus/quarkus-junit-mockito-config/3.37.3/quarkus-junit-mockito-config-3.37.3.pom (987 B at 25 kB/s)
[INFO] Downloading from central: https://repo.maven.apache.org/maven2/io/quarkus/quarkus-arc-deployment/3.37.3/quarkus-arc-deployment-3.37.3.pom
[INFO] Downloaded from central: https://repo.maven.apache.org/maven2/io/quarkus/quarkus-arc-deployment/3.37.3/quarkus-arc-deployment-3.37.3.pom (3.5 kB at 82 kB/s)
[INFO] Downloading from central: https://repo.maven.apache.org/maven2/io/quarkus/quarkus-smallrye-context-propagation-spi/3.37.3/quarkus-smallrye-context-propagation-spi-3.37.3.pom
[INFO] Downloaded from central: https://repo.maven.apache.org/maven2/io/quarkus/quarkus-smallrye-context-propagation-spi/3.37.3/quarkus-smallrye-context-propagation-spi-3.37.3.pom (1.0 kB at 28 kB/s)
[INFO] Downloading from central: https://repo.maven.apache.org/maven2/io/quarkus/quarkus-devui-deployment-spi/3.37.3/quarkus-devui-deployment-spi-3.37.3.pom
[INFO] Downloaded from central: https://repo.maven.apache.org/maven2/io/quarkus/quarkus-devui-deployment-spi/3.37.3/quarkus-devui-deployment-spi-3.37.3.pom (796 B at 19 kB/s)
[INFO] Downloading from central: https://repo.maven.apache.org/maven2/io/quarkus/quarkus-devui-parent/3.37.3/quarkus-devui-parent-3.37.3.pom
[INFO] Downloaded from central: https://repo.maven.apache.org/maven2/io/quarkus/quarkus-devui-parent/3.37.3/quarkus-devui-parent-3.37.3.pom (879 B at 21 kB/s)
[INFO] Downloading from central: https://repo.maven.apache.org/maven2/io/quarkus/quarkus-arc-dev/3.37.3/quarkus-arc-dev-3.37.3.pom
[INFO] Downloaded from central: https://repo.maven.apache.org/maven2/io/quarkus/quarkus-arc-dev/3.37.3/quarkus-arc-dev-3.37.3.pom (823 B at 22 kB/s)
[INFO] Downloading from central: https://repo.maven.apache.org/maven2/io/quarkus/arc/arc-processor/3.37.3/arc-processor-3.37.3.pom
[INFO] Downloaded from central: https://repo.maven.apache.org/maven2/io/quarkus/arc/arc-processor/3.37.3/arc-processor-3.37.3.pom (3.4 kB at 88 kB/s)
[INFO] Downloading from central: https://repo.maven.apache.org/maven2/io/quarkus/quarkus-arc-test-supplement/3.37.3/quarkus-arc-test-supplement-3.37.3.pom
[INFO] Downloaded from central: https://repo.maven.apache.org/maven2/io/quarkus/quarkus-arc-test-supplement/3.37.3/quarkus-arc-test-supplement-3.37.3.pom (833 B at 22 kB/s)
[INFO] Downloading from central: https://repo.maven.apache.org/maven2/io/quarkus/quarkus-arc-test-supplement-decorator/3.37.3/quarkus-arc-test-supplement-decorator-3.37.3.pom
[INFO] Downloaded from central: https://repo.maven.apache.org/maven2/io/quarkus/quarkus-arc-test-supplement-decorator/3.37.3/quarkus-arc-test-supplement-decorator-3.37.3.pom (1.3 kB at 35 kB/s)
[INFO] Downloading from central: https://repo.maven.apache.org/maven2/io/quarkus/quarkus-panache-mock/3.37.3/quarkus-panache-mock-3.37.3.pom
[INFO] Downloaded from central: https://repo.maven.apache.org/maven2/io/quarkus/quarkus-panache-mock/3.37.3/quarkus-panache-mock-3.37.3.pom (3.4 kB at 86 kB/s)
[INFO] Downloading from central: https://repo.maven.apache.org/maven2/io/quarkus/quarkus-panache-common-deployment/3.37.3/quarkus-panache-common-deployment-3.37.3.pom
[INFO] Downloaded from central: https://repo.maven.apache.org/maven2/io/quarkus/quarkus-panache-common-deployment/3.37.3/quarkus-panache-common-deployment-3.37.3.pom (1.5 kB at 40 kB/s)
[INFO] Downloading from central: https://repo.maven.apache.org/maven2/io/rest-assured/rest-assured/6.0.0/rest-assured-6.0.0.pom
[INFO] Downloaded from central: https://repo.maven.apache.org/maven2/io/rest-assured/rest-assured/6.0.0/rest-assured-6.0.0.pom (7.8 kB at 210 kB/s)
[INFO] Downloading from central: https://repo.maven.apache.org/maven2/io/rest-assured/rest-assured-parent/6.0.0/rest-assured-parent-6.0.0.pom
[INFO] Downloaded from central: https://repo.maven.apache.org/maven2/io/rest-assured/rest-assured-parent/6.0.0/rest-assured-parent-6.0.0.pom (25 kB at 630 kB/s)
[INFO] Downloading from central: https://repo.maven.apache.org/maven2/tools/jackson/jackson-bom/3.0.2/jackson-bom-3.0.2.pom
[INFO] Downloaded from central: https://repo.maven.apache.org/maven2/tools/jackson/jackson-bom/3.0.2/jackson-bom-3.0.2.pom (20 kB at 552 kB/s)
[INFO] Downloading from central: https://repo.maven.apache.org/maven2/com/fasterxml/oss-parent/73/oss-parent-73.pom
[INFO] Downloaded from central: https://repo.maven.apache.org/maven2/com/fasterxml/oss-parent/73/oss-parent-73.pom (24 kB at 649 kB/s)
[INFO] Downloading from central: https://repo.maven.apache.org/maven2/org/apache/groovy/groovy/5.0.3/groovy-5.0.3.pom
[INFO] Downloaded from central: https://repo.maven.apache.org/maven2/org/apache/groovy/groovy/5.0.3/groovy-5.0.3.pom (24 kB at 603 kB/s)
[INFO] Downloading from central: https://repo.maven.apache.org/maven2/org/apache/groovy/groovy-bom/5.0.3/groovy-bom-5.0.3.pom
[INFO] Downloaded from central: https://repo.maven.apache.org/maven2/org/apache/groovy/groovy-bom/5.0.3/groovy-bom-5.0.3.pom (27 kB at 665 kB/s)
[INFO] Downloading from central: https://repo.maven.apache.org/maven2/org/apache/groovy/groovy-xml/5.0.3/groovy-xml-5.0.3.pom
[INFO] Downloaded from central: https://repo.maven.apache.org/maven2/org/apache/groovy/groovy-xml/5.0.3/groovy-xml-5.0.3.pom (23 kB at 664 kB/s)
[INFO] Downloading from central: https://repo.maven.apache.org/maven2/org/ccil/cowan/tagsoup/tagsoup/1.2.1/tagsoup-1.2.1.pom
[INFO] Downloaded from central: https://repo.maven.apache.org/maven2/org/ccil/cowan/tagsoup/tagsoup/1.2.1/tagsoup-1.2.1.pom (1.2 kB at 31 kB/s)
[INFO] Downloading from central: https://repo.maven.apache.org/maven2/io/rest-assured/json-path/6.0.0/json-path-6.0.0.pom
[INFO] Downloaded from central: https://repo.maven.apache.org/maven2/io/rest-assured/json-path/6.0.0/json-path-6.0.0.pom (5.1 kB at 151 kB/s)
[INFO] Downloading from central: https://repo.maven.apache.org/maven2/org/apache/groovy/groovy-json/5.0.3/groovy-json-5.0.3.pom
[INFO] Downloaded from central: https://repo.maven.apache.org/maven2/org/apache/groovy/groovy-json/5.0.3/groovy-json-5.0.3.pom (23 kB at 564 kB/s)
[INFO] Downloading from central: https://repo.maven.apache.org/maven2/io/rest-assured/rest-assured-common/6.0.0/rest-assured-common-6.0.0.pom
[INFO] Downloaded from central: https://repo.maven.apache.org/maven2/io/rest-assured/rest-assured-common/6.0.0/rest-assured-common-6.0.0.pom (3.2 kB at 81 kB/s)
[INFO] Downloading from central: https://repo.maven.apache.org/maven2/io/rest-assured/xml-path/6.0.0/xml-path-6.0.0.pom
[INFO] Downloaded from central: https://repo.maven.apache.org/maven2/io/rest-assured/xml-path/6.0.0/xml-path-6.0.0.pom (4.7 kB at 127 kB/s)
[INFO] Downloading from central: https://repo.maven.apache.org/maven2/io/quarkiverse/pact/quarkus-pact-provider/1.6.0/quarkus-pact-provider-1.6.0.pom
[INFO] Downloaded from central: https://repo.maven.apache.org/maven2/io/quarkiverse/pact/quarkus-pact-provider/1.6.0/quarkus-pact-provider-1.6.0.pom (5.0 kB at 138 kB/s)
[INFO] Downloading from central: https://repo.maven.apache.org/maven2/io/quarkiverse/pact/quarkus-pact-provider-parent/1.6.0/quarkus-pact-provider-parent-1.6.0.pom
[INFO] Downloaded from central: https://repo.maven.apache.org/maven2/io/quarkiverse/pact/quarkus-pact-provider-parent/1.6.0/quarkus-pact-provider-parent-1.6.0.pom (1.6 kB at 40 kB/s)
[INFO] Downloading from central: https://repo.maven.apache.org/maven2/io/quarkiverse/pact/quarkus-pact-parent/1.6.0/quarkus-pact-parent-1.6.0.pom
[INFO] Downloaded from central: https://repo.maven.apache.org/maven2/io/quarkiverse/pact/quarkus-pact-parent/1.6.0/quarkus-pact-parent-1.6.0.pom (2.7 kB at 78 kB/s)
[INFO] Downloading from central: https://repo.maven.apache.org/maven2/io/quarkiverse/quarkiverse-parent/20/quarkiverse-parent-20.pom
[INFO] Downloaded from central: https://repo.maven.apache.org/maven2/io/quarkiverse/quarkiverse-parent/20/quarkiverse-parent-20.pom (21 kB at 542 kB/s)
[INFO] Downloading from central: https://repo.maven.apache.org/maven2/io/quarkus/quarkus-bom/3.14.1/quarkus-bom-3.14.1.pom
[INFO] Downloaded from central: https://repo.maven.apache.org/maven2/io/quarkus/quarkus-bom/3.14.1/quarkus-bom-3.14.1.pom (467 kB at 9.9 MB/s)
[INFO] Downloading from central: https://repo.maven.apache.org/maven2/io/quarkus/quarkus-kotlin/3.37.3/quarkus-kotlin-3.37.3.pom
[INFO] Downloaded from central: https://repo.maven.apache.org/maven2/io/quarkus/quarkus-kotlin/3.37.3/quarkus-kotlin-3.37.3.pom (3.3 kB at 91 kB/s)
[INFO] Downloading from central: https://repo.maven.apache.org/maven2/io/quarkus/quarkus-kotlin-parent/3.37.3/quarkus-kotlin-parent-3.37.3.pom
[INFO] Downloaded from central: https://repo.maven.apache.org/maven2/io/quarkus/quarkus-kotlin-parent/3.37.3/quarkus-kotlin-parent-3.37.3.pom (735 B at 18 kB/s)
[INFO] Downloading from central: https://repo.maven.apache.org/maven2/org/jetbrains/kotlin/kotlin-stdlib/2.4.0/kotlin-stdlib-2.4.0.pom
[INFO] Downloaded from central: https://repo.maven.apache.org/maven2/org/jetbrains/kotlin/kotlin-stdlib/2.4.0/kotlin-stdlib-2.4.0.pom (2.3 kB at 60 kB/s)
[INFO] Downloading from central: https://repo.maven.apache.org/maven2/org/jetbrains/kotlin/kotlin-stdlib-jdk8/2.4.0/kotlin-stdlib-jdk8-2.4.0.pom
[INFO] Downloaded from central: https://repo.maven.apache.org/maven2/org/jetbrains/kotlin/kotlin-stdlib-jdk8/2.4.0/kotlin-stdlib-jdk8-2.4.0.pom (1.6 kB at 36 kB/s)
[INFO] Downloading from central: https://repo.maven.apache.org/maven2/org/jetbrains/kotlin/kotlin-stdlib-jdk7/2.4.0/kotlin-stdlib-jdk7-2.4.0.pom
[INFO] Downloaded from central: https://repo.maven.apache.org/maven2/org/jetbrains/kotlin/kotlin-stdlib-jdk7/2.4.0/kotlin-stdlib-jdk7-2.4.0.pom (1.4 kB at 36 kB/s)
[INFO] Downloading from central: https://repo.maven.apache.org/maven2/org/jetbrains/kotlin/kotlin-reflect/2.4.0/kotlin-reflect-2.4.0.pom
[INFO] Downloaded from central: https://repo.maven.apache.org/maven2/org/jetbrains/kotlin/kotlin-reflect/2.4.0/kotlin-reflect-2.4.0.pom (1.3 kB at 35 kB/s)
[INFO] Downloading from central: https://repo.maven.apache.org/maven2/io/smallrye/reactive/mutiny-kotlin/3.2.1/mutiny-kotlin-3.2.1.pom
[INFO] Downloaded from central: https://repo.maven.apache.org/maven2/io/smallrye/reactive/mutiny-kotlin/3.2.1/mutiny-kotlin-3.2.1.pom (5.7 kB at 150 kB/s)
[INFO] Downloading from central: https://repo.maven.apache.org/maven2/org/jetbrains/kotlinx/kotlinx-coroutines-core/1.11.0/kotlinx-coroutines-core-1.11.0.pom
[INFO] Downloaded from central: https://repo.maven.apache.org/maven2/org/jetbrains/kotlinx/kotlinx-coroutines-core/1.11.0/kotlinx-coroutines-core-1.11.0.pom (2.0 kB at 58 kB/s)
[INFO] Downloading from central: https://repo.maven.apache.org/maven2/org/jetbrains/kotlinx/kotlinx-coroutines-core-jvm/1.11.0/kotlinx-coroutines-core-jvm-1.11.0.pom
[INFO] Downloaded from central: https://repo.maven.apache.org/maven2/org/jetbrains/kotlinx/kotlinx-coroutines-core-jvm/1.11.0/kotlinx-coroutines-core-jvm-1.11.0.pom (2.2 kB at 56 kB/s)
[INFO] Downloading from central: https://repo.maven.apache.org/maven2/io/smallrye/smallrye-fault-tolerance-kotlin/6.11.1/smallrye-fault-tolerance-kotlin-6.11.1.pom
[INFO] Downloaded from central: https://repo.maven.apache.org/maven2/io/smallrye/smallrye-fault-tolerance-kotlin/6.11.1/smallrye-fault-tolerance-kotlin-6.11.1.pom (5.5 kB at 136 kB/s)
[INFO] Downloading from central: https://repo.maven.apache.org/maven2/org/jetbrains/kotlinx/kotlinx-coroutines-jdk8/1.11.0/kotlinx-coroutines-jdk8-1.11.0.pom
[INFO] Downloaded from central: https://repo.maven.apache.org/maven2/org/jetbrains/kotlinx/kotlinx-coroutines-jdk8/1.11.0/kotlinx-coroutines-jdk8-1.11.0.pom (2.2 kB at 58 kB/s)
[INFO] Downloading from central: https://repo.maven.apache.org/maven2/au/com/dius/pact/provider/junit5/4.6.17/junit5-4.6.17.pom
[INFO] Downloaded from central: https://repo.maven.apache.org/maven2/au/com/dius/pact/provider/junit5/4.6.17/junit5-4.6.17.pom (7.1 kB at 170 kB/s)
[INFO] Downloading from central: https://repo.maven.apache.org/maven2/org/jetbrains/kotlin/kotlin-bom/1.8.22/kotlin-bom-1.8.22.pom
[INFO] Downloaded from central: https://repo.maven.apache.org/maven2/org/jetbrains/kotlin/kotlin-bom/1.8.22/kotlin-bom-1.8.22.pom (9.3 kB at 259 kB/s)
[INFO] Downloading from central: https://repo.maven.apache.org/maven2/au/com/dius/pact/provider/4.6.17/provider-4.6.17.pom
[INFO] Downloaded from central: https://repo.maven.apache.org/maven2/au/com/dius/pact/provider/4.6.17/provider-4.6.17.pom (8.4 kB at 217 kB/s)
[INFO] Downloading from central: https://repo.maven.apache.org/maven2/au/com/dius/pact/core/support/4.6.17/support-4.6.17.pom
[INFO] Downloaded from central: https://repo.maven.apache.org/maven2/au/com/dius/pact/core/support/4.6.17/support-4.6.17.pom (6.5 kB at 167 kB/s)
[INFO] Downloading from central: https://repo.maven.apache.org/maven2/io/github/oshai/kotlin-logging-jvm/5.1.4/kotlin-logging-jvm-5.1.4.pom
[INFO] Downloaded from central: https://repo.maven.apache.org/maven2/io/github/oshai/kotlin-logging-jvm/5.1.4/kotlin-logging-jvm-5.1.4.pom (2.0 kB at 55 kB/s)
[INFO] Downloading from central: https://repo.maven.apache.org/maven2/org/jetbrains/kotlin/kotlin-stdlib-common/1.8.22/kotlin-stdlib-common-1.8.22.pom
[INFO] Downloaded from central: https://repo.maven.apache.org/maven2/org/jetbrains/kotlin/kotlin-stdlib-common/1.8.22/kotlin-stdlib-common-1.8.22.pom (1.2 kB at 28 kB/s)
[INFO] Downloading from central: https://repo.maven.apache.org/maven2/org/apache/httpcomponents/client5/httpclient5-fluent/5.3.1/httpclient5-fluent-5.3.1.pom
[INFO] Downloaded from central: https://repo.maven.apache.org/maven2/org/apache/httpcomponents/client5/httpclient5-fluent/5.3.1/httpclient5-fluent-5.3.1.pom (3.7 kB at 103 kB/s)
[INFO] Downloading from central: https://repo.maven.apache.org/maven2/com/github/mifmif/generex/1.0.2/generex-1.0.2.pom
[INFO] Downloaded from central: https://repo.maven.apache.org/maven2/com/github/mifmif/generex/1.0.2/generex-1.0.2.pom (11 kB at 263 kB/s)
[INFO] Downloading from central: https://repo.maven.apache.org/maven2/dk/brics/automaton/automaton/1.11-8/automaton-1.11-8.pom
[INFO] Downloaded from central: https://repo.maven.apache.org/maven2/dk/brics/automaton/automaton/1.11-8/automaton-1.11-8.pom (1.1 kB at 27 kB/s)
[INFO] Downloading from central: https://repo.maven.apache.org/maven2/au/com/dius/pact/core/model/4.6.17/model-4.6.17.pom
[INFO] Downloaded from central: https://repo.maven.apache.org/maven2/au/com/dius/pact/core/model/4.6.17/model-4.6.17.pom (7.1 kB at 178 kB/s)
[INFO] Downloading from central: https://repo.maven.apache.org/maven2/au/com/dius/pact/core/pactbroker/4.6.17/pactbroker-4.6.17.pom
[INFO] Downloaded from central: https://repo.maven.apache.org/maven2/au/com/dius/pact/core/pactbroker/4.6.17/pactbroker-4.6.17.pom (6.5 kB at 144 kB/s)
[INFO] Downloading from central: https://repo.maven.apache.org/maven2/org/apache/tika/tika-core/2.9.1/tika-core-2.9.1.pom
[INFO] Downloaded from central: https://repo.maven.apache.org/maven2/org/apache/tika/tika-core/2.9.1/tika-core-2.9.1.pom (11 kB at 309 kB/s)
[INFO] Downloading from central: https://repo.maven.apache.org/maven2/org/apache/tika/tika-parent/2.9.1/tika-parent-2.9.1.pom
[INFO] Downloaded from central: https://repo.maven.apache.org/maven2/org/apache/tika/tika-parent/2.9.1/tika-parent-2.9.1.pom (48 kB at 1.3 MB/s)
[INFO] Downloading from central: https://repo.maven.apache.org/maven2/io/netty/netty-bom/4.1.100.Final/netty-bom-4.1.100.Final.pom
[INFO] Downloaded from central: https://repo.maven.apache.org/maven2/io/netty/netty-bom/4.1.100.Final/netty-bom-4.1.100.Final.pom (13 kB at 359 kB/s)
[INFO] Downloading from central: https://repo.maven.apache.org/maven2/org/apache/cxf/cxf-bom/3.5.6/cxf-bom-3.5.6.pom
[INFO] Downloaded from central: https://repo.maven.apache.org/maven2/org/apache/cxf/cxf-bom/3.5.6/cxf-bom-3.5.6.pom (26 kB at 654 kB/s)
[INFO] Downloading from central: https://repo.maven.apache.org/maven2/org/apache/cxf/cxf/3.5.6/cxf-3.5.6.pom
[INFO] Downloaded from central: https://repo.maven.apache.org/maven2/org/apache/cxf/cxf/3.5.6/cxf-3.5.6.pom (39 kB at 902 kB/s)
[INFO] Downloading from central: https://repo.maven.apache.org/maven2/org/testcontainers/testcontainers-bom/1.19.1/testcontainers-bom-1.19.1.pom
[INFO] Downloaded from central: https://repo.maven.apache.org/maven2/org/testcontainers/testcontainers-bom/1.19.1/testcontainers-bom-1.19.1.pom (8.8 kB at 245 kB/s)
[INFO] Downloading from central: https://repo.maven.apache.org/maven2/javax/mail/mail/1.5.0-b01/mail-1.5.0-b01.pom
[INFO] Downloaded from central: https://repo.maven.apache.org/maven2/javax/mail/mail/1.5.0-b01/mail-1.5.0-b01.pom (5.3 kB at 127 kB/s)
[INFO] Downloading from central: https://repo.maven.apache.org/maven2/com/sun/mail/all/1.5.0-b01/all-1.5.0-b01.pom
[INFO] Downloaded from central: https://repo.maven.apache.org/maven2/com/sun/mail/all/1.5.0-b01/all-1.5.0-b01.pom (20 kB at 502 kB/s)
[INFO] Downloading from central: https://repo.maven.apache.org/maven2/net/java/jvnet-parent/1/jvnet-parent-1.pom
[INFO] Downloaded from central: https://repo.maven.apache.org/maven2/net/java/jvnet-parent/1/jvnet-parent-1.pom (4.7 kB at 131 kB/s)
[INFO] Downloading from central: https://repo.maven.apache.org/maven2/javax/activation/activation/1.1/activation-1.1.pom
[INFO] Downloaded from central: https://repo.maven.apache.org/maven2/javax/activation/activation/1.1/activation-1.1.pom (1.1 kB at 25 kB/s)
[INFO] Downloading from central: https://repo.maven.apache.org/maven2/io/ktor/ktor-http-jvm/2.3.8/ktor-http-jvm-2.3.8.pom
[INFO] Downloaded from central: https://repo.maven.apache.org/maven2/io/ktor/ktor-http-jvm/2.3.8/ktor-http-jvm-2.3.8.pom (3.4 kB at 82 kB/s)
[INFO] Downloading from central: https://repo.maven.apache.org/maven2/io/ktor/ktor-utils-jvm/2.3.8/ktor-utils-jvm-2.3.8.pom
[INFO] Downloaded from central: https://repo.maven.apache.org/maven2/io/ktor/ktor-utils-jvm/2.3.8/ktor-utils-jvm-2.3.8.pom (3.4 kB at 88 kB/s)
[INFO] Downloading from central: https://repo.maven.apache.org/maven2/io/ktor/ktor-io-jvm/2.3.8/ktor-io-jvm-2.3.8.pom
[INFO] Downloaded from central: https://repo.maven.apache.org/maven2/io/ktor/ktor-io-jvm/2.3.8/ktor-io-jvm-2.3.8.pom (3.2 kB at 79 kB/s)
[INFO] Downloading from central: https://repo.maven.apache.org/maven2/au/com/dius/pact/core/matchers/4.6.17/matchers-4.6.17.pom
[INFO] Downloaded from central: https://repo.maven.apache.org/maven2/au/com/dius/pact/core/matchers/4.6.17/matchers-4.6.17.pom (8.0 kB at 200 kB/s)
[INFO] Downloading from central: https://repo.maven.apache.org/maven2/io/github/java-diff-utils/java-diff-utils/4.12/java-diff-utils-4.12.pom
[INFO] Downloaded from central: https://repo.maven.apache.org/maven2/io/github/java-diff-utils/java-diff-utils/4.12/java-diff-utils-4.12.pom (2.7 kB at 72 kB/s)
[INFO] Downloading from central: https://repo.maven.apache.org/maven2/io/github/java-diff-utils/java-diff-utils-parent/4.12/java-diff-utils-parent-4.12.pom
[INFO] Downloaded from central: https://repo.maven.apache.org/maven2/io/github/java-diff-utils/java-diff-utils-parent/4.12/java-diff-utils-parent-4.12.pom (10 kB at 252 kB/s)
[INFO] Downloading from central: https://repo.maven.apache.org/maven2/org/atteo/evo-inflector/1.3/evo-inflector-1.3.pom
[INFO] Downloaded from central: https://repo.maven.apache.org/maven2/org/atteo/evo-inflector/1.3/evo-inflector-1.3.pom (2.8 kB at 85 kB/s)
[INFO] Downloading from central: https://repo.maven.apache.org/maven2/org/atteo/parent/1.19/parent-1.19.pom
[INFO] Downloaded from central: https://repo.maven.apache.org/maven2/org/atteo/parent/1.19/parent-1.19.pom (16 kB at 407 kB/s)
[INFO] Downloading from central: https://repo.maven.apache.org/maven2/com/github/ajalt/mordant/1.2.1/mordant-1.2.1.pom
[INFO] Downloaded from central: https://repo.maven.apache.org/maven2/com/github/ajalt/mordant/1.2.1/mordant-1.2.1.pom (1.9 kB at 52 kB/s)
[INFO] Downloading from central: https://repo.maven.apache.org/maven2/com/github/ajalt/colormath/1.2.0/colormath-1.2.0.pom
[INFO] Downloaded from central: https://repo.maven.apache.org/maven2/com/github/ajalt/colormath/1.2.0/colormath-1.2.0.pom (1.7 kB at 38 kB/s)
[INFO] Downloading from central: https://repo.maven.apache.org/maven2/com/github/zafarkhaja/java-semver/0.9.0/java-semver-0.9.0.pom
[INFO] Downloaded from central: https://repo.maven.apache.org/maven2/com/github/zafarkhaja/java-semver/0.9.0/java-semver-0.9.0.pom (2.2 kB at 47 kB/s)
[INFO] Downloading from central: https://repo.maven.apache.org/maven2/io/pact/plugin/driver/core/0.5.1/core-0.5.1.pom
[INFO] Downloaded from central: https://repo.maven.apache.org/maven2/io/pact/plugin/driver/core/0.5.1/core-0.5.1.pom (4.8 kB at 151 kB/s)
[INFO] Downloading from central: https://repo.maven.apache.org/maven2/com/vdurmont/semver4j/3.1.0/semver4j-3.1.0.pom
[INFO] Downloaded from central: https://repo.maven.apache.org/maven2/com/vdurmont/semver4j/3.1.0/semver4j-3.1.0.pom (6.1 kB at 162 kB/s)
[INFO] Downloading from central: https://repo.maven.apache.org/maven2/io/github/oshai/kotlin-logging-jvm/6.0.9/kotlin-logging-jvm-6.0.9.pom
[INFO] Downloaded from central: https://repo.maven.apache.org/maven2/io/github/oshai/kotlin-logging-jvm/6.0.9/kotlin-logging-jvm-6.0.9.pom (1.8 kB at 45 kB/s)
[INFO] Downloading from central: https://repo.maven.apache.org/maven2/org/codehaus/mojo/animal-sniffer-annotations/1.27/animal-sniffer-annotations-1.27.pom
[INFO] Downloaded from central: https://repo.maven.apache.org/maven2/org/codehaus/mojo/animal-sniffer-annotations/1.27/animal-sniffer-annotations-1.27.pom (1.7 kB at 41 kB/s)
[INFO] Downloading from central: https://repo.maven.apache.org/maven2/org/codehaus/mojo/animal-sniffer-parent/1.27/animal-sniffer-parent-1.27.pom
[INFO] Downloaded from central: https://repo.maven.apache.org/maven2/org/codehaus/mojo/animal-sniffer-parent/1.27/animal-sniffer-parent-1.27.pom (5.8 kB at 141 kB/s)
[INFO] Downloading from central: https://repo.maven.apache.org/maven2/org/codehaus/mojo/mojo-parent/95/mojo-parent-95.pom
[INFO] Downloaded from central: https://repo.maven.apache.org/maven2/org/codehaus/mojo/mojo-parent/95/mojo-parent-95.pom (39 kB at 880 kB/s)
[INFO] Downloading from central: https://repo.maven.apache.org/maven2/com/google/android/annotations/4.1.1.4/annotations-4.1.1.4.pom
[INFO] Downloaded from central: https://repo.maven.apache.org/maven2/com/google/android/annotations/4.1.1.4/annotations-4.1.1.4.pom (1.8 kB at 46 kB/s)
[INFO] Downloading from central: https://repo.maven.apache.org/maven2/io/hotmoka/toml4j/0.7.3/toml4j-0.7.3.pom
[INFO] Downloaded from central: https://repo.maven.apache.org/maven2/io/hotmoka/toml4j/0.7.3/toml4j-0.7.3.pom (5.5 kB at 138 kB/s)
[INFO] Downloading from central: https://repo.maven.apache.org/maven2/org/apache/tika/tika-core/2.9.2/tika-core-2.9.2.pom
[INFO] Downloaded from central: https://repo.maven.apache.org/maven2/org/apache/tika/tika-core/2.9.2/tika-core-2.9.2.pom (10 kB at 307 kB/s)
[INFO] Downloading from central: https://repo.maven.apache.org/maven2/org/apache/tika/tika-parent/2.9.2/tika-parent-2.9.2.pom
[INFO] Downloaded from central: https://repo.maven.apache.org/maven2/org/apache/tika/tika-parent/2.9.2/tika-parent-2.9.2.pom (49 kB at 1.3 MB/s)
[INFO] Downloading from central: https://repo.maven.apache.org/maven2/com/fasterxml/jackson/jackson-bom/2.17.0/jackson-bom-2.17.0.pom
[INFO] Downloaded from central: https://repo.maven.apache.org/maven2/com/fasterxml/jackson/jackson-bom/2.17.0/jackson-bom-2.17.0.pom (19 kB at 389 kB/s)
[INFO] Downloading from central: https://repo.maven.apache.org/maven2/com/fasterxml/jackson/jackson-parent/2.17/jackson-parent-2.17.pom
[INFO] Downloaded from central: https://repo.maven.apache.org/maven2/com/fasterxml/jackson/jackson-parent/2.17/jackson-parent-2.17.pom (6.5 kB at 163 kB/s)
[INFO] Downloading from central: https://repo.maven.apache.org/maven2/com/fasterxml/oss-parent/58/oss-parent-58.pom
[INFO] Downloaded from central: https://repo.maven.apache.org/maven2/com/fasterxml/oss-parent/58/oss-parent-58.pom (24 kB at 607 kB/s)
[INFO] Downloading from central: https://repo.maven.apache.org/maven2/io/netty/netty-bom/4.1.108.Final/netty-bom-4.1.108.Final.pom
[INFO] Downloaded from central: https://repo.maven.apache.org/maven2/io/netty/netty-bom/4.1.108.Final/netty-bom-4.1.108.Final.pom (14 kB at 292 kB/s)
[INFO] Downloading from central: https://repo.maven.apache.org/maven2/org/apache/cxf/cxf-bom/3.5.8/cxf-bom-3.5.8.pom
[INFO] Downloaded from central: https://repo.maven.apache.org/maven2/org/apache/cxf/cxf-bom/3.5.8/cxf-bom-3.5.8.pom (26 kB at 574 kB/s)
[INFO] Downloading from central: https://repo.maven.apache.org/maven2/org/apache/cxf/cxf/3.5.8/cxf-3.5.8.pom
[INFO] Downloaded from central: https://repo.maven.apache.org/maven2/org/apache/cxf/cxf/3.5.8/cxf-3.5.8.pom (40 kB at 1.0 MB/s)
[INFO] Downloading from central: https://repo.maven.apache.org/maven2/org/apache/logging/log4j/log4j-bom/2.23.1/log4j-bom-2.23.1.pom
[INFO] Downloaded from central: https://repo.maven.apache.org/maven2/org/apache/logging/log4j/log4j-bom/2.23.1/log4j-bom-2.23.1.pom (12 kB at 276 kB/s)
[INFO] Downloading from central: https://repo.maven.apache.org/maven2/org/apache/logging/logging-parent/10.6.0/logging-parent-10.6.0.pom
[INFO] Downloaded from central: https://repo.maven.apache.org/maven2/org/apache/logging/logging-parent/10.6.0/logging-parent-10.6.0.pom (54 kB at 1.1 MB/s)
[INFO] Downloading from central: https://repo.maven.apache.org/maven2/org/eclipse/jetty/jetty-bom/9.4.54.v20240208/jetty-bom-9.4.54.v20240208.pom
[INFO] Downloaded from central: https://repo.maven.apache.org/maven2/org/eclipse/jetty/jetty-bom/9.4.54.v20240208/jetty-bom-9.4.54.v20240208.pom (18 kB at 453 kB/s)
[INFO] Downloading from central: https://repo.maven.apache.org/maven2/org/testcontainers/testcontainers-bom/1.19.7/testcontainers-bom-1.19.7.pom
[INFO] Downloaded from central: https://repo.maven.apache.org/maven2/org/testcontainers/testcontainers-bom/1.19.7/testcontainers-bom-1.19.7.pom (10 kB at 248 kB/s)
[INFO] Downloading from central: https://repo.maven.apache.org/maven2/org/rauschig/jarchivelib/1.2.0/jarchivelib-1.2.0.pom
[INFO] Downloaded from central: https://repo.maven.apache.org/maven2/org/rauschig/jarchivelib/1.2.0/jarchivelib-1.2.0.pom (4.9 kB at 118 kB/s)
[INFO] Downloading from central: https://repo.maven.apache.org/maven2/org/rauschig/oss-parent/1/oss-parent-1.pom
[INFO] Downloaded from central: https://repo.maven.apache.org/maven2/org/rauschig/oss-parent/1/oss-parent-1.pom (5.4 kB at 92 kB/s)
[INFO] Downloading from central: https://repo.maven.apache.org/maven2/io/github/classgraph/classgraph/4.8.129/classgraph-4.8.129.pom
[INFO] Downloaded from central: https://repo.maven.apache.org/maven2/io/github/classgraph/classgraph/4.8.129/classgraph-4.8.129.pom (30 kB at 659 kB/s)
[INFO] Downloading from central: https://repo.maven.apache.org/maven2/org/apache/groovy/groovy/4.0.18/groovy-4.0.18.pom
[INFO] Downloaded from central: https://repo.maven.apache.org/maven2/org/apache/groovy/groovy/4.0.18/groovy-4.0.18.pom (24 kB at 215 kB/s)
[INFO] Downloading from central: https://repo.maven.apache.org/maven2/org/apache/groovy/groovy-bom/4.0.18/groovy-bom-4.0.18.pom
[INFO] Downloaded from central: https://repo.maven.apache.org/maven2/org/apache/groovy/groovy-bom/4.0.18/groovy-bom-4.0.18.pom (27 kB at 147 kB/s)
[INFO] Downloading from central: https://repo.maven.apache.org/maven2/com/michael-bull/kotlin-result/kotlin-result-jvm/1.1.14/kotlin-result-jvm-1.1.14.pom
[INFO] Downloaded from central: https://repo.maven.apache.org/maven2/com/michael-bull/kotlin-result/kotlin-result-jvm/1.1.14/kotlin-result-jvm-1.1.14.pom (3.9 kB at 70 kB/s)
[INFO] Downloading from central: https://repo.maven.apache.org/maven2/org/jetbrains/kotlin/kotlin-stdlib-common/1.6.10/kotlin-stdlib-common-1.6.10.pom
[INFO] Downloaded from central: https://repo.maven.apache.org/maven2/org/jetbrains/kotlin/kotlin-stdlib-common/1.6.10/kotlin-stdlib-common-1.6.10.pom (1.2 kB at 26 kB/s)
[INFO] Downloading from central: https://repo.maven.apache.org/maven2/io/quarkiverse/playwright/quarkus-playwright/2.3.7/quarkus-playwright-2.3.7.pom
[INFO] Downloaded from central: https://repo.maven.apache.org/maven2/io/quarkiverse/playwright/quarkus-playwright/2.3.7/quarkus-playwright-2.3.7.pom (3.1 kB at 78 kB/s)
[INFO] Downloading from central: https://repo.maven.apache.org/maven2/io/quarkiverse/playwright/quarkus-playwright-parent/2.3.7/quarkus-playwright-parent-2.3.7.pom
[INFO] Downloaded from central: https://repo.maven.apache.org/maven2/io/quarkiverse/playwright/quarkus-playwright-parent/2.3.7/quarkus-playwright-parent-2.3.7.pom (4.3 kB at 112 kB/s)
[INFO] Downloading from central: https://repo.maven.apache.org/maven2/io/quarkus/quarkus-bom/3.27.1/quarkus-bom-3.27.1.pom
[INFO] Downloaded from central: https://repo.maven.apache.org/maven2/io/quarkus/quarkus-bom/3.27.1/quarkus-bom-3.27.1.pom (404 kB at 10 MB/s)
[INFO] Downloading from central: https://repo.maven.apache.org/maven2/com/microsoft/playwright/playwright/1.60.0/playwright-1.60.0.pom
[INFO] Downloaded from central: https://repo.maven.apache.org/maven2/com/microsoft/playwright/playwright/1.60.0/playwright-1.60.0.pom (2.9 kB at 79 kB/s)
[INFO] Downloading from central: https://repo.maven.apache.org/maven2/com/microsoft/playwright/parent-pom/1.60.0/parent-pom-1.60.0.pom
[INFO] Downloaded from central: https://repo.maven.apache.org/maven2/com/microsoft/playwright/parent-pom/1.60.0/parent-pom-1.60.0.pom (9.1 kB at 222 kB/s)
[INFO] Downloading from central: https://repo.maven.apache.org/maven2/com/microsoft/playwright/driver/1.60.0/driver-1.60.0.pom
[INFO] Downloaded from central: https://repo.maven.apache.org/maven2/com/microsoft/playwright/driver/1.60.0/driver-1.60.0.pom (799 B at 21 kB/s)
[INFO] Downloading from central: https://repo.maven.apache.org/maven2/com/microsoft/playwright/driver-bundle/1.60.0/driver-bundle-1.60.0.pom
[INFO] Downloaded from central: https://repo.maven.apache.org/maven2/com/microsoft/playwright/driver-bundle/1.60.0/driver-bundle-1.60.0.pom (1.1 kB at 27 kB/s)
[INFO] Downloading from central: https://repo.maven.apache.org/maven2/io/quarkus/quarkus-vertx-http/3.37.3/quarkus-vertx-http-3.37.3.jar
[INFO] Downloaded from central: https://repo.maven.apache.org/maven2/io/quarkus/quarkus-vertx-http/3.37.3/quarkus-vertx-http-3.37.3.jar (753 kB at 19 MB/s)
[INFO] Downloading from central: https://repo.maven.apache.org/maven2/io/quarkus/quarkus-credentials/3.37.3/quarkus-credentials-3.37.3.jar
[INFO] Downloading from central: https://repo.maven.apache.org/maven2/io/quarkus/security/quarkus-security/2.3.2/quarkus-security-2.3.2.jar
[INFO] Downloading from central: https://repo.maven.apache.org/maven2/io/smallrye/reactive/smallrye-mutiny-vertx-web/3.22.2/smallrye-mutiny-vertx-web-3.22.2.jar
[INFO] Downloading from central: https://repo.maven.apache.org/maven2/io/smallrye/reactive/smallrye-mutiny-vertx-web-common/3.22.2/smallrye-mutiny-vertx-web-common-3.22.2.jar
[INFO] Downloading from central: https://repo.maven.apache.org/maven2/io/smallrye/reactive/smallrye-mutiny-vertx-auth-common/3.22.2/smallrye-mutiny-vertx-auth-common-3.22.2.jar
[INFO] Downloaded from central: https://repo.maven.apache.org/maven2/io/quarkus/security/quarkus-security/2.3.2/quarkus-security-2.3.2.jar (22 kB at 723 kB/s)
[INFO] Downloading from central: https://repo.maven.apache.org/maven2/io/smallrye/reactive/smallrye-mutiny-vertx-bridge-common/3.22.2/smallrye-mutiny-vertx-bridge-common-3.22.2.jar
[INFO] Downloaded from central: https://repo.maven.apache.org/maven2/io/smallrye/reactive/smallrye-mutiny-vertx-web/3.22.2/smallrye-mutiny-vertx-web-3.22.2.jar (150 kB at 4.3 MB/s)
[INFO] Downloading from central: https://repo.maven.apache.org/maven2/io/smallrye/reactive/smallrye-mutiny-vertx-uri-template/3.22.2/smallrye-mutiny-vertx-uri-template-3.22.2.jar
[INFO] Downloaded from central: https://repo.maven.apache.org/maven2/io/smallrye/reactive/smallrye-mutiny-vertx-auth-common/3.22.2/smallrye-mutiny-vertx-auth-common-3.22.2.jar (42 kB at 1.0 MB/s)
[INFO] Downloading from central: https://repo.maven.apache.org/maven2/io/vertx/vertx-uri-template/4.5.28/vertx-uri-template-4.5.28.jar
[INFO] Downloaded from central: https://repo.maven.apache.org/maven2/io/smallrye/reactive/smallrye-mutiny-vertx-web-common/3.22.2/smallrye-mutiny-vertx-web-common-3.22.2.jar (19 kB at 430 kB/s)
[INFO] Downloading from central: https://repo.maven.apache.org/maven2/io/vertx/vertx-web/4.5.28/vertx-web-4.5.28.jar
[INFO] Downloaded from central: https://repo.maven.apache.org/maven2/io/quarkus/quarkus-credentials/3.37.3/quarkus-credentials-3.37.3.jar (8.5 kB at 173 kB/s)
[INFO] Downloading from central: https://repo.maven.apache.org/maven2/io/vertx/vertx-web-common/4.5.28/vertx-web-common-4.5.28.jar
[INFO] Downloaded from central: https://repo.maven.apache.org/maven2/io/smallrye/reactive/smallrye-mutiny-vertx-bridge-common/3.22.2/smallrye-mutiny-vertx-bridge-common-3.22.2.jar (6.4 kB at 88 kB/s)
[INFO] Downloading from central: https://repo.maven.apache.org/maven2/io/vertx/vertx-auth-common/4.5.28/vertx-auth-common-4.5.28.jar
[INFO] Downloaded from central: https://repo.maven.apache.org/maven2/io/smallrye/reactive/smallrye-mutiny-vertx-uri-template/3.22.2/smallrye-mutiny-vertx-uri-template-3.22.2.jar (7.8 kB at 105 kB/s)
[INFO] Downloading from central: https://repo.maven.apache.org/maven2/io/vertx/vertx-bridge-common/4.5.28/vertx-bridge-common-4.5.28.jar
[INFO] Downloaded from central: https://repo.maven.apache.org/maven2/io/vertx/vertx-uri-template/4.5.28/vertx-uri-template-4.5.28.jar (35 kB at 467 kB/s)
[INFO] Downloading from central: https://repo.maven.apache.org/maven2/com/aayushatharva/brotli4j/brotli4j/1.23.0/brotli4j-1.23.0.jar
[INFO] Downloaded from central: https://repo.maven.apache.org/maven2/io/vertx/vertx-web/4.5.28/vertx-web-4.5.28.jar (363 kB at 4.5 MB/s)
[INFO] Downloading from central: https://repo.maven.apache.org/maven2/com/aayushatharva/brotli4j/service/1.23.0/service-1.23.0.jar
[INFO] Downloaded from central: https://repo.maven.apache.org/maven2/io/vertx/vertx-web-common/4.5.28/vertx-web-common-4.5.28.jar (32 kB at 390 kB/s)
[INFO] Downloading from central: https://repo.maven.apache.org/maven2/com/aayushatharva/brotli4j/native-linux-x86_64/1.23.0/native-linux-x86_64-1.23.0.jar
[INFO] Downloaded from central: https://repo.maven.apache.org/maven2/com/aayushatharva/brotli4j/service/1.23.0/service-1.23.0.jar (3.4 kB at 30 kB/s)
[INFO] Downloaded from central: https://repo.maven.apache.org/maven2/io/vertx/vertx-bridge-common/4.5.28/vertx-bridge-common-4.5.28.jar (11 kB at 97 kB/s)
[INFO] Downloading from central: https://repo.maven.apache.org/maven2/io/quarkus/quarkus-rest-jackson/3.37.3/quarkus-rest-jackson-3.37.3.jar
[INFO] Downloading from central: https://repo.maven.apache.org/maven2/io/quarkus/quarkus-rest/3.37.3/quarkus-rest-3.37.3.jar
[INFO] Downloaded from central: https://repo.maven.apache.org/maven2/com/aayushatharva/brotli4j/brotli4j/1.23.0/brotli4j-1.23.0.jar (47 kB at 411 kB/s)
[INFO] Downloading from central: https://repo.maven.apache.org/maven2/io/quarkus/quarkus-rest-common/3.37.3/quarkus-rest-common-3.37.3.jar
[INFO] Downloaded from central: https://repo.maven.apache.org/maven2/io/vertx/vertx-auth-common/4.5.28/vertx-auth-common-4.5.28.jar (134 kB at 1.1 MB/s)
[INFO] Downloading from central: https://repo.maven.apache.org/maven2/io/quarkus/resteasy/reactive/resteasy-reactive-common/3.37.3/resteasy-reactive-common-3.37.3.jar
[INFO] Downloaded from central: https://repo.maven.apache.org/maven2/com/aayushatharva/brotli4j/native-linux-x86_64/1.23.0/native-linux-x86_64-1.23.0.jar (444 kB at 3.4 MB/s)
[INFO] Downloading from central: https://repo.maven.apache.org/maven2/io/quarkus/resteasy/reactive/resteasy-reactive-common-types/3.37.3/resteasy-reactive-common-types-3.37.3.jar
[INFO] Downloaded from central: https://repo.maven.apache.org/maven2/io/quarkus/quarkus-rest/3.37.3/quarkus-rest-3.37.3.jar (133 kB at 854 kB/s)
[INFO] Downloading from central: https://repo.maven.apache.org/maven2/io/quarkus/resteasy/reactive/resteasy-reactive-vertx/3.37.3/resteasy-reactive-vertx-3.37.3.jar
[INFO] Downloaded from central: https://repo.maven.apache.org/maven2/io/quarkus/quarkus-rest-jackson/3.37.3/quarkus-rest-jackson-3.37.3.jar (77 kB at 488 kB/s)
[INFO] Downloading from central: https://repo.maven.apache.org/maven2/io/quarkus/resteasy/reactive/resteasy-reactive/3.37.3/resteasy-reactive-3.37.3.jar
[INFO] Downloaded from central: https://repo.maven.apache.org/maven2/io/quarkus/resteasy/reactive/resteasy-reactive-common/3.37.3/resteasy-reactive-common-3.37.3.jar (323 kB at 2.1 MB/s)
[INFO] Downloading from central: https://repo.maven.apache.org/maven2/io/quarkus/vertx/utils/quarkus-vertx-utils/3.37.3/quarkus-vertx-utils-3.37.3.jar
[INFO] Downloaded from central: https://repo.maven.apache.org/maven2/io/quarkus/quarkus-rest-common/3.37.3/quarkus-rest-common-3.37.3.jar (21 kB at 136 kB/s)
[INFO] Downloading from central: https://repo.maven.apache.org/maven2/io/quarkus/quarkus-virtual-threads/3.37.3/quarkus-virtual-threads-3.37.3.jar
[INFO] Downloaded from central: https://repo.maven.apache.org/maven2/io/quarkus/resteasy/reactive/resteasy-reactive-common-types/3.37.3/resteasy-reactive-common-types-3.37.3.jar (7.1 kB at 42 kB/s)
[INFO] Downloading from central: https://repo.maven.apache.org/maven2/io/quarkus/quarkus-rest-jackson-common/3.37.3/quarkus-rest-jackson-common-3.37.3.jar
[INFO] Downloaded from central: https://repo.maven.apache.org/maven2/io/quarkus/vertx/utils/quarkus-vertx-utils/3.37.3/quarkus-vertx-utils-3.37.3.jar (23 kB at 121 kB/s)
[INFO] Downloading from central: https://repo.maven.apache.org/maven2/io/quarkus/resteasy/reactive/resteasy-reactive-jackson/3.37.3/resteasy-reactive-jackson-3.37.3.jar
[INFO] Downloaded from central: https://repo.maven.apache.org/maven2/io/quarkus/quarkus-virtual-threads/3.37.3/quarkus-virtual-threads-3.37.3.jar (25 kB at 131 kB/s)
[INFO] Downloaded from central: https://repo.maven.apache.org/maven2/io/quarkus/resteasy/reactive/resteasy-reactive-vertx/3.37.3/resteasy-reactive-vertx-3.37.3.jar (50 kB at 265 kB/s)
[INFO] Downloading from central: https://repo.maven.apache.org/maven2/io/quarkus/quarkus-jackson/3.37.3/quarkus-jackson-3.37.3.jar
[INFO] Downloading from central: https://repo.maven.apache.org/maven2/com/fasterxml/jackson/datatype/jackson-datatype-jsr310/2.22.0/jackson-datatype-jsr310-2.22.0.jar
[INFO] Downloaded from central: https://repo.maven.apache.org/maven2/io/quarkus/resteasy/reactive/resteasy-reactive/3.37.3/resteasy-reactive-3.37.3.jar (548 kB at 2.8 MB/s)
[INFO] Downloading from central: https://repo.maven.apache.org/maven2/com/fasterxml/jackson/module/jackson-module-parameter-names/2.22.0/jackson-module-parameter-names-2.22.0.jar
[INFO] Downloaded from central: https://repo.maven.apache.org/maven2/io/quarkus/resteasy/reactive/resteasy-reactive-jackson/3.37.3/resteasy-reactive-jackson-3.37.3.jar (10 kB at 46 kB/s)
[INFO] Downloading from central: https://repo.maven.apache.org/maven2/io/quarkus/quarkus-arc/3.37.3/quarkus-arc-3.37.3.jar
[INFO] Downloaded from central: https://repo.maven.apache.org/maven2/com/fasterxml/jackson/datatype/jackson-datatype-jsr310/2.22.0/jackson-datatype-jsr310-2.22.0.jar (137 kB at 591 kB/s)
[INFO] Downloading from central: https://repo.maven.apache.org/maven2/io/quarkus/arc/arc/3.37.3/arc-3.37.3.jar
[INFO] Downloaded from central: https://repo.maven.apache.org/maven2/com/fasterxml/jackson/module/jackson-module-parameter-names/2.22.0/jackson-module-parameter-names-2.22.0.jar (10 kB at 44 kB/s)
[INFO] Downloading from central: https://repo.maven.apache.org/maven2/io/quarkus/quarkus-ide-launcher/3.37.3/quarkus-ide-launcher-3.37.3.jar
[INFO] Downloaded from central: https://repo.maven.apache.org/maven2/io/quarkus/quarkus-jackson/3.37.3/quarkus-jackson-3.37.3.jar (25 kB at 106 kB/s)
[INFO] Downloading from central: https://repo.maven.apache.org/maven2/org/eclipse/microprofile/context-propagation/microprofile-context-propagation-api/1.3/microprofile-context-propagation-api-1.3.jar
[INFO] Downloaded from central: https://repo.maven.apache.org/maven2/io/quarkus/quarkus-arc/3.37.3/quarkus-arc-3.37.3.jar (71 kB at 262 kB/s)
[INFO] Downloading from central: https://repo.maven.apache.org/maven2/io/quarkus/quarkus-hibernate-orm-panache/3.37.3/quarkus-hibernate-orm-panache-3.37.3.jar
[INFO] Downloaded from central: https://repo.maven.apache.org/maven2/org/eclipse/microprofile/context-propagation/microprofile-context-propagation-api/1.3/microprofile-context-propagation-api-1.3.jar (16 kB at 60 kB/s)
[INFO] Downloading from central: https://repo.maven.apache.org/maven2/io/quarkus/quarkus-hibernate-orm/3.37.3/quarkus-hibernate-orm-3.37.3.jar
[INFO] Downloaded from central: https://repo.maven.apache.org/maven2/io/quarkus/arc/arc/3.37.3/arc-3.37.3.jar (289 kB at 1.1 MB/s)
[INFO] Downloading from central: https://repo.maven.apache.org/maven2/io/quarkus/quarkus-narayana-jta/3.37.3/quarkus-narayana-jta-3.37.3.jar
[INFO] Downloaded from central: https://repo.maven.apache.org/maven2/io/quarkus/quarkus-rest-jackson-common/3.37.3/quarkus-rest-jackson-common-3.37.3.jar (14 kB at 46 kB/s)
[INFO] Downloading from central: https://repo.maven.apache.org/maven2/io/quarkus/quarkus-transaction-annotations/3.37.3/quarkus-transaction-annotations-3.37.3.jar
[INFO] Downloaded from central: https://repo.maven.apache.org/maven2/io/quarkus/quarkus-hibernate-orm-panache/3.37.3/quarkus-hibernate-orm-panache-3.37.3.jar (33 kB at 106 kB/s)
[INFO] Downloading from central: https://repo.maven.apache.org/maven2/io/quarkus/quarkus-datasource-common/3.37.3/quarkus-datasource-common-3.37.3.jar
[INFO] Downloaded from central: https://repo.maven.apache.org/maven2/io/quarkus/quarkus-hibernate-orm/3.37.3/quarkus-hibernate-orm-3.37.3.jar (312 kB at 987 kB/s)
[INFO] Downloading from central: https://repo.maven.apache.org/maven2/io/smallrye/smallrye-context-propagation-jta/2.3.0/smallrye-context-propagation-jta-2.3.0.jar
[INFO] Downloaded from central: https://repo.maven.apache.org/maven2/io/quarkus/quarkus-narayana-jta/3.37.3/quarkus-narayana-jta-3.37.3.jar (90 kB at 279 kB/s)
[INFO] Downloading from central: https://repo.maven.apache.org/maven2/io/smallrye/reactive/smallrye-reactive-converter-api/3.0.3/smallrye-reactive-converter-api-3.0.3.jar
[INFO] Downloaded from central: https://repo.maven.apache.org/maven2/io/quarkus/quarkus-transaction-annotations/3.37.3/quarkus-transaction-annotations-3.37.3.jar (6.8 kB at 20 kB/s)
[INFO] Downloading from central: https://repo.maven.apache.org/maven2/io/smallrye/reactive/smallrye-reactive-converter-mutiny/3.0.3/smallrye-reactive-converter-mutiny-3.0.3.jar
[INFO] Downloaded from central: https://repo.maven.apache.org/maven2/io/quarkus/quarkus-datasource-common/3.37.3/quarkus-datasource-common-3.37.3.jar (12 kB at 34 kB/s)
[INFO] Downloading from central: https://repo.maven.apache.org/maven2/io/smallrye/reactive/mutiny-zero-flow-adapters/1.2.1/mutiny-zero-flow-adapters-1.2.1.jar
[INFO] Downloaded from central: https://repo.maven.apache.org/maven2/io/smallrye/smallrye-context-propagation-jta/2.3.0/smallrye-context-propagation-jta-2.3.0.jar (7.8 kB at 21 kB/s)
[INFO] Downloading from central: https://repo.maven.apache.org/maven2/org/jboss/narayana/jta/narayana-jta/7.3.4.Final/narayana-jta-7.3.4.Final.jar
[INFO] Downloaded from central: https://repo.maven.apache.org/maven2/io/smallrye/reactive/smallrye-reactive-converter-api/3.0.3/smallrye-reactive-converter-api-3.0.3.jar (6.0 kB at 16 kB/s)
[INFO] Downloading from central: https://repo.maven.apache.org/maven2/org/jboss/jboss-transaction-spi/8.0.0.Final/jboss-transaction-spi-8.0.0.Final.jar
[INFO] Downloaded from central: https://repo.maven.apache.org/maven2/io/smallrye/reactive/smallrye-reactive-converter-mutiny/3.0.3/smallrye-reactive-converter-mutiny-3.0.3.jar (7.7 kB at 19 kB/s)
[INFO] Downloading from central: https://repo.maven.apache.org/maven2/jakarta/resource/jakarta.resource-api/2.1.0/jakarta.resource-api-2.1.0.jar
[INFO] Downloaded from central: https://repo.maven.apache.org/maven2/io/smallrye/reactive/mutiny-zero-flow-adapters/1.2.1/mutiny-zero-flow-adapters-1.2.1.jar (15 kB at 38 kB/s)
[INFO] Downloading from central: https://repo.maven.apache.org/maven2/org/jboss/narayana/jts/narayana-jts-integration/7.3.4.Final/narayana-jts-integration-7.3.4.Final.jar
[INFO] Downloaded from central: https://repo.maven.apache.org/maven2/org/jboss/jboss-transaction-spi/8.0.0.Final/jboss-transaction-spi-8.0.0.Final.jar (32 kB at 74 kB/s)
[INFO] Downloading from central: https://repo.maven.apache.org/maven2/org/hibernate/orm/hibernate-core/7.4.4.Final/hibernate-core-7.4.4.Final.jar
[INFO] Downloaded from central: https://repo.maven.apache.org/maven2/org/jboss/narayana/jta/narayana-jta/7.3.4.Final/narayana-jta-7.3.4.Final.jar (1.7 MB at 3.8 MB/s)
[INFO] Downloading from central: https://repo.maven.apache.org/maven2/org/hibernate/models/hibernate-models/1.1.1/hibernate-models-1.1.1.jar
[INFO] Downloaded from central: https://repo.maven.apache.org/maven2/org/jboss/narayana/jts/narayana-jts-integration/7.3.4.Final/narayana-jts-integration-7.3.4.Final.jar (49 kB at 107 kB/s)
[INFO] Downloading from central: https://repo.maven.apache.org/maven2/org/hibernate/orm/hibernate-graalvm/7.4.4.Final/hibernate-graalvm-7.4.4.Final.jar
[INFO] Downloaded from central: https://repo.maven.apache.org/maven2/io/quarkus/quarkus-ide-launcher/3.37.3/quarkus-ide-launcher-3.37.3.jar (16 MB at 36 MB/s)
[INFO] Downloading from central: https://repo.maven.apache.org/maven2/org/glassfish/jaxb/jaxb-runtime/4.0.9/jaxb-runtime-4.0.9.jar
[INFO] Downloaded from central: https://repo.maven.apache.org/maven2/jakarta/resource/jakarta.resource-api/2.1.0/jakarta.resource-api-2.1.0.jar (65 kB at 142 kB/s)
[INFO] Downloading from central: https://repo.maven.apache.org/maven2/org/glassfish/jaxb/jaxb-core/4.0.9/jaxb-core-4.0.9.jar
[INFO] Downloaded from central: https://repo.maven.apache.org/maven2/org/hibernate/models/hibernate-models/1.1.1/hibernate-models-1.1.1.jar (223 kB at 467 kB/s)
[INFO] Downloading from central: https://repo.maven.apache.org/maven2/org/eclipse/angus/angus-activation/2.0.3/angus-activation-2.0.3.jar
[INFO] Downloaded from central: https://repo.maven.apache.org/maven2/org/glassfish/jaxb/jaxb-core/4.0.9/jaxb-core-4.0.9.jar (139 kB at 276 kB/s)
[INFO] Downloading from central: https://repo.maven.apache.org/maven2/org/glassfish/jaxb/txw2/4.0.9/txw2-4.0.9.jar
[INFO] Downloaded from central: https://repo.maven.apache.org/maven2/org/eclipse/angus/angus-activation/2.0.3/angus-activation-2.0.3.jar (27 kB at 53 kB/s)
[INFO] Downloading from central: https://repo.maven.apache.org/maven2/com/sun/istack/istack-commons-runtime/4.1.2/istack-commons-runtime-4.1.2.jar
[INFO] Downloaded from central: https://repo.maven.apache.org/maven2/org/hibernate/orm/hibernate-graalvm/7.4.4.Final/hibernate-graalvm-7.4.4.Final.jar (8.3 kB at 16 kB/s)
[INFO] Downloading from central: https://repo.maven.apache.org/maven2/jakarta/xml/bind/jakarta.xml.bind-api/4.0.5/jakarta.xml.bind-api-4.0.5.jar
[INFO] Downloaded from central: https://repo.maven.apache.org/maven2/org/glassfish/jaxb/jaxb-runtime/4.0.9/jaxb-runtime-4.0.9.jar (922 kB at 1.8 MB/s)
[INFO] Downloading from central: https://repo.maven.apache.org/maven2/jakarta/activation/jakarta.activation-api/2.1.4/jakarta.activation-api-2.1.4.jar
[INFO] Downloaded from central: https://repo.maven.apache.org/maven2/com/sun/istack/istack-commons-runtime/4.1.2/istack-commons-runtime-4.1.2.jar (26 kB at 48 kB/s)
[INFO] Downloading from central: https://repo.maven.apache.org/maven2/jakarta/persistence/jakarta.persistence-api/3.2.0/jakarta.persistence-api-3.2.0.jar
[INFO] Downloaded from central: https://repo.maven.apache.org/maven2/org/glassfish/jaxb/txw2/4.0.9/txw2-4.0.9.jar (73 kB at 135 kB/s)
[INFO] Downloading from central: https://repo.maven.apache.org/maven2/org/hibernate/local-cache/quarkus-local-cache/0.5.0/quarkus-local-cache-0.5.0.jar
[INFO] Downloaded from central: https://repo.maven.apache.org/maven2/jakarta/xml/bind/jakarta.xml.bind-api/4.0.5/jakarta.xml.bind-api-4.0.5.jar (131 kB at 238 kB/s)
[INFO] Downloading from central: https://repo.maven.apache.org/maven2/io/quarkus/quarkus-caffeine/3.37.3/quarkus-caffeine-3.37.3.jar
[INFO] Downloaded from central: https://repo.maven.apache.org/maven2/jakarta/activation/jakarta.activation-api/2.1.4/jakarta.activation-api-2.1.4.jar (67 kB at 119 kB/s)
[INFO] Downloading from central: https://repo.maven.apache.org/maven2/io/quarkus/quarkus-hibernate-orm-panache-common/3.37.3/quarkus-hibernate-orm-panache-common-3.37.3.jar
[INFO] Downloaded from central: https://repo.maven.apache.org/maven2/org/hibernate/local-cache/quarkus-local-cache/0.5.0/quarkus-local-cache-0.5.0.jar (67 kB at 117 kB/s)
[INFO] Downloading from central: https://repo.maven.apache.org/maven2/io/quarkus/quarkus-panache-hibernate-common/3.37.3/quarkus-panache-hibernate-common-3.37.3.jar
[INFO] Downloaded from central: https://repo.maven.apache.org/maven2/jakarta/persistence/jakarta.persistence-api/3.2.0/jakarta.persistence-api-3.2.0.jar (196 kB at 332 kB/s)
[INFO] Downloading from central: https://repo.maven.apache.org/maven2/io/quarkus/quarkus-panache-common/3.37.3/quarkus-panache-common-3.37.3.jar
[INFO] Downloaded from central: https://repo.maven.apache.org/maven2/io/quarkus/quarkus-caffeine/3.37.3/quarkus-caffeine-3.37.3.jar (9.7 kB at 16 kB/s)
[INFO] Downloading from central: https://repo.maven.apache.org/maven2/io/quarkus/quarkus-hibernate-validator/3.37.3/quarkus-hibernate-validator-3.37.3.jar
[INFO] Downloaded from central: https://repo.maven.apache.org/maven2/io/quarkus/quarkus-hibernate-orm-panache-common/3.37.3/quarkus-hibernate-orm-panache-common-3.37.3.jar (36 kB at 59 kB/s)
[INFO] Downloading from central: https://repo.maven.apache.org/maven2/org/hibernate/validator/hibernate-validator/9.1.1.Final/hibernate-validator-9.1.1.Final.jar
[INFO] Downloaded from central: https://repo.maven.apache.org/maven2/io/quarkus/quarkus-panache-hibernate-common/3.37.3/quarkus-panache-hibernate-common-3.37.3.jar (11 kB at 18 kB/s)
[INFO] Downloading from central: https://repo.maven.apache.org/maven2/jakarta/validation/jakarta.validation-api/3.1.1/jakarta.validation-api-3.1.1.jar
[INFO] Downloaded from central: https://repo.maven.apache.org/maven2/io/quarkus/quarkus-panache-common/3.37.3/quarkus-panache-common-3.37.3.jar (16 kB at 26 kB/s)
[INFO] Downloading from central: https://repo.maven.apache.org/maven2/com/fasterxml/classmate/1.7.1/classmate-1.7.1.jar
[INFO] Downloaded from central: https://repo.maven.apache.org/maven2/org/hibernate/orm/hibernate-core/7.4.4.Final/hibernate-core-7.4.4.Final.jar (15 MB at 24 MB/s)
[INFO] Downloading from central: https://repo.maven.apache.org/maven2/org/glassfish/expressly/expressly/6.0.0/expressly-6.0.0.jar
[INFO] Downloaded from central: https://repo.maven.apache.org/maven2/io/quarkus/quarkus-hibernate-validator/3.37.3/quarkus-hibernate-validator-3.37.3.jar (73 kB at 114 kB/s)
[INFO] Downloading from central: https://repo.maven.apache.org/maven2/io/smallrye/config/smallrye-config-validator/3.17.2/smallrye-config-validator-3.17.2.jar
[INFO] Downloaded from central: https://repo.maven.apache.org/maven2/org/hibernate/validator/hibernate-validator/9.1.1.Final/hibernate-validator-9.1.1.Final.jar (1.4 MB at 2.1 MB/s)
[INFO] Downloading from central: https://repo.maven.apache.org/maven2/jakarta/ws/rs/jakarta.ws.rs-api/3.1.0/jakarta.ws.rs-api-3.1.0.jar
[INFO] Downloaded from central: https://repo.maven.apache.org/maven2/com/fasterxml/classmate/1.7.1/classmate-1.7.1.jar (68 kB at 103 kB/s)
[INFO] Downloading from central: https://repo.maven.apache.org/maven2/io/quarkus/quarkus-jdbc-postgresql/3.37.3/quarkus-jdbc-postgresql-3.37.3.jar
[INFO] Downloaded from central: https://repo.maven.apache.org/maven2/jakarta/validation/jakarta.validation-api/3.1.1/jakarta.validation-api-3.1.1.jar (106 kB at 159 kB/s)
[INFO] Downloading from central: https://repo.maven.apache.org/maven2/io/quarkus/quarkus-agroal/3.37.3/quarkus-agroal-3.37.3.jar
[INFO] Downloaded from central: https://repo.maven.apache.org/maven2/io/smallrye/config/smallrye-config-validator/3.17.2/smallrye-config-validator-3.17.2.jar (9.4 kB at 14 kB/s)
[INFO] Downloading from central: https://repo.maven.apache.org/maven2/io/quarkus/quarkus-datasource/3.37.3/quarkus-datasource-3.37.3.jar
[INFO] Downloaded from central: https://repo.maven.apache.org/maven2/org/glassfish/expressly/expressly/6.0.0/expressly-6.0.0.jar (173 kB at 254 kB/s)
[INFO] Downloading from central: https://repo.maven.apache.org/maven2/io/agroal/agroal-api/3.2.1/agroal-api-3.2.1.jar
[INFO] Downloaded from central: https://repo.maven.apache.org/maven2/io/quarkus/quarkus-jdbc-postgresql/3.37.3/quarkus-jdbc-postgresql-3.37.3.jar (25 kB at 36 kB/s)
[INFO] Downloading from central: https://repo.maven.apache.org/maven2/io/agroal/agroal-narayana/3.2.1/agroal-narayana-3.2.1.jar
[INFO] Downloaded from central: https://repo.maven.apache.org/maven2/io/quarkus/quarkus-datasource/3.37.3/quarkus-datasource-3.37.3.jar (23 kB at 33 kB/s)
[INFO] Downloading from central: https://repo.maven.apache.org/maven2/io/agroal/agroal-pool/3.2.1/agroal-pool-3.2.1.jar
[INFO] Downloaded from central: https://repo.maven.apache.org/maven2/io/quarkus/quarkus-agroal/3.37.3/quarkus-agroal-3.37.3.jar (61 kB at 86 kB/s)
[INFO] Downloading from central: https://repo.maven.apache.org/maven2/org/postgresql/postgresql/42.7.13/postgresql-42.7.13.jar
[INFO] Downloaded from central: https://repo.maven.apache.org/maven2/jakarta/ws/rs/jakarta.ws.rs-api/3.1.0/jakarta.ws.rs-api-3.1.0.jar (155 kB at 219 kB/s)
[INFO] Downloading from central: https://repo.maven.apache.org/maven2/io/quarkus/quarkus-smallrye-openapi/3.37.3/quarkus-smallrye-openapi-3.37.3.jar
[INFO] Downloaded from central: https://repo.maven.apache.org/maven2/io/agroal/agroal-api/3.2.1/agroal-api-3.2.1.jar (68 kB at 95 kB/s)
[INFO] Downloading from central: https://repo.maven.apache.org/maven2/io/smallrye/smallrye-open-api-core/4.3.3/smallrye-open-api-core-4.3.3.jar
[INFO] Downloaded from central: https://repo.maven.apache.org/maven2/io/agroal/agroal-narayana/3.2.1/agroal-narayana-3.2.1.jar (21 kB at 28 kB/s)
[INFO] Downloading from central: https://repo.maven.apache.org/maven2/org/eclipse/microprofile/openapi/microprofile-openapi-api/4.1.1/microprofile-openapi-api-4.1.1.jar
[INFO] Downloaded from central: https://repo.maven.apache.org/maven2/io/agroal/agroal-pool/3.2.1/agroal-pool-3.2.1.jar (151 kB at 204 kB/s)
[INFO] Downloading from central: https://repo.maven.apache.org/maven2/io/smallrye/smallrye-open-api-model/4.3.3/smallrye-open-api-model-4.3.3.jar
[INFO] Downloaded from central: https://repo.maven.apache.org/maven2/io/quarkus/quarkus-smallrye-openapi/3.37.3/quarkus-smallrye-openapi-3.37.3.jar (48 kB at 65 kB/s)
[INFO] Downloading from central: https://repo.maven.apache.org/maven2/io/quarkus/quarkus-swagger-ui/3.37.3/quarkus-swagger-ui-3.37.3.jar
[INFO] Downloaded from central: https://repo.maven.apache.org/maven2/org/postgresql/postgresql/42.7.13/postgresql-42.7.13.jar (1.2 MB at 1.6 MB/s)
[INFO] Downloading from central: https://repo.maven.apache.org/maven2/io/quarkiverse/openapi/generator/quarkus-openapi-generator-server/2.21.0/quarkus-openapi-generator-server-2.21.0.jar
[INFO] Downloaded from central: https://repo.maven.apache.org/maven2/io/smallrye/smallrye-open-api-core/4.3.3/smallrye-open-api-core-4.3.3.jar (647 kB at 848 kB/s)
[INFO] Downloading from central: https://repo.maven.apache.org/maven2/io/quarkus/quarkus-qute/3.37.3/quarkus-qute-3.37.3.jar
[INFO] Downloaded from central: https://repo.maven.apache.org/maven2/org/eclipse/microprofile/openapi/microprofile-openapi-api/4.1.1/microprofile-openapi-api-4.1.1.jar (113 kB at 148 kB/s)
[INFO] Downloading from central: https://repo.maven.apache.org/maven2/io/quarkus/quarkus-smallrye-health/3.37.3/quarkus-smallrye-health-3.37.3.jar
[INFO] Downloaded from central: https://repo.maven.apache.org/maven2/io/smallrye/smallrye-open-api-model/4.3.3/smallrye-open-api-model-4.3.3.jar (36 kB at 47 kB/s)
[INFO] Downloading from central: https://repo.maven.apache.org/maven2/io/smallrye/smallrye-health/4.3.0/smallrye-health-4.3.0.jar
[INFO] Downloaded from central: https://repo.maven.apache.org/maven2/io/quarkus/quarkus-swagger-ui/3.37.3/quarkus-swagger-ui-3.37.3.jar (11 kB at 14 kB/s)
[INFO] Downloading from central: https://repo.maven.apache.org/maven2/org/eclipse/microprofile/health/microprofile-health-api/4.0.1/microprofile-health-api-4.0.1.jar
[INFO] Downloaded from central: https://repo.maven.apache.org/maven2/io/quarkus/quarkus-smallrye-health/3.37.3/quarkus-smallrye-health-3.37.3.jar (33 kB at 42 kB/s)
[INFO] Downloading from central: https://repo.maven.apache.org/maven2/io/smallrye/smallrye-health-api/4.3.0/smallrye-health-api-4.3.0.jar
[INFO] Downloaded from central: https://repo.maven.apache.org/maven2/io/quarkus/quarkus-qute/3.37.3/quarkus-qute-3.37.3.jar (105 kB at 133 kB/s)
[INFO] Downloading from central: https://repo.maven.apache.org/maven2/io/smallrye/smallrye-health-provided-checks/4.3.0/smallrye-health-provided-checks-4.3.0.jar
[INFO] Downloaded from central: https://repo.maven.apache.org/maven2/io/smallrye/smallrye-health/4.3.0/smallrye-health-4.3.0.jar (37 kB at 46 kB/s)
[INFO] Downloading from central: https://repo.maven.apache.org/maven2/io/quarkus/quarkus-jsonp/3.37.3/quarkus-jsonp-3.37.3.jar
[INFO] Downloaded from central: https://repo.maven.apache.org/maven2/org/eclipse/microprofile/health/microprofile-health-api/4.0.1/microprofile-health-api-4.0.1.jar (17 kB at 21 kB/s)
[INFO] Downloading from central: https://repo.maven.apache.org/maven2/org/mapstruct/mapstruct/1.6.3/mapstruct-1.6.3.jar
[INFO] Downloaded from central: https://repo.maven.apache.org/maven2/io/smallrye/smallrye-health-api/4.3.0/smallrye-health-api-4.3.0.jar (8.0 kB at 9.7 kB/s)
[INFO] Downloaded from central: https://repo.maven.apache.org/maven2/io/quarkus/quarkus-jsonp/3.37.3/quarkus-jsonp-3.37.3.jar (7.5 kB at 9.1 kB/s)
[INFO] Downloading from central: https://repo.maven.apache.org/maven2/io/quarkus/quarkus-micrometer-opentelemetry/3.37.3/quarkus-micrometer-opentelemetry-3.37.3.jar
[INFO] Downloading from central: https://repo.maven.apache.org/maven2/io/quarkus/quarkus-micrometer/3.37.3/quarkus-micrometer-3.37.3.jar
[INFO] Downloaded from central: https://repo.maven.apache.org/maven2/io/smallrye/smallrye-health-provided-checks/4.3.0/smallrye-health-provided-checks-4.3.0.jar (16 kB at 19 kB/s)
[INFO] Downloading from central: https://repo.maven.apache.org/maven2/io/vertx/vertx-codegen/4.5.28/vertx-codegen-4.5.28.jar
[INFO] Downloaded from central: https://repo.maven.apache.org/maven2/org/mapstruct/mapstruct/1.6.3/mapstruct-1.6.3.jar (34 kB at 41 kB/s)
[INFO] Downloading from central: https://repo.maven.apache.org/maven2/io/micrometer/micrometer-core/1.16.6/micrometer-core-1.16.6.jar
[INFO] Downloaded from central: https://repo.maven.apache.org/maven2/io/vertx/vertx-codegen/4.5.28/vertx-codegen-4.5.28.jar (204 kB at 234 kB/s)
[INFO] Downloading from central: https://repo.maven.apache.org/maven2/io/micrometer/micrometer-commons/1.16.6/micrometer-commons-1.16.6.jar
[INFO] Downloaded from central: https://repo.maven.apache.org/maven2/io/quarkus/quarkus-micrometer-opentelemetry/3.37.3/quarkus-micrometer-opentelemetry-3.37.3.jar (11 kB at 12 kB/s)
[INFO] Downloading from central: https://repo.maven.apache.org/maven2/io/micrometer/micrometer-observation/1.16.6/micrometer-observation-1.16.6.jar
[INFO] Downloaded from central: https://repo.maven.apache.org/maven2/io/quarkus/quarkus-micrometer/3.37.3/quarkus-micrometer-3.37.3.jar (226 kB at 256 kB/s)
[INFO] Downloading from central: https://repo.maven.apache.org/maven2/io/opentelemetry/instrumentation/opentelemetry-micrometer-1.5/2.26.1-alpha/opentelemetry-micrometer-1.5-2.26.1-alpha.jar
[INFO] Downloaded from central: https://repo.maven.apache.org/maven2/io/micrometer/micrometer-core/1.16.6/micrometer-core-1.16.6.jar (911 kB at 1.0 MB/s)
[INFO] Downloading from central: https://repo.maven.apache.org/maven2/io/opentelemetry/opentelemetry-api/1.60.1/opentelemetry-api-1.60.1.jar
[INFO] Downloaded from central: https://repo.maven.apache.org/maven2/io/micrometer/micrometer-commons/1.16.6/micrometer-commons-1.16.6.jar (52 kB at 57 kB/s)
[INFO] Downloading from central: https://repo.maven.apache.org/maven2/io/opentelemetry/opentelemetry-context/1.60.1/opentelemetry-context-1.60.1.jar
[INFO] Downloaded from central: https://repo.maven.apache.org/maven2/io/micrometer/micrometer-observation/1.16.6/micrometer-observation-1.16.6.jar (84 kB at 92 kB/s)
[INFO] Downloading from central: https://repo.maven.apache.org/maven2/io/opentelemetry/opentelemetry-common/1.60.1/opentelemetry-common-1.60.1.jar
[INFO] Downloaded from central: https://repo.maven.apache.org/maven2/io/opentelemetry/opentelemetry-api/1.60.1/opentelemetry-api-1.60.1.jar (170 kB at 186 kB/s)
[INFO] Downloading from central: https://repo.maven.apache.org/maven2/io/quarkus/quarkus-container-image-docker/3.37.3/quarkus-container-image-docker-3.37.3.jar
[INFO] Downloaded from central: https://repo.maven.apache.org/maven2/io/opentelemetry/instrumentation/opentelemetry-micrometer-1.5/2.26.1-alpha/opentelemetry-micrometer-1.5-2.26.1-alpha.jar (46 kB at 50 kB/s)
[INFO] Downloading from central: https://repo.maven.apache.org/maven2/io/quarkus/quarkus-container-image-docker-common/3.37.3/quarkus-container-image-docker-common-3.37.3.jar
[INFO] Downloaded from central: https://repo.maven.apache.org/maven2/io/opentelemetry/opentelemetry-context/1.60.1/opentelemetry-context-1.60.1.jar (50 kB at 52 kB/s)
[INFO] Downloading from central: https://repo.maven.apache.org/maven2/io/quarkus/quarkus-openshift/3.37.3/quarkus-openshift-3.37.3.jar
[INFO] Downloaded from central: https://repo.maven.apache.org/maven2/io/opentelemetry/opentelemetry-common/1.60.1/opentelemetry-common-1.60.1.jar (2.1 kB at 2.2 kB/s)
[INFO] Downloading from central: https://repo.maven.apache.org/maven2/io/quarkus/quarkus-kubernetes-client-internal/3.37.3/quarkus-kubernetes-client-internal-3.37.3.jar
[INFO] Downloaded from central: https://repo.maven.apache.org/maven2/io/quarkus/quarkus-container-image-docker/3.37.3/quarkus-container-image-docker-3.37.3.jar (6.9 kB at 7.2 kB/s)
[INFO] Downloading from central: https://repo.maven.apache.org/maven2/io/quarkus/quarkus-container-image-openshift/3.37.3/quarkus-container-image-openshift-3.37.3.jar
[INFO] Downloaded from central: https://repo.maven.apache.org/maven2/io/quarkus/quarkus-container-image-docker-common/3.37.3/quarkus-container-image-docker-common-3.37.3.jar (6.8 kB at 7.2 kB/s)
[INFO] Downloading from central: https://repo.maven.apache.org/maven2/io/quarkus/quarkus-minikube/3.37.3/quarkus-minikube-3.37.3.jar
[INFO] Downloaded from central: https://repo.maven.apache.org/maven2/io/quarkiverse/openapi/generator/quarkus-openapi-generator-server/2.21.0/quarkus-openapi-generator-server-2.21.0.jar (3.4 kB at 3.5 kB/s)
[INFO] Downloading from central: https://repo.maven.apache.org/maven2/io/quarkus/quarkus-kubernetes/3.37.3/quarkus-kubernetes-3.37.3.jar
[INFO] Downloaded from central: https://repo.maven.apache.org/maven2/io/quarkus/quarkus-container-image-openshift/3.37.3/quarkus-container-image-openshift-3.37.3.jar (7.1 kB at 7.1 kB/s)
[INFO] Downloading from central: https://repo.maven.apache.org/maven2/io/quarkus/quarkus-container-image/3.37.3/quarkus-container-image-3.37.3.jar
[INFO] Downloaded from central: https://repo.maven.apache.org/maven2/io/quarkus/quarkus-kubernetes-client-internal/3.37.3/quarkus-kubernetes-client-internal-3.37.3.jar (26 kB at 26 kB/s)
[INFO] Downloaded from central: https://repo.maven.apache.org/maven2/io/quarkus/quarkus-minikube/3.37.3/quarkus-minikube-3.37.3.jar (6.8 kB at 6.8 kB/s)
[INFO] Downloading from central: https://repo.maven.apache.org/maven2/io/quarkiverse/helm/quarkus-helm/1.4.1/quarkus-helm-1.4.1.jar
[INFO] Downloading from central: https://repo.maven.apache.org/maven2/io/quarkus/quarkus-rest-qute/3.37.3/quarkus-rest-qute-3.37.3.jar
[INFO] Downloaded from central: https://repo.maven.apache.org/maven2/io/quarkus/quarkus-kubernetes/3.37.3/quarkus-kubernetes-3.37.3.jar (6.9 kB at 6.7 kB/s)
[INFO] Downloading from central: https://repo.maven.apache.org/maven2/io/quarkus/quarkus-opentelemetry/3.37.3/quarkus-opentelemetry-3.37.3.jar
[INFO] Downloaded from central: https://repo.maven.apache.org/maven2/io/quarkus/quarkus-container-image/3.37.3/quarkus-container-image-3.37.3.jar (6.9 kB at 6.7 kB/s)
[INFO] Downloading from central: https://repo.maven.apache.org/maven2/io/quarkus/quarkus-tls-registry/3.37.3/quarkus-tls-registry-3.37.3.jar
[INFO] Downloaded from central: https://repo.maven.apache.org/maven2/io/quarkus/quarkus-rest-qute/3.37.3/quarkus-rest-qute-3.37.3.jar (15 kB at 14 kB/s)
[INFO] Downloading from central: https://repo.maven.apache.org/maven2/io/quarkus/quarkus-tls-registry-spi/3.37.3/quarkus-tls-registry-spi-3.37.3.jar
[INFO] Downloaded from central: https://repo.maven.apache.org/maven2/io/quarkiverse/helm/quarkus-helm/1.4.1/quarkus-helm-1.4.1.jar (3.4 kB at 3.3 kB/s)
[INFO] Downloading from central: https://repo.maven.apache.org/maven2/io/smallrye/certs/smallrye-private-key-pem-parser/0.9.3/smallrye-private-key-pem-parser-0.9.3.jar
[INFO] Downloaded from central: https://repo.maven.apache.org/maven2/io/quarkus/quarkus-opentelemetry/3.37.3/quarkus-opentelemetry-3.37.3.jar (346 kB at 324 kB/s)
[INFO] Downloading from central: https://repo.maven.apache.org/maven2/io/quarkus/quarkus-vertx/3.37.3/quarkus-vertx-3.37.3.jar
[INFO] Downloaded from central: https://repo.maven.apache.org/maven2/io/quarkus/quarkus-tls-registry-spi/3.37.3/quarkus-tls-registry-spi-3.37.3.jar (13 kB at 12 kB/s)
[INFO] Downloading from central: https://repo.maven.apache.org/maven2/io/quarkus/quarkus-netty/3.37.3/quarkus-netty-3.37.3.jar
[INFO] Downloaded from central: https://repo.maven.apache.org/maven2/io/smallrye/certs/smallrye-private-key-pem-parser/0.9.3/smallrye-private-key-pem-parser-0.9.3.jar (20 kB at 19 kB/s)
[INFO] Downloading from central: https://repo.maven.apache.org/maven2/io/netty/netty-codec/4.1.135.Final/netty-codec-4.1.135.Final.jar
[INFO] Downloaded from central: https://repo.maven.apache.org/maven2/io/quarkus/quarkus-tls-registry/3.37.3/quarkus-tls-registry-3.37.3.jar (96 kB at 90 kB/s)
[INFO] Downloading from central: https://repo.maven.apache.org/maven2/io/netty/netty-codec-http/4.1.135.Final/netty-codec-http-4.1.135.Final.jar
[INFO] Downloaded from central: https://repo.maven.apache.org/maven2/io/quarkus/quarkus-openshift/3.37.3/quarkus-openshift-3.37.3.jar (7.0 kB at 6.5 kB/s)
[INFO] Downloading from central: https://repo.maven.apache.org/maven2/io/netty/netty-codec-http2/4.1.135.Final/netty-codec-http2-4.1.135.Final.jar
[INFO] Downloaded from central: https://repo.maven.apache.org/maven2/io/netty/netty-codec/4.1.135.Final/netty-codec-4.1.135.Final.jar (359 kB at 324 kB/s)
[INFO] Downloading from central: https://repo.maven.apache.org/maven2/io/netty/netty-handler/4.1.135.Final/netty-handler-4.1.135.Final.jar
[INFO] Downloaded from central: https://repo.maven.apache.org/maven2/io/netty/netty-codec-http/4.1.135.Final/netty-codec-http-4.1.135.Final.jar (691 kB at 621 kB/s)
[INFO] Downloading from central: https://repo.maven.apache.org/maven2/io/netty/netty-transport-native-unix-common/4.1.135.Final/netty-transport-native-unix-common-4.1.135.Final.jar
[INFO] Downloaded from central: https://repo.maven.apache.org/maven2/io/quarkus/quarkus-vertx/3.37.3/quarkus-vertx-3.37.3.jar (147 kB at 132 kB/s)
[INFO] Downloading from central: https://repo.maven.apache.org/maven2/io/netty/netty-codec-haproxy/4.1.135.Final/netty-codec-haproxy-4.1.135.Final.jar
[INFO] Downloaded from central: https://repo.maven.apache.org/maven2/io/quarkus/quarkus-netty/3.37.3/quarkus-netty-3.37.3.jar (68 kB at 61 kB/s)
[INFO] Downloading from central: https://repo.maven.apache.org/maven2/io/netty/netty-buffer/4.1.135.Final/netty-buffer-4.1.135.Final.jar
[INFO] Downloaded from central: https://repo.maven.apache.org/maven2/io/netty/netty-codec-http2/4.1.135.Final/netty-codec-http2-4.1.135.Final.jar (503 kB at 450 kB/s)
[INFO] Downloading from central: https://repo.maven.apache.org/maven2/io/netty/netty-transport/4.1.135.Final/netty-transport-4.1.135.Final.jar
[INFO] Downloaded from central: https://repo.maven.apache.org/maven2/io/netty/netty-transport-native-unix-common/4.1.135.Final/netty-transport-native-unix-common-4.1.135.Final.jar (44 kB at 39 kB/s)
[INFO] Downloading from central: https://repo.maven.apache.org/maven2/io/quarkus/quarkus-vertx-latebound-mdc-provider/3.37.3/quarkus-vertx-latebound-mdc-provider-3.37.3.jar
[INFO] Downloaded from central: https://repo.maven.apache.org/maven2/io/netty/netty-handler/4.1.135.Final/netty-handler-4.1.135.Final.jar (587 kB at 512 kB/s)
[INFO] Downloading from central: https://repo.maven.apache.org/maven2/io/smallrye/reactive/smallrye-mutiny-vertx-core/3.22.2/smallrye-mutiny-vertx-core-3.22.2.jar
[INFO] Downloaded from central: https://repo.maven.apache.org/maven2/io/netty/netty-buffer/4.1.135.Final/netty-buffer-4.1.135.Final.jar (359 kB at 310 kB/s)
[INFO] Downloading from central: https://repo.maven.apache.org/maven2/io/smallrye/reactive/smallrye-mutiny-vertx-runtime/3.22.2/smallrye-mutiny-vertx-runtime-3.22.2.jar
[INFO] Downloaded from central: https://repo.maven.apache.org/maven2/io/netty/netty-transport/4.1.135.Final/netty-transport-4.1.135.Final.jar (522 kB at 450 kB/s)
[INFO] Downloading from central: https://repo.maven.apache.org/maven2/io/smallrye/smallrye-fault-tolerance-vertx/6.11.1/smallrye-fault-tolerance-vertx-6.11.1.jar
[INFO] Downloaded from central: https://repo.maven.apache.org/maven2/io/netty/netty-codec-haproxy/4.1.135.Final/netty-codec-haproxy-4.1.135.Final.jar (38 kB at 33 kB/s)
[INFO] Downloading from central: https://repo.maven.apache.org/maven2/io/quarkus/quarkus-security-runtime-spi/3.37.3/quarkus-security-runtime-spi-3.37.3.jar
[INFO] Downloaded from central: https://repo.maven.apache.org/maven2/io/quarkus/quarkus-vertx-latebound-mdc-provider/3.37.3/quarkus-vertx-latebound-mdc-provider-3.37.3.jar (9.9 kB at 8.4 kB/s)
[INFO] Downloading from central: https://repo.maven.apache.org/maven2/io/quarkus/quarkus-grpc-common/3.37.3/quarkus-grpc-common-3.37.3.jar
[INFO] Downloaded from central: https://repo.maven.apache.org/maven2/io/smallrye/reactive/smallrye-mutiny-vertx-core/3.22.2/smallrye-mutiny-vertx-core-3.22.2.jar (341 kB at 289 kB/s)
[INFO] Downloading from central: https://repo.maven.apache.org/maven2/io/vertx/vertx-grpc/4.5.28/vertx-grpc-4.5.28.jar
[INFO] Downloaded from central: https://repo.maven.apache.org/maven2/io/smallrye/reactive/smallrye-mutiny-vertx-runtime/3.22.2/smallrye-mutiny-vertx-runtime-3.22.2.jar (29 kB at 24 kB/s)
[INFO] Downloading from central: https://repo.maven.apache.org/maven2/io/grpc/grpc-netty/1.81.0/grpc-netty-1.81.0.jar
[INFO] Downloaded from central: https://repo.maven.apache.org/maven2/io/smallrye/smallrye-fault-tolerance-vertx/6.11.1/smallrye-fault-tolerance-vertx-6.11.1.jar (9.6 kB at 8.0 kB/s)
[INFO] Downloading from central: https://repo.maven.apache.org/maven2/io/grpc/grpc-util/1.81.0/grpc-util-1.81.0.jar
[INFO] Downloaded from central: https://repo.maven.apache.org/maven2/io/quarkus/quarkus-security-runtime-spi/3.37.3/quarkus-security-runtime-spi-3.37.3.jar (29 kB at 24 kB/s)
[INFO] Downloading from central: https://repo.maven.apache.org/maven2/io/grpc/grpc-protobuf/1.81.0/grpc-protobuf-1.81.0.jar
[INFO] Downloaded from central: https://repo.maven.apache.org/maven2/io/vertx/vertx-grpc/4.5.28/vertx-grpc-4.5.28.jar (33 kB at 27 kB/s)
[INFO] Downloading from central: https://repo.maven.apache.org/maven2/com/google/protobuf/protobuf-java/4.35.0/protobuf-java-4.35.0.jar
[INFO] Downloaded from central: https://repo.maven.apache.org/maven2/io/quarkus/quarkus-grpc-common/3.37.3/quarkus-grpc-common-3.37.3.jar (19 kB at 15 kB/s)
[INFO] Downloading from central: https://repo.maven.apache.org/maven2/com/google/api/grpc/proto-google-common-protos/2.71.0/proto-google-common-protos-2.71.0.jar
[INFO] Downloaded from central: https://repo.maven.apache.org/maven2/io/grpc/grpc-netty/1.81.0/grpc-netty-1.81.0.jar (310 kB at 254 kB/s)
[INFO] Downloading from central: https://repo.maven.apache.org/maven2/io/grpc/grpc-protobuf-lite/1.81.0/grpc-protobuf-lite-1.81.0.jar
[INFO] Downloaded from central: https://repo.maven.apache.org/maven2/io/grpc/grpc-util/1.81.0/grpc-util-1.81.0.jar (109 kB at 89 kB/s)
[INFO] Downloading from central: https://repo.maven.apache.org/maven2/io/vertx/vertx-grpc-server/4.5.28/vertx-grpc-server-4.5.28.jar
[INFO] Downloaded from central: https://repo.maven.apache.org/maven2/com/google/protobuf/protobuf-java/4.35.0/protobuf-java-4.35.0.jar (1.8 MB at 1.5 MB/s)
[INFO] Downloading from central: https://repo.maven.apache.org/maven2/io/grpc/grpc-core/1.81.0/grpc-core-1.81.0.jar
[INFO] Downloaded from central: https://repo.maven.apache.org/maven2/io/grpc/grpc-protobuf/1.81.0/grpc-protobuf-1.81.0.jar (5.2 kB at 4.1 kB/s)
[INFO] Downloading from central: https://repo.maven.apache.org/maven2/io/perfmark/perfmark-api/0.27.0/perfmark-api-0.27.0.jar
[INFO] Downloaded from central: https://repo.maven.apache.org/maven2/io/grpc/grpc-protobuf-lite/1.81.0/grpc-protobuf-lite-1.81.0.jar (7.8 kB at 6.2 kB/s)
[INFO] Downloading from central: https://repo.maven.apache.org/maven2/io/grpc/grpc-context/1.81.0/grpc-context-1.81.0.jar
[INFO] Downloaded from central: https://repo.maven.apache.org/maven2/io/vertx/vertx-grpc-server/4.5.28/vertx-grpc-server-4.5.28.jar (31 kB at 24 kB/s)
[INFO] Downloading from central: https://repo.maven.apache.org/maven2/io/smallrye/common/smallrye-common-vertx-context/2.18.1/smallrye-common-vertx-context-2.18.1.jar
[INFO] Downloaded from central: https://repo.maven.apache.org/maven2/io/perfmark/perfmark-api/0.27.0/perfmark-api-0.27.0.jar (7.0 kB at 5.3 kB/s)
[INFO] Downloading from central: https://repo.maven.apache.org/maven2/io/vertx/vertx-core/4.5.28/vertx-core-4.5.28.jar
[INFO] Downloaded from central: https://repo.maven.apache.org/maven2/io/grpc/grpc-context/1.81.0/grpc-context-1.81.0.jar (292 B at 223 B/s)
[INFO] Downloading from central: https://repo.maven.apache.org/maven2/io/netty/netty-common/4.1.135.Final/netty-common-4.1.135.Final.jar
[INFO] Downloaded from central: https://repo.maven.apache.org/maven2/io/grpc/grpc-core/1.81.0/grpc-core-1.81.0.jar (655 kB at 502 kB/s)
[INFO] Downloading from central: https://repo.maven.apache.org/maven2/io/netty/netty-handler-proxy/4.1.135.Final/netty-handler-proxy-4.1.135.Final.jar
[INFO] Downloaded from central: https://repo.maven.apache.org/maven2/io/smallrye/common/smallrye-common-vertx-context/2.18.1/smallrye-common-vertx-context-2.18.1.jar (7.2 kB at 5.5 kB/s)
[INFO] Downloading from central: https://repo.maven.apache.org/maven2/io/netty/netty-codec-socks/4.1.135.Final/netty-codec-socks-4.1.135.Final.jar
[INFO] Downloaded from central: https://repo.maven.apache.org/maven2/com/google/api/grpc/proto-google-common-protos/2.71.0/proto-google-common-protos-2.71.0.jar (2.8 MB at 2.2 MB/s)
[INFO] Downloading from central: https://repo.maven.apache.org/maven2/io/netty/netty-resolver/4.1.135.Final/netty-resolver-4.1.135.Final.jar
[INFO] Downloaded from central: https://repo.maven.apache.org/maven2/io/vertx/vertx-core/4.5.28/vertx-core-4.5.28.jar (1.7 MB at 1.2 MB/s)
[INFO] Downloading from central: https://repo.maven.apache.org/maven2/io/netty/netty-resolver-dns/4.1.135.Final/netty-resolver-dns-4.1.135.Final.jar
[INFO] Downloaded from central: https://repo.maven.apache.org/maven2/io/netty/netty-common/4.1.135.Final/netty-common-4.1.135.Final.jar (739 kB at 545 kB/s)
[INFO] Downloading from central: https://repo.maven.apache.org/maven2/io/netty/netty-codec-dns/4.1.135.Final/netty-codec-dns-4.1.135.Final.jar
[INFO] Downloaded from central: https://repo.maven.apache.org/maven2/io/netty/netty-resolver/4.1.135.Final/netty-resolver-4.1.135.Final.jar (38 kB at 28 kB/s)
[INFO] Downloading from central: https://repo.maven.apache.org/maven2/io/netty/netty-tcnative-classes/2.0.77.Final/netty-tcnative-classes-2.0.77.Final.jar
[INFO] Downloaded from central: https://repo.maven.apache.org/maven2/io/netty/netty-codec-socks/4.1.135.Final/netty-codec-socks-4.1.135.Final.jar (121 kB at 89 kB/s)
[INFO] Downloading from central: https://repo.maven.apache.org/maven2/io/quarkus/quarkus-websockets-next-spi/3.37.3/quarkus-websockets-next-spi-3.37.3.jar
[INFO] Downloaded from central: https://repo.maven.apache.org/maven2/io/netty/netty-handler-proxy/4.1.135.Final/netty-handler-proxy-4.1.135.Final.jar (26 kB at 19 kB/s)
[INFO] Downloading from central: https://repo.maven.apache.org/maven2/io/opentelemetry/opentelemetry-sdk-extension-autoconfigure/1.60.1/opentelemetry-sdk-extension-autoconfigure-1.60.1.jar
[INFO] Downloaded from central: https://repo.maven.apache.org/maven2/io/netty/netty-resolver-dns/4.1.135.Final/netty-resolver-dns-4.1.135.Final.jar (189 kB at 136 kB/s)
[INFO] Downloading from central: https://repo.maven.apache.org/maven2/io/opentelemetry/opentelemetry-sdk/1.60.1/opentelemetry-sdk-1.60.1.jar
[INFO] Downloaded from central: https://repo.maven.apache.org/maven2/io/opentelemetry/opentelemetry-sdk-extension-autoconfigure/1.60.1/opentelemetry-sdk-extension-autoconfigure-1.60.1.jar (51 kB at 36 kB/s)
[INFO] Downloading from central: https://repo.maven.apache.org/maven2/io/opentelemetry/opentelemetry-sdk-common/1.60.1/opentelemetry-sdk-common-1.60.1.jar
[INFO] Downloaded from central: https://repo.maven.apache.org/maven2/io/netty/netty-codec-dns/4.1.135.Final/netty-codec-dns-4.1.135.Final.jar (68 kB at 49 kB/s)
[INFO] Downloading from central: https://repo.maven.apache.org/maven2/io/opentelemetry/opentelemetry-sdk-trace/1.60.1/opentelemetry-sdk-trace-1.60.1.jar
[INFO] Downloaded from central: https://repo.maven.apache.org/maven2/io/netty/netty-tcnative-classes/2.0.77.Final/netty-tcnative-classes-2.0.77.Final.jar (37 kB at 27 kB/s)
[INFO] Downloading from central: https://repo.maven.apache.org/maven2/io/opentelemetry/opentelemetry-sdk-metrics/1.60.1/opentelemetry-sdk-metrics-1.60.1.jar
[INFO] Downloaded from central: https://repo.maven.apache.org/maven2/io/quarkus/quarkus-websockets-next-spi/3.37.3/quarkus-websockets-next-spi-3.37.3.jar (12 kB at 8.4 kB/s)
[INFO] Downloading from central: https://repo.maven.apache.org/maven2/io/opentelemetry/opentelemetry-sdk-logs/1.60.1/opentelemetry-sdk-logs-1.60.1.jar
[INFO] Downloaded from central: https://repo.maven.apache.org/maven2/io/opentelemetry/opentelemetry-sdk/1.60.1/opentelemetry-sdk-1.60.1.jar (12 kB at 8.7 kB/s)
[INFO] Downloading from central: https://repo.maven.apache.org/maven2/io/opentelemetry/opentelemetry-sdk-extension-autoconfigure-spi/1.60.1/opentelemetry-sdk-extension-autoconfigure-spi-1.60.1.jar
[INFO] Downloaded from central: https://repo.maven.apache.org/maven2/io/opentelemetry/opentelemetry-sdk-common/1.60.1/opentelemetry-sdk-common-1.60.1.jar (83 kB at 58 kB/s)
[INFO] Downloading from central: https://repo.maven.apache.org/maven2/io/opentelemetry/semconv/opentelemetry-semconv/1.40.0/opentelemetry-semconv-1.40.0.jar
[INFO] Downloaded from central: https://repo.maven.apache.org/maven2/io/opentelemetry/opentelemetry-sdk-metrics/1.60.1/opentelemetry-sdk-metrics-1.60.1.jar (348 kB at 243 kB/s)
[INFO] Downloading from central: https://repo.maven.apache.org/maven2/io/opentelemetry/semconv/opentelemetry-semconv-incubating/1.40.0-alpha/opentelemetry-semconv-incubating-1.40.0-alpha.jar
[INFO] Downloaded from central: https://repo.maven.apache.org/maven2/io/opentelemetry/opentelemetry-sdk-trace/1.60.1/opentelemetry-sdk-trace-1.60.1.jar (142 kB at 99 kB/s)
[INFO] Downloading from central: https://repo.maven.apache.org/maven2/io/opentelemetry/opentelemetry-api-incubator/1.60.1-alpha/opentelemetry-api-incubator-1.60.1-alpha.jar
[INFO] Downloaded from central: https://repo.maven.apache.org/maven2/io/opentelemetry/opentelemetry-sdk-logs/1.60.1/opentelemetry-sdk-logs-1.60.1.jar (78 kB at 54 kB/s)
[INFO] Downloading from central: https://repo.maven.apache.org/maven2/io/opentelemetry/instrumentation/opentelemetry-instrumentation-api/2.26.1/opentelemetry-instrumentation-api-2.26.1.jar
[INFO] Downloaded from central: https://repo.maven.apache.org/maven2/io/opentelemetry/opentelemetry-sdk-extension-autoconfigure-spi/1.60.1/opentelemetry-sdk-extension-autoconfigure-spi-1.60.1.jar (19 kB at 13 kB/s)
[INFO] Downloading from central: https://repo.maven.apache.org/maven2/io/opentelemetry/instrumentation/opentelemetry-instrumentation-annotations/2.26.1/opentelemetry-instrumentation-annotations-2.26.1.jar
[INFO] Downloaded from central: https://repo.maven.apache.org/maven2/io/opentelemetry/semconv/opentelemetry-semconv/1.40.0/opentelemetry-semconv-1.40.0.jar (19 kB at 13 kB/s)
[INFO] Downloading from central: https://repo.maven.apache.org/maven2/io/opentelemetry/instrumentation/opentelemetry-instrumentation-annotations-support/2.26.1-alpha/opentelemetry-instrumentation-annotations-support-2.26.1-alpha.jar
[INFO] Downloaded from central: https://repo.maven.apache.org/maven2/io/opentelemetry/opentelemetry-api-incubator/1.60.1-alpha/opentelemetry-api-incubator-1.60.1-alpha.jar (91 kB at 62 kB/s)
[INFO] Downloading from central: https://repo.maven.apache.org/maven2/io/opentelemetry/instrumentation/opentelemetry-instrumentation-api-incubator/2.26.1-alpha/opentelemetry-instrumentation-api-incubator-2.26.1-alpha.jar
[INFO] Downloaded from central: https://repo.maven.apache.org/maven2/io/opentelemetry/semconv/opentelemetry-semconv-incubating/1.40.0-alpha/opentelemetry-semconv-incubating-1.40.0-alpha.jar (197 kB at 133 kB/s)
[INFO] Downloading from central: https://repo.maven.apache.org/maven2/io/opentelemetry/opentelemetry-exporter-otlp-common/1.60.1/opentelemetry-exporter-otlp-common-1.60.1.jar
[INFO] Downloaded from central: https://repo.maven.apache.org/maven2/io/opentelemetry/instrumentation/opentelemetry-instrumentation-annotations/2.26.1/opentelemetry-instrumentation-annotations-2.26.1.jar (2.9 kB at 1.9 kB/s)
[INFO] Downloading from central: https://repo.maven.apache.org/maven2/io/opentelemetry/opentelemetry-exporter-common/1.60.1/opentelemetry-exporter-common-1.60.1.jar
[INFO] Downloaded from central: https://repo.maven.apache.org/maven2/io/opentelemetry/instrumentation/opentelemetry-instrumentation-api/2.26.1/opentelemetry-instrumentation-api-2.26.1.jar (243 kB at 164 kB/s)
[INFO] Downloading from central: https://repo.maven.apache.org/maven2/io/opentelemetry/opentelemetry-exporter-otlp/1.60.1/opentelemetry-exporter-otlp-1.60.1.jar
[INFO] Downloaded from central: https://repo.maven.apache.org/maven2/io/opentelemetry/instrumentation/opentelemetry-instrumentation-annotations-support/2.26.1-alpha/opentelemetry-instrumentation-annotations-support-2.26.1-alpha.jar (34 kB at 22 kB/s)
[INFO] Downloading from central: https://repo.maven.apache.org/maven2/io/opentelemetry/instrumentation/opentelemetry-runtime-telemetry-java17/2.26.1-alpha/opentelemetry-runtime-telemetry-java17-2.26.1-alpha.jar
[INFO] Downloaded from central: https://repo.maven.apache.org/maven2/io/opentelemetry/opentelemetry-exporter-otlp-common/1.60.1/opentelemetry-exporter-otlp-common-1.60.1.jar (225 kB at 149 kB/s)
[INFO] Downloading from central: https://repo.maven.apache.org/maven2/io/opentelemetry/instrumentation/opentelemetry-runtime-telemetry/2.26.1-alpha/opentelemetry-runtime-telemetry-2.26.1-alpha.jar
[INFO] Downloaded from central: https://repo.maven.apache.org/maven2/io/opentelemetry/instrumentation/opentelemetry-instrumentation-api-incubator/2.26.1-alpha/opentelemetry-instrumentation-api-incubator-2.26.1-alpha.jar (236 kB at 156 kB/s)
[INFO] Downloading from central: https://repo.maven.apache.org/maven2/io/vertx/vertx-grpc-client/4.5.28/vertx-grpc-client-4.5.28.jar
[INFO] Downloaded from central: https://repo.maven.apache.org/maven2/io/opentelemetry/opentelemetry-exporter-common/1.60.1/opentelemetry-exporter-common-1.60.1.jar (141 kB at 93 kB/s)
[INFO] Downloading from central: https://repo.maven.apache.org/maven2/io/vertx/vertx-grpc-common/4.5.28/vertx-grpc-common-4.5.28.jar
[INFO] Downloaded from central: https://repo.maven.apache.org/maven2/io/opentelemetry/opentelemetry-exporter-otlp/1.60.1/opentelemetry-exporter-otlp-1.60.1.jar (73 kB at 48 kB/s)
[INFO] Downloading from central: https://repo.maven.apache.org/maven2/io/grpc/grpc-stub/1.81.0/grpc-stub-1.81.0.jar
[INFO] Downloaded from central: https://repo.maven.apache.org/maven2/io/opentelemetry/instrumentation/opentelemetry-runtime-telemetry-java17/2.26.1-alpha/opentelemetry-runtime-telemetry-java17-2.26.1-alpha.jar (6.5 kB at 4.2 kB/s)
[INFO] Downloaded from central: https://repo.maven.apache.org/maven2/io/vertx/vertx-grpc-common/4.5.28/vertx-grpc-common-4.5.28.jar (41 kB at 27 kB/s)
[INFO] Downloading from central: https://repo.maven.apache.org/maven2/io/grpc/grpc-api/1.81.0/grpc-api-1.81.0.jar
[INFO] Downloading from central: https://repo.maven.apache.org/maven2/io/opentelemetry/instrumentation/opentelemetry-jdbc/2.26.1-alpha/opentelemetry-jdbc-2.26.1-alpha.jar
[INFO] Downloaded from central: https://repo.maven.apache.org/maven2/io/vertx/vertx-grpc-client/4.5.28/vertx-grpc-client-4.5.28.jar (30 kB at 19 kB/s)
[INFO] Downloading from central: https://repo.maven.apache.org/maven2/io/quarkus/quarkus-observability-devservices-lgtm/3.37.3/quarkus-observability-devservices-lgtm-3.37.3.jar
[INFO] Downloaded from central: https://repo.maven.apache.org/maven2/io/opentelemetry/instrumentation/opentelemetry-runtime-telemetry/2.26.1-alpha/opentelemetry-runtime-telemetry-2.26.1-alpha.jar (96 kB at 62 kB/s)
[INFO] Downloading from central: https://repo.maven.apache.org/maven2/io/quarkus/quarkus-observability-devservices/3.37.3/quarkus-observability-devservices-3.37.3.jar
[INFO] Downloaded from central: https://repo.maven.apache.org/maven2/io/grpc/grpc-stub/1.81.0/grpc-stub-1.81.0.jar (62 kB at 40 kB/s)
[INFO] Downloading from central: https://repo.maven.apache.org/maven2/io/quarkus/quarkus-devservices/3.37.3/quarkus-devservices-3.37.3.jar
[INFO] Downloaded from central: https://repo.maven.apache.org/maven2/io/quarkus/quarkus-observability-devservices-lgtm/3.37.3/quarkus-observability-devservices-lgtm-3.37.3.jar (6.0 kB at 3.8 kB/s)
[INFO] Downloading from central: https://repo.maven.apache.org/maven2/io/quarkus/quarkus-observability-devservices-common/3.37.3/quarkus-observability-devservices-common-3.37.3.jar
[INFO] Downloaded from central: https://repo.maven.apache.org/maven2/io/opentelemetry/instrumentation/opentelemetry-jdbc/2.26.1-alpha/opentelemetry-jdbc-2.26.1-alpha.jar (109 kB at 68 kB/s)
[INFO] Downloading from central: https://repo.maven.apache.org/maven2/io/quarkus/quarkus-observability-devresource-common/3.37.3/quarkus-observability-devresource-common-3.37.3.jar
[INFO] Downloaded from central: https://repo.maven.apache.org/maven2/io/grpc/grpc-api/1.81.0/grpc-api-1.81.0.jar (342 kB at 215 kB/s)
[INFO] Downloaded from central: https://repo.maven.apache.org/maven2/io/quarkus/quarkus-observability-devservices/3.37.3/quarkus-observability-devservices-3.37.3.jar (14 kB at 8.8 kB/s)
[INFO] Downloading from central: https://repo.maven.apache.org/maven2/io/quarkus/quarkus-observability-devresource-lgtm/3.37.3/quarkus-observability-devresource-lgtm-3.37.3.jar
[INFO] Downloading from central: https://repo.maven.apache.org/maven2/io/quarkus/quarkus-observability-devresource-testcontainers/3.37.3/quarkus-observability-devresource-testcontainers-3.37.3.jar
[INFO] Downloaded from central: https://repo.maven.apache.org/maven2/io/quarkus/quarkus-devservices/3.37.3/quarkus-devservices-3.37.3.jar (11 kB at 6.7 kB/s)
[INFO] Downloading from central: https://repo.maven.apache.org/maven2/io/quarkus/quarkus-devservices-common/3.37.3/quarkus-devservices-common-3.37.3.jar
[INFO] Downloaded from central: https://repo.maven.apache.org/maven2/io/quarkus/quarkus-observability-devresource-testcontainers/3.37.3/quarkus-observability-devresource-testcontainers-3.37.3.jar (8.8 kB at 5.4 kB/s)
[INFO] Downloading from central: https://repo.maven.apache.org/maven2/com/github/docker-java/docker-java-api/3.7.1/docker-java-api-3.7.1.jar
[INFO] Downloaded from central: https://repo.maven.apache.org/maven2/io/quarkus/quarkus-observability-devresource-common/3.37.3/quarkus-observability-devresource-common-3.37.3.jar (13 kB at 7.7 kB/s)
[INFO] Downloading from central: https://repo.maven.apache.org/maven2/org/testcontainers/testcontainers/2.0.5/testcontainers-2.0.5.jar
[INFO] Downloaded from central: https://repo.maven.apache.org/maven2/io/quarkus/quarkus-devservices-common/3.37.3/quarkus-devservices-common-3.37.3.jar (32 kB at 20 kB/s)
[INFO] Downloading from central: https://repo.maven.apache.org/maven2/com/github/docker-java/docker-java-transport-zerodep/3.7.1/docker-java-transport-zerodep-3.7.1.jar
[INFO] Downloaded from central: https://repo.maven.apache.org/maven2/io/quarkus/quarkus-observability-devresource-lgtm/3.37.3/quarkus-observability-devresource-lgtm-3.37.3.jar (11 kB at 6.5 kB/s)
[INFO] Downloading from central: https://repo.maven.apache.org/maven2/com/github/docker-java/docker-java-transport/3.7.1/docker-java-transport-3.7.1.jar
[INFO] Downloaded from central: https://repo.maven.apache.org/maven2/io/quarkus/quarkus-observability-devservices-common/3.37.3/quarkus-observability-devservices-common-3.37.3.jar (19 kB at 11 kB/s)
[INFO] Downloading from central: https://repo.maven.apache.org/maven2/net/java/dev/jna/jna/5.8.0/jna-5.8.0.jar
[INFO] Downloaded from central: https://repo.maven.apache.org/maven2/com/github/docker-java/docker-java-transport/3.7.1/docker-java-transport-3.7.1.jar (39 kB at 23 kB/s)
[INFO] Downloading from central: https://repo.maven.apache.org/maven2/io/quarkus/quarkus-observability-testcontainers/3.37.3/quarkus-observability-testcontainers-3.37.3.jar
[INFO] Downloaded from central: https://repo.maven.apache.org/maven2/com/github/docker-java/docker-java-api/3.7.1/docker-java-api-3.7.1.jar (500 kB at 297 kB/s)
[INFO] Downloading from central: https://repo.maven.apache.org/maven2/io/quarkus/quarkus-info/3.37.3/quarkus-info-3.37.3.jar
[INFO] Downloaded from central: https://repo.maven.apache.org/maven2/net/java/dev/jna/jna/5.8.0/jna-5.8.0.jar (1.7 MB at 1.0 MB/s)
[INFO] Downloading from central: https://repo.maven.apache.org/maven2/io/quarkus/quarkus-info-runtime-spi/3.37.3/quarkus-info-runtime-spi-3.37.3.jar
[INFO] Downloaded from central: https://repo.maven.apache.org/maven2/io/quarkus/quarkus-info-runtime-spi/3.37.3/quarkus-info-runtime-spi-3.37.3.jar (7.0 kB at 4.0 kB/s)
[INFO] Downloading from central: https://repo.maven.apache.org/maven2/io/quarkus/quarkus-jacoco/3.37.3/quarkus-jacoco-3.37.3.jar
[INFO] Downloaded from central: https://repo.maven.apache.org/maven2/com/github/docker-java/docker-java-transport-zerodep/3.7.1/docker-java-transport-zerodep-3.7.1.jar (2.3 MB at 1.3 MB/s)
[INFO] Downloading from central: https://repo.maven.apache.org/maven2/org/jacoco/org.jacoco.core/0.8.15/org.jacoco.core-0.8.15.jar
[INFO] Downloaded from central: https://repo.maven.apache.org/maven2/io/quarkus/quarkus-observability-testcontainers/3.37.3/quarkus-observability-testcontainers-3.37.3.jar (43 kB at 24 kB/s)
[INFO] Downloading from central: https://repo.maven.apache.org/maven2/org/jacoco/org.jacoco.report/0.8.15/org.jacoco.report-0.8.15.jar
[INFO] Downloaded from central: https://repo.maven.apache.org/maven2/io/quarkus/quarkus-jacoco/3.37.3/quarkus-jacoco-3.37.3.jar (25 kB at 14 kB/s)
[INFO] Downloading from central: https://repo.maven.apache.org/maven2/org/jacoco/org.jacoco.agent/0.8.15/org.jacoco.agent-0.8.15.jar
[INFO] Downloaded from central: https://repo.maven.apache.org/maven2/org/jacoco/org.jacoco.core/0.8.15/org.jacoco.core-0.8.15.jar (235 kB at 131 kB/s)
[INFO] Downloading from central: https://repo.maven.apache.org/maven2/org/jacoco/org.jacoco.agent/0.8.15/org.jacoco.agent-0.8.15-runtime.jar
[INFO] Downloaded from central: https://repo.maven.apache.org/maven2/org/jacoco/org.jacoco.report/0.8.15/org.jacoco.report-0.8.15.jar (131 kB at 73 kB/s)
[INFO] Downloading from central: https://repo.maven.apache.org/maven2/io/quarkus/quarkus-junit/3.37.3/quarkus-junit-3.37.3.jar
[INFO] Downloaded from central: https://repo.maven.apache.org/maven2/org/jacoco/org.jacoco.agent/0.8.15/org.jacoco.agent-0.8.15.jar (280 kB at 154 kB/s)
[INFO] Downloading from central: https://repo.maven.apache.org/maven2/io/quarkus/quarkus-test-common/3.37.3/quarkus-test-common-3.37.3.jar
[INFO] Downloaded from central: https://repo.maven.apache.org/maven2/io/quarkus/quarkus-junit/3.37.3/quarkus-junit-3.37.3.jar (199 kB at 108 kB/s)
[INFO] Downloading from central: https://repo.maven.apache.org/maven2/org/apache/maven/resolver/maven-resolver-transport-http/1.9.25/maven-resolver-transport-http-1.9.25.jar
[INFO] Downloaded from central: https://repo.maven.apache.org/maven2/org/jacoco/org.jacoco.agent/0.8.15/org.jacoco.agent-0.8.15-runtime.jar (308 kB at 167 kB/s)
[INFO] Downloading from central: https://repo.maven.apache.org/maven2/org/apache/maven/wagon/wagon-provider-api/3.5.3/wagon-provider-api-3.5.3.jar
[INFO] Downloaded from central: https://repo.maven.apache.org/maven2/io/quarkus/quarkus-test-common/3.37.3/quarkus-test-common-3.37.3.jar (148 kB at 80 kB/s)
[INFO] Downloading from central: https://repo.maven.apache.org/maven2/org/apache/maven/wagon/wagon-http-shared/3.5.3/wagon-http-shared-3.5.3.jar
[INFO] Downloaded from central: https://repo.maven.apache.org/maven2/org/apache/maven/resolver/maven-resolver-transport-http/1.9.25/maven-resolver-transport-http-1.9.25.jar (63 kB at 34 kB/s)
[INFO] Downloading from central: https://repo.maven.apache.org/maven2/org/apache/maven/resolver/maven-resolver-connector-basic/1.9.27/maven-resolver-connector-basic-1.9.27.jar
[INFO] Downloaded from central: https://repo.maven.apache.org/maven2/org/apache/maven/wagon/wagon-provider-api/3.5.3/wagon-provider-api-3.5.3.jar (55 kB at 29 kB/s)
[INFO] Downloading from central: https://repo.maven.apache.org/maven2/org/apache/maven/resolver/maven-resolver-transport-wagon/1.9.27/maven-resolver-transport-wagon-1.9.27.jar
[INFO] Downloaded from central: https://repo.maven.apache.org/maven2/org/apache/maven/wagon/wagon-http-shared/3.5.3/wagon-http-shared-3.5.3.jar (41 kB at 22 kB/s)
[INFO] Downloading from central: https://repo.maven.apache.org/maven2/org/apache/maven/wagon/wagon-http/3.5.3/wagon-http-3.5.3.jar
[INFO] Downloaded from central: https://repo.maven.apache.org/maven2/org/testcontainers/testcontainers/2.0.5/testcontainers-2.0.5.jar (18 MB at 9.4 MB/s)
[INFO] Downloading from central: https://repo.maven.apache.org/maven2/org/apache/maven/wagon/wagon-file/3.5.3/wagon-file-3.5.3.jar
[INFO] Downloaded from central: https://repo.maven.apache.org/maven2/io/quarkus/quarkus-info/3.37.3/quarkus-info-3.37.3.jar (20 kB at 10 kB/s)
[INFO] Downloading from central: https://repo.maven.apache.org/maven2/io/quarkus/quarkus-bootstrap-gradle-resolver/3.37.3/quarkus-bootstrap-gradle-resolver-3.37.3.jar
[INFO] Downloaded from central: https://repo.maven.apache.org/maven2/org/apache/maven/resolver/maven-resolver-connector-basic/1.9.27/maven-resolver-connector-basic-1.9.27.jar (40 kB at 21 kB/s)
[INFO] Downloading from central: https://repo.maven.apache.org/maven2/io/quarkus/quarkus-junit-config/3.37.3/quarkus-junit-config-3.37.3.jar
[INFO] Downloaded from central: https://repo.maven.apache.org/maven2/org/apache/maven/resolver/maven-resolver-transport-wagon/1.9.27/maven-resolver-transport-wagon-1.9.27.jar (32 kB at 17 kB/s)
[INFO] Downloading from central: https://repo.maven.apache.org/maven2/io/quarkus/quarkus-junit-common/3.37.3/quarkus-junit-common-3.37.3.jar
[INFO] Downloaded from central: https://repo.maven.apache.org/maven2/org/apache/maven/wagon/wagon-http/3.5.3/wagon-http-3.5.3.jar (9.4 kB at 4.9 kB/s)
[INFO] Downloading from central: https://repo.maven.apache.org/maven2/io/quarkus/junit/junit-virtual-threads/3.37.3/junit-virtual-threads-3.37.3.jar
[INFO] Downloaded from central: https://repo.maven.apache.org/maven2/org/apache/maven/wagon/wagon-file/3.5.3/wagon-file-3.5.3.jar (11 kB at 5.9 kB/s)
[INFO] Downloading from central: https://repo.maven.apache.org/maven2/org/junit/platform/junit-platform-testkit/6.1.1/junit-platform-testkit-6.1.1.jar
[INFO] Downloaded from central: https://repo.maven.apache.org/maven2/io/quarkus/quarkus-junit-config/3.37.3/quarkus-junit-config-3.37.3.jar (19 kB at 9.8 kB/s)
[INFO] Downloading from central: https://repo.maven.apache.org/maven2/io/quarkus/quarkus-junit-mockito/3.37.3/quarkus-junit-mockito-3.37.3.jar
[INFO] Downloaded from central: https://repo.maven.apache.org/maven2/io/quarkus/junit/junit-virtual-threads/3.37.3/junit-virtual-threads-3.37.3.jar (31 kB at 16 kB/s)
[INFO] Downloading from central: https://repo.maven.apache.org/maven2/org/mockito/mockito-junit-jupiter/5.21.0/mockito-junit-jupiter-5.21.0.jar
[INFO] Downloaded from central: https://repo.maven.apache.org/maven2/io/quarkus/quarkus-junit-common/3.37.3/quarkus-junit-common-3.37.3.jar (12 kB at 6.1 kB/s)
[INFO] Downloading from central: https://repo.maven.apache.org/maven2/io/quarkus/quarkus-junit-mockito-config/3.37.3/quarkus-junit-mockito-config-3.37.3.jar
[INFO] Downloaded from central: https://repo.maven.apache.org/maven2/org/junit/platform/junit-platform-testkit/6.1.1/junit-platform-testkit-6.1.1.jar (51 kB at 26 kB/s)
[INFO] Downloading from central: https://repo.maven.apache.org/maven2/io/quarkus/quarkus-arc-deployment/3.37.3/quarkus-arc-deployment-3.37.3.jar
[INFO] Downloaded from central: https://repo.maven.apache.org/maven2/io/quarkus/quarkus-junit-mockito/3.37.3/quarkus-junit-mockito-3.37.3.jar (36 kB at 18 kB/s)
[INFO] Downloading from central: https://repo.maven.apache.org/maven2/io/quarkus/quarkus-smallrye-context-propagation-spi/3.37.3/quarkus-smallrye-context-propagation-spi-3.37.3.jar
[INFO] Downloaded from central: https://repo.maven.apache.org/maven2/org/mockito/mockito-junit-jupiter/5.21.0/mockito-junit-jupiter-5.21.0.jar (9.4 kB at 4.7 kB/s)
[INFO] Downloading from central: https://repo.maven.apache.org/maven2/io/quarkus/quarkus-devui-deployment-spi/3.37.3/quarkus-devui-deployment-spi-3.37.3.jar
[INFO] Downloaded from central: https://repo.maven.apache.org/maven2/io/quarkus/quarkus-junit-mockito-config/3.37.3/quarkus-junit-mockito-config-3.37.3.jar (7.4 kB at 3.7 kB/s)
[INFO] Downloading from central: https://repo.maven.apache.org/maven2/io/quarkus/quarkus-arc-dev/3.37.3/quarkus-arc-dev-3.37.3.jar
[INFO] Downloaded from central: https://repo.maven.apache.org/maven2/io/quarkus/quarkus-smallrye-context-propagation-spi/3.37.3/quarkus-smallrye-context-propagation-spi-3.37.3.jar (7.4 kB at 3.7 kB/s)
[INFO] Downloading from central: https://repo.maven.apache.org/maven2/io/quarkus/arc/arc-processor/3.37.3/arc-processor-3.37.3.jar
[INFO] Downloaded from central: https://repo.maven.apache.org/maven2/io/quarkus/quarkus-arc-deployment/3.37.3/quarkus-arc-deployment-3.37.3.jar (343 kB at 171 kB/s)
[INFO] Downloading from central: https://repo.maven.apache.org/maven2/io/quarkus/quarkus-arc-test-supplement/3.37.3/quarkus-arc-test-supplement-3.37.3.jar
[INFO] Downloaded from central: https://repo.maven.apache.org/maven2/io/quarkus/quarkus-devui-deployment-spi/3.37.3/quarkus-devui-deployment-spi-3.37.3.jar (72 kB at 35 kB/s)
[INFO] Downloading from central: https://repo.maven.apache.org/maven2/io/quarkus/quarkus-arc-test-supplement-decorator/3.37.3/quarkus-arc-test-supplement-decorator-3.37.3.jar
[INFO] Downloaded from central: https://repo.maven.apache.org/maven2/io/quarkus/quarkus-arc-dev/3.37.3/quarkus-arc-dev-3.37.3.jar (25 kB at 12 kB/s)
[INFO] Downloading from central: https://repo.maven.apache.org/maven2/org/mockito/mockito-core/5.21.0/mockito-core-5.21.0.jar
[INFO] Downloaded from central: https://repo.maven.apache.org/maven2/io/quarkus/quarkus-arc-test-supplement/3.37.3/quarkus-arc-test-supplement-3.37.3.jar (12 kB at 5.9 kB/s)
[INFO] Downloading from central: https://repo.maven.apache.org/maven2/io/quarkus/quarkus-mutiny/3.37.3/quarkus-mutiny-3.37.3.jar
[INFO] Downloaded from central: https://repo.maven.apache.org/maven2/io/quarkus/arc/arc-processor/3.37.3/arc-processor-3.37.3.jar (803 kB at 391 kB/s)
[INFO] Downloading from central: https://repo.maven.apache.org/maven2/io/quarkus/quarkus-smallrye-context-propagation/3.37.3/quarkus-smallrye-context-propagation-3.37.3.jar
[INFO] Downloaded from central: https://repo.maven.apache.org/maven2/io/quarkus/quarkus-arc-test-supplement-decorator/3.37.3/quarkus-arc-test-supplement-decorator-3.37.3.jar (8.4 kB at 4.0 kB/s)
[INFO] Downloading from central: https://repo.maven.apache.org/maven2/io/smallrye/smallrye-context-propagation/2.3.0/smallrye-context-propagation-2.3.0.jar
[INFO] Downloaded from central: https://repo.maven.apache.org/maven2/org/mockito/mockito-core/5.21.0/mockito-core-5.21.0.jar (712 kB at 341 kB/s)
[INFO] Downloading from central: https://repo.maven.apache.org/maven2/io/smallrye/smallrye-context-propagation-api/2.3.0/smallrye-context-propagation-api-2.3.0.jar
[INFO] Downloaded from central: https://repo.maven.apache.org/maven2/io/quarkus/quarkus-mutiny/3.37.3/quarkus-mutiny-3.37.3.jar (13 kB at 6.2 kB/s)
[INFO] Downloading from central: https://repo.maven.apache.org/maven2/io/smallrye/smallrye-context-propagation-storage/2.3.0/smallrye-context-propagation-storage-2.3.0.jar
[INFO] Downloaded from central: https://repo.maven.apache.org/maven2/io/quarkus/quarkus-smallrye-context-propagation/3.37.3/quarkus-smallrye-context-propagation-3.37.3.jar (18 kB at 8.7 kB/s)
[INFO] Downloading from central: https://repo.maven.apache.org/maven2/io/smallrye/reactive/mutiny-smallrye-context-propagation/3.2.1/mutiny-smallrye-context-propagation-3.2.1.jar
[INFO] Downloaded from central: https://repo.maven.apache.org/maven2/io/smallrye/smallrye-context-propagation/2.3.0/smallrye-context-propagation-2.3.0.jar (90 kB at 43 kB/s)
[INFO] Downloading from central: https://repo.maven.apache.org/maven2/io/quarkus/quarkus-panache-mock/3.37.3/quarkus-panache-mock-3.37.3.jar
[INFO] Downloaded from central: https://repo.maven.apache.org/maven2/io/smallrye/smallrye-context-propagation-storage/2.3.0/smallrye-context-propagation-storage-2.3.0.jar (8.5 kB at 4.0 kB/s)
[INFO] Downloading from central: https://repo.maven.apache.org/maven2/io/quarkus/quarkus-panache-common-deployment/3.37.3/quarkus-panache-common-deployment-3.37.3.jar
[INFO] Downloaded from central: https://repo.maven.apache.org/maven2/io/smallrye/smallrye-context-propagation-api/2.3.0/smallrye-context-propagation-api-2.3.0.jar (8.7 kB at 4.1 kB/s)
[INFO] Downloading from central: https://repo.maven.apache.org/maven2/io/rest-assured/rest-assured/6.0.0/rest-assured-6.0.0.jar
[INFO] Downloaded from central: https://repo.maven.apache.org/maven2/io/smallrye/reactive/mutiny-smallrye-context-propagation/3.2.1/mutiny-smallrye-context-propagation-3.2.1.jar (21 kB at 9.9 kB/s)
[INFO] Downloading from central: https://repo.maven.apache.org/maven2/org/apache/groovy/groovy/5.0.3/groovy-5.0.3.jar
[INFO] Downloaded from central: https://repo.maven.apache.org/maven2/io/quarkus/quarkus-panache-mock/3.37.3/quarkus-panache-mock-3.37.3.jar (25 kB at 11 kB/s)
[INFO] Downloading from central: https://repo.maven.apache.org/maven2/org/apache/groovy/groovy-xml/5.0.3/groovy-xml-5.0.3.jar
[INFO] Downloaded from central: https://repo.maven.apache.org/maven2/io/quarkus/quarkus-panache-common-deployment/3.37.3/quarkus-panache-common-deployment-3.37.3.jar (64 kB at 30 kB/s)
[INFO] Downloading from central: https://repo.maven.apache.org/maven2/org/ccil/cowan/tagsoup/tagsoup/1.2.1/tagsoup-1.2.1.jar
[INFO] Downloaded from central: https://repo.maven.apache.org/maven2/io/rest-assured/rest-assured/6.0.0/rest-assured-6.0.0.jar (708 kB at 328 kB/s)
[INFO] Downloading from central: https://repo.maven.apache.org/maven2/io/rest-assured/json-path/6.0.0/json-path-6.0.0.jar
[INFO] Downloaded from central: https://repo.maven.apache.org/maven2/org/apache/groovy/groovy-xml/5.0.3/groovy-xml-5.0.3.jar (224 kB at 103 kB/s)
[INFO] Downloading from central: https://repo.maven.apache.org/maven2/org/apache/groovy/groovy-json/5.0.3/groovy-json-5.0.3.jar
[INFO] Downloaded from central: https://repo.maven.apache.org/maven2/io/rest-assured/json-path/6.0.0/json-path-6.0.0.jar (57 kB at 26 kB/s)
[INFO] Downloading from central: https://repo.maven.apache.org/maven2/io/rest-assured/rest-assured-common/6.0.0/rest-assured-common-6.0.0.jar
[INFO] Downloaded from central: https://repo.maven.apache.org/maven2/org/ccil/cowan/tagsoup/tagsoup/1.2.1/tagsoup-1.2.1.jar (91 kB at 41 kB/s)
[INFO] Downloading from central: https://repo.maven.apache.org/maven2/io/rest-assured/xml-path/6.0.0/xml-path-6.0.0.jar
[INFO] Downloaded from central: https://repo.maven.apache.org/maven2/org/apache/groovy/groovy-json/5.0.3/groovy-json-5.0.3.jar (139 kB at 63 kB/s)
[INFO] Downloading from central: https://repo.maven.apache.org/maven2/net/bytebuddy/byte-buddy/1.18.8/byte-buddy-1.18.8.jar
[INFO] Downloaded from central: https://repo.maven.apache.org/maven2/io/rest-assured/rest-assured-common/6.0.0/rest-assured-common-6.0.0.jar (42 kB at 19 kB/s)
[INFO] Downloading from central: https://repo.maven.apache.org/maven2/io/quarkiverse/pact/quarkus-pact-provider/1.6.0/quarkus-pact-provider-1.6.0.jar
[INFO] Downloaded from central: https://repo.maven.apache.org/maven2/io/rest-assured/xml-path/6.0.0/xml-path-6.0.0.jar (69 kB at 31 kB/s)
[INFO] Downloading from central: https://repo.maven.apache.org/maven2/io/quarkus/quarkus-kotlin/3.37.3/quarkus-kotlin-3.37.3.jar
[INFO] Downloaded from central: https://repo.maven.apache.org/maven2/io/quarkiverse/pact/quarkus-pact-provider/1.6.0/quarkus-pact-provider-1.6.0.jar (3.9 kB at 1.7 kB/s)
[INFO] Downloading from central: https://repo.maven.apache.org/maven2/org/jetbrains/kotlin/kotlin-stdlib/2.4.0/kotlin-stdlib-2.4.0.jar
[INFO] Downloaded from central: https://repo.maven.apache.org/maven2/org/apache/groovy/groovy/5.0.3/groovy-5.0.3.jar (8.1 MB at 3.5 MB/s)
[INFO] Downloading from central: https://repo.maven.apache.org/maven2/org/jetbrains/kotlin/kotlin-stdlib-jdk8/2.4.0/kotlin-stdlib-jdk8-2.4.0.jar
[INFO] Downloaded from central: https://repo.maven.apache.org/maven2/io/quarkus/quarkus-kotlin/3.37.3/quarkus-kotlin-3.37.3.jar (6.9 kB at 3.0 kB/s)
[INFO] Downloading from central: https://repo.maven.apache.org/maven2/org/jetbrains/kotlin/kotlin-stdlib-jdk7/2.4.0/kotlin-stdlib-jdk7-2.4.0.jar
[INFO] Downloaded from central: https://repo.maven.apache.org/maven2/org/jetbrains/kotlin/kotlin-stdlib/2.4.0/kotlin-stdlib-2.4.0.jar (1.8 MB at 796 kB/s)
[INFO] Downloading from central: https://repo.maven.apache.org/maven2/org/jetbrains/kotlin/kotlin-reflect/2.4.0/kotlin-reflect-2.4.0.jar
[INFO] Downloaded from central: https://repo.maven.apache.org/maven2/org/jetbrains/kotlin/kotlin-stdlib-jdk8/2.4.0/kotlin-stdlib-jdk8-2.4.0.jar (952 B at 410 B/s)
[INFO] Downloading from central: https://repo.maven.apache.org/maven2/io/smallrye/reactive/mutiny-kotlin/3.2.1/mutiny-kotlin-3.2.1.jar
[INFO] Downloaded from central: https://repo.maven.apache.org/maven2/net/bytebuddy/byte-buddy/1.18.8/byte-buddy-1.18.8.jar (4.7 MB at 2.0 MB/s)
[INFO] Downloading from central: https://repo.maven.apache.org/maven2/org/jetbrains/kotlinx/kotlinx-coroutines-core/1.11.0/kotlinx-coroutines-core-1.11.0.jar
[INFO] Downloaded from central: https://repo.maven.apache.org/maven2/org/jetbrains/kotlin/kotlin-stdlib-jdk7/2.4.0/kotlin-stdlib-jdk7-2.4.0.jar (946 B at 405 B/s)
[INFO] Downloading from central: https://repo.maven.apache.org/maven2/io/smallrye/smallrye-fault-tolerance-kotlin/6.11.1/smallrye-fault-tolerance-kotlin-6.11.1.jar
[INFO] Downloaded from central: https://repo.maven.apache.org/maven2/org/jetbrains/kotlinx/kotlinx-coroutines-core/1.11.0/kotlinx-coroutines-core-1.11.0.jar (146 kB at 62 kB/s)
[INFO] Downloading from central: https://repo.maven.apache.org/maven2/org/jetbrains/kotlinx/kotlinx-coroutines-jdk8/1.11.0/kotlinx-coroutines-jdk8-1.11.0.jar
[INFO] Downloaded from central: https://repo.maven.apache.org/maven2/io/smallrye/reactive/mutiny-kotlin/3.2.1/mutiny-kotlin-3.2.1.jar (24 kB at 10 kB/s)
[INFO] Downloading from central: https://repo.maven.apache.org/maven2/org/jetbrains/kotlinx/kotlinx-coroutines-core-jvm/1.11.0/kotlinx-coroutines-core-jvm-1.11.0.jar
[INFO] Downloaded from central: https://repo.maven.apache.org/maven2/io/smallrye/smallrye-fault-tolerance-kotlin/6.11.1/smallrye-fault-tolerance-kotlin-6.11.1.jar (8.4 kB at 3.6 kB/s)
[INFO] Downloading from central: https://repo.maven.apache.org/maven2/au/com/dius/pact/provider/junit5/4.6.17/junit5-4.6.17.jar
[INFO] Downloaded from central: https://repo.maven.apache.org/maven2/org/jetbrains/kotlin/kotlin-reflect/2.4.0/kotlin-reflect-2.4.0.jar (3.8 MB at 1.6 MB/s)
[INFO] Downloading from central: https://repo.maven.apache.org/maven2/au/com/dius/pact/provider/4.6.17/provider-4.6.17.jar
[INFO] Downloaded from central: https://repo.maven.apache.org/maven2/org/jetbrains/kotlinx/kotlinx-coroutines-jdk8/1.11.0/kotlinx-coroutines-jdk8-1.11.0.jar (1.0 kB at 426 B/s)
[INFO] Downloading from central: https://repo.maven.apache.org/maven2/au/com/dius/pact/core/matchers/4.6.17/matchers-4.6.17.jar
[INFO] Downloaded from central: https://repo.maven.apache.org/maven2/au/com/dius/pact/provider/junit5/4.6.17/junit5-4.6.17.jar (83 kB at 34 kB/s)
[INFO] Downloading from central: https://repo.maven.apache.org/maven2/io/github/java-diff-utils/java-diff-utils/4.12/java-diff-utils-4.12.jar
[INFO] Downloaded from central: https://repo.maven.apache.org/maven2/org/jetbrains/kotlinx/kotlinx-coroutines-core-jvm/1.11.0/kotlinx-coroutines-core-jvm-1.11.0.jar (1.6 MB at 652 kB/s)
[INFO] Downloading from central: https://repo.maven.apache.org/maven2/org/atteo/evo-inflector/1.3/evo-inflector-1.3.jar
[INFO] Downloaded from central: https://repo.maven.apache.org/maven2/au/com/dius/pact/provider/4.6.17/provider-4.6.17.jar (406 kB at 168 kB/s)
[INFO] Downloading from central: https://repo.maven.apache.org/maven2/com/github/zafarkhaja/java-semver/0.9.0/java-semver-0.9.0.jar
[INFO] Downloaded from central: https://repo.maven.apache.org/maven2/au/com/dius/pact/core/matchers/4.6.17/matchers-4.6.17.jar (311 kB at 128 kB/s)
[INFO] Downloading from central: https://repo.maven.apache.org/maven2/io/github/classgraph/classgraph/4.8.129/classgraph-4.8.129.jar
[INFO] Downloaded from central: https://repo.maven.apache.org/maven2/io/github/java-diff-utils/java-diff-utils/4.12/java-diff-utils-4.12.jar (72 kB at 30 kB/s)
[INFO] Downloading from central: https://repo.maven.apache.org/maven2/com/github/ajalt/mordant/1.2.1/mordant-1.2.1.jar
[INFO] Downloaded from central: https://repo.maven.apache.org/maven2/org/atteo/evo-inflector/1.3/evo-inflector-1.3.jar (12 kB at 4.9 kB/s)
[INFO] Downloading from central: https://repo.maven.apache.org/maven2/com/github/ajalt/colormath/1.2.0/colormath-1.2.0.jar
[INFO] Downloaded from central: https://repo.maven.apache.org/maven2/io/github/classgraph/classgraph/4.8.129/classgraph-4.8.129.jar (557 kB at 226 kB/s)
[INFO] Downloading from central: https://repo.maven.apache.org/maven2/au/com/dius/pact/core/support/4.6.17/support-4.6.17.jar
[INFO] Downloaded from central: https://repo.maven.apache.org/maven2/com/github/zafarkhaja/java-semver/0.9.0/java-semver-0.9.0.jar (47 kB at 19 kB/s)
[INFO] Downloading from central: https://repo.maven.apache.org/maven2/io/github/oshai/kotlin-logging-jvm/5.1.4/kotlin-logging-jvm-5.1.4.jar
[INFO] Downloaded from central: https://repo.maven.apache.org/maven2/com/github/ajalt/mordant/1.2.1/mordant-1.2.1.jar (25 kB at 10 kB/s)
[INFO] Downloading from central: https://repo.maven.apache.org/maven2/org/apache/httpcomponents/client5/httpclient5-fluent/5.3.1/httpclient5-fluent-5.3.1.jar
[INFO] Downloaded from central: https://repo.maven.apache.org/maven2/com/github/ajalt/colormath/1.2.0/colormath-1.2.0.jar (34 kB at 14 kB/s)
[INFO] Downloading from central: https://repo.maven.apache.org/maven2/com/github/mifmif/generex/1.0.2/generex-1.0.2.jar
[INFO] Downloaded from central: https://repo.maven.apache.org/maven2/au/com/dius/pact/core/support/4.6.17/support-4.6.17.jar (230 kB at 92 kB/s)
[INFO] Downloading from central: https://repo.maven.apache.org/maven2/dk/brics/automaton/automaton/1.11-8/automaton-1.11-8.jar
[INFO] Downloaded from central: https://repo.maven.apache.org/maven2/io/github/oshai/kotlin-logging-jvm/5.1.4/kotlin-logging-jvm-5.1.4.jar (161 kB at 64 kB/s)
[INFO] Downloading from central: https://repo.maven.apache.org/maven2/au/com/dius/pact/core/pactbroker/4.6.17/pactbroker-4.6.17.jar
[INFO] Downloaded from central: https://repo.maven.apache.org/maven2/org/apache/httpcomponents/client5/httpclient5-fluent/5.3.1/httpclient5-fluent-5.3.1.jar (25 kB at 10.0 kB/s)
[INFO] Downloading from central: https://repo.maven.apache.org/maven2/au/com/dius/pact/core/model/4.6.17/model-4.6.17.jar
[INFO] Downloaded from central: https://repo.maven.apache.org/maven2/dk/brics/automaton/automaton/1.11-8/automaton-1.11-8.jar (176 kB at 70 kB/s)
[INFO] Downloading from central: https://repo.maven.apache.org/maven2/org/apache/tika/tika-core/2.9.1/tika-core-2.9.1.jar
[INFO] Downloaded from central: https://repo.maven.apache.org/maven2/au/com/dius/pact/core/pactbroker/4.6.17/pactbroker-4.6.17.jar (177 kB at 70 kB/s)
[INFO] Downloading from central: https://repo.maven.apache.org/maven2/javax/mail/mail/1.5.0-b01/mail-1.5.0-b01.jar
[INFO] Downloaded from central: https://repo.maven.apache.org/maven2/com/github/mifmif/generex/1.0.2/generex-1.0.2.jar (14 kB at 5.7 kB/s)
[INFO] Downloading from central: https://repo.maven.apache.org/maven2/javax/activation/activation/1.1/activation-1.1.jar
[INFO] Downloaded from central: https://repo.maven.apache.org/maven2/au/com/dius/pact/core/model/4.6.17/model-4.6.17.jar (675 kB at 264 kB/s)
[INFO] Downloading from central: https://repo.maven.apache.org/maven2/io/ktor/ktor-http-jvm/2.3.8/ktor-http-jvm-2.3.8.jar
[INFO] Downloaded from central: https://repo.maven.apache.org/maven2/org/apache/tika/tika-core/2.9.1/tika-core-2.9.1.jar (738 kB at 286 kB/s)
[INFO] Downloading from central: https://repo.maven.apache.org/maven2/io/ktor/ktor-utils-jvm/2.3.8/ktor-utils-jvm-2.3.8.jar
[INFO] Downloaded from central: https://repo.maven.apache.org/maven2/javax/mail/mail/1.5.0-b01/mail-1.5.0-b01.jar (519 kB at 201 kB/s)
[INFO] Downloading from central: https://repo.maven.apache.org/maven2/io/ktor/ktor-io-jvm/2.3.8/ktor-io-jvm-2.3.8.jar
[INFO] Downloaded from central: https://repo.maven.apache.org/maven2/javax/activation/activation/1.1/activation-1.1.jar (63 kB at 24 kB/s)
[INFO] Downloading from central: https://repo.maven.apache.org/maven2/io/pact/plugin/driver/core/0.5.1/core-0.5.1.jar
[INFO] Downloaded from central: https://repo.maven.apache.org/maven2/io/ktor/ktor-http-jvm/2.3.8/ktor-http-jvm-2.3.8.jar (414 kB at 160 kB/s)
[INFO] Downloading from central: https://repo.maven.apache.org/maven2/com/vdurmont/semver4j/3.1.0/semver4j-3.1.0.jar
[INFO] Downloaded from central: https://repo.maven.apache.org/maven2/io/ktor/ktor-utils-jvm/2.3.8/ktor-utils-jvm-2.3.8.jar (336 kB at 128 kB/s)
[INFO] Downloading from central: https://repo.maven.apache.org/maven2/io/hotmoka/toml4j/0.7.3/toml4j-0.7.3.jar
[INFO] Downloaded from central: https://repo.maven.apache.org/maven2/io/ktor/ktor-io-jvm/2.3.8/ktor-io-jvm-2.3.8.jar (811 kB at 309 kB/s)
[INFO] Downloading from central: https://repo.maven.apache.org/maven2/org/rauschig/jarchivelib/1.2.0/jarchivelib-1.2.0.jar
[INFO] Downloaded from central: https://repo.maven.apache.org/maven2/com/vdurmont/semver4j/3.1.0/semver4j-3.1.0.jar (27 kB at 10 kB/s)
[INFO] Downloading from central: https://repo.maven.apache.org/maven2/com/michael-bull/kotlin-result/kotlin-result-jvm/1.1.14/kotlin-result-jvm-1.1.14.jar
[INFO] Downloaded from central: https://repo.maven.apache.org/maven2/io/pact/plugin/driver/core/0.5.1/core-0.5.1.jar (769 kB at 292 kB/s)
[INFO] Downloading from central: https://repo.maven.apache.org/maven2/org/jetbrains/kotlin/kotlin-stdlib-common/1.6.10/kotlin-stdlib-common-1.6.10.jar
[INFO] Downloaded from central: https://repo.maven.apache.org/maven2/io/hotmoka/toml4j/0.7.3/toml4j-0.7.3.jar (64 kB at 24 kB/s)
[INFO] Downloading from central: https://repo.maven.apache.org/maven2/io/quarkiverse/playwright/quarkus-playwright/2.3.7/quarkus-playwright-2.3.7.jar
[INFO] Downloaded from central: https://repo.maven.apache.org/maven2/org/jetbrains/kotlin/kotlin-stdlib-common/1.6.10/kotlin-stdlib-common-1.6.10.jar (201 kB at 75 kB/s)
[INFO] Downloading from central: https://repo.maven.apache.org/maven2/com/microsoft/playwright/playwright/1.60.0/playwright-1.60.0.jar
[INFO] Downloaded from central: https://repo.maven.apache.org/maven2/org/rauschig/jarchivelib/1.2.0/jarchivelib-1.2.0.jar (41 kB at 15 kB/s)
[INFO] Downloading from central: https://repo.maven.apache.org/maven2/com/google/code/gson/gson/2.14.0/gson-2.14.0.jar
[INFO] Downloaded from central: https://repo.maven.apache.org/maven2/com/michael-bull/kotlin-result/kotlin-result-jvm/1.1.14/kotlin-result-jvm-1.1.14.jar (42 kB at 16 kB/s)
[INFO] Downloading from central: https://repo.maven.apache.org/maven2/com/microsoft/playwright/driver/1.60.0/driver-1.60.0.jar
[INFO] Downloaded from central: https://repo.maven.apache.org/maven2/io/quarkiverse/playwright/quarkus-playwright/2.3.7/quarkus-playwright-2.3.7.jar (19 kB at 7.2 kB/s)
[INFO] Downloading from central: https://repo.maven.apache.org/maven2/com/microsoft/playwright/driver-bundle/1.60.0/driver-bundle-1.60.0.jar
[INFO] Downloaded from central: https://repo.maven.apache.org/maven2/com/google/code/gson/gson/2.14.0/gson-2.14.0.jar (314 kB at 116 kB/s)
[INFO] Downloaded from central: https://repo.maven.apache.org/maven2/com/microsoft/playwright/playwright/1.60.0/playwright-1.60.0.jar (633 kB at 234 kB/s)
[INFO] Downloaded from central: https://repo.maven.apache.org/maven2/com/microsoft/playwright/driver/1.60.0/driver-1.60.0.jar (6.9 kB at 2.5 kB/s)
[INFO] Downloaded from central: https://repo.maven.apache.org/maven2/com/microsoft/playwright/driver-bundle/1.60.0/driver-bundle-1.60.0.jar (216 MB at 47 MB/s)
[INFO] Downloaded from central: https://repo.maven.apache.org/maven2/io/quarkus/quarkus-bootstrap-gradle-resolver/3.37.3/quarkus-bootstrap-gradle-resolver-3.37.3.jar (3.0 MB at 498 kB/s)
[INFO] 
[INFO] --- clean:3.2.0:clean (default-clean) @ rest-villains ---
[INFO] 
[INFO] --- resources:3.5.0:copy-resources (copy-openapi-spec) @ rest-villains ---
[INFO] Copying 1 resource from src/main/resources/openapi to target/classes/META-INF
[INFO] 
[INFO] --- resources:3.5.0:resources (default-resources) @ rest-villains ---
[INFO] Copying 186 resources from src/main/resources to target/classes
[INFO] 
[INFO] --- quarkus:3.37.3:generate-code (default) @ rest-villains ---
[INFO] Downloading from central: https://repo.maven.apache.org/maven2/io/quarkus/platform/quarkus-bom-quarkus-platform-properties/3.37.3/quarkus-bom-quarkus-platform-properties-3.37.3.properties
[INFO] Downloaded from central: https://repo.maven.apache.org/maven2/io/quarkus/platform/quarkus-bom-quarkus-platform-properties/3.37.3/quarkus-bom-quarkus-platform-properties-3.37.3.properties (976 B at 24 kB/s)
[INFO] Downloading from central: https://repo.maven.apache.org/maven2/io/quarkus/quarkus-rest-data-hibernate-json-types/3.37.3/quarkus-rest-data-hibernate-json-types-3.37.3.jar
[INFO] Downloading from central: https://repo.maven.apache.org/maven2/io/quarkus/quarkus-rest-kotlin/3.37.3/quarkus-rest-kotlin-3.37.3.jar
[INFO] Downloading from central: https://repo.maven.apache.org/maven2/io/quarkus/quarkus-flyway-postgresql/3.37.3/quarkus-flyway-postgresql-3.37.3.jar
[INFO] Downloaded from central: https://repo.maven.apache.org/maven2/io/quarkus/quarkus-rest-data-hibernate-json-types/3.37.3/quarkus-rest-data-hibernate-json-types-3.37.3.jar (15 kB at 336 kB/s)
[INFO] Downloaded from central: https://repo.maven.apache.org/maven2/io/quarkus/quarkus-rest-kotlin/3.37.3/quarkus-rest-kotlin-3.37.3.jar (36 kB at 795 kB/s)
[INFO] Downloaded from central: https://repo.maven.apache.org/maven2/io/quarkus/quarkus-flyway-postgresql/3.37.3/quarkus-flyway-postgresql-3.37.3.jar (6.9 kB at 146 kB/s)
[INFO] Downloading from central: https://repo.maven.apache.org/maven2/io/quarkus/quarkus-smallrye-openapi-deployment/3.37.3/quarkus-smallrye-openapi-deployment-3.37.3.pom
[INFO] Downloading from central: https://repo.maven.apache.org/maven2/io/quarkus/quarkus-rest-jackson-deployment/3.37.3/quarkus-rest-jackson-deployment-3.37.3.pom
[INFO] Downloading from central: https://repo.maven.apache.org/maven2/io/quarkus/quarkus-hibernate-validator-deployment/3.37.3/quarkus-hibernate-validator-deployment-3.37.3.pom
[INFO] Downloading from central: https://repo.maven.apache.org/maven2/io/quarkus/quarkus-jdbc-postgresql-deployment/3.37.3/quarkus-jdbc-postgresql-deployment-3.37.3.pom
[INFO] Downloading from central: https://repo.maven.apache.org/maven2/io/quarkus/quarkus-hibernate-orm-panache-deployment/3.37.3/quarkus-hibernate-orm-panache-deployment-3.37.3.pom
[INFO] Downloading from central: https://repo.maven.apache.org/maven2/io/quarkus/quarkus-vertx-http-deployment/3.37.3/quarkus-vertx-http-deployment-3.37.3.pom
[INFO] Downloading from central: https://repo.maven.apache.org/maven2/io/quarkiverse/openapi/generator/quarkus-openapi-generator-server-deployment/2.21.0/quarkus-openapi-generator-server-deployment-2.21.0.pom
[INFO] Downloaded from central: https://repo.maven.apache.org/maven2/io/quarkus/quarkus-rest-jackson-deployment/3.37.3/quarkus-rest-jackson-deployment-3.37.3.pom (4.5 kB at 115 kB/s)
[INFO] Downloaded from central: https://repo.maven.apache.org/maven2/io/quarkus/quarkus-jdbc-postgresql-deployment/3.37.3/quarkus-jdbc-postgresql-deployment-3.37.3.pom (5.2 kB at 133 kB/s)
[INFO] Downloaded from central: https://repo.maven.apache.org/maven2/io/quarkus/quarkus-hibernate-validator-deployment/3.37.3/quarkus-hibernate-validator-deployment-3.37.3.pom (3.4 kB at 83 kB/s)
[INFO] Downloaded from central: https://repo.maven.apache.org/maven2/io/quarkus/quarkus-smallrye-openapi-deployment/3.37.3/quarkus-smallrye-openapi-deployment-3.37.3.pom (6.6 kB at 141 kB/s)
[INFO] Downloaded from central: https://repo.maven.apache.org/maven2/io/quarkus/quarkus-hibernate-orm-panache-deployment/3.37.3/quarkus-hibernate-orm-panache-deployment-3.37.3.pom (3.7 kB at 77 kB/s)
[INFO] Downloading from central: https://repo.maven.apache.org/maven2/io/quarkus/quarkus-rest-deployment/3.37.3/quarkus-rest-deployment-3.37.3.pom
[INFO] Downloading from central: https://repo.maven.apache.org/maven2/io/quarkus/quarkus-agroal-spi/3.37.3/quarkus-agroal-spi-3.37.3.pom
[INFO] Downloading from central: https://repo.maven.apache.org/maven2/io/quarkus/quarkus-hibernate-orm-panache-common-deployment/3.37.3/quarkus-hibernate-orm-panache-common-deployment-3.37.3.pom
[INFO] Downloading from central: https://repo.maven.apache.org/maven2/io/quarkus/quarkus-jaxrs-spi-deployment/3.37.3/quarkus-jaxrs-spi-deployment-3.37.3.pom
[INFO] Downloaded from central: https://repo.maven.apache.org/maven2/io/quarkus/quarkus-rest-deployment/3.37.3/quarkus-rest-deployment-3.37.3.pom (5.8 kB at 161 kB/s)
[INFO] Downloading from central: https://repo.maven.apache.org/maven2/io/quarkus/resteasy/reactive/resteasy-reactive-processor/3.37.3/resteasy-reactive-processor-3.37.3.pom
[INFO] Downloaded from central: https://repo.maven.apache.org/maven2/io/quarkus/quarkus-hibernate-orm-panache-common-deployment/3.37.3/quarkus-hibernate-orm-panache-common-deployment-3.37.3.pom (2.4 kB at 61 kB/s)
[INFO] Downloading from central: https://repo.maven.apache.org/maven2/io/quarkus/quarkus-hibernate-orm-deployment/3.37.3/quarkus-hibernate-orm-deployment-3.37.3.pom
[INFO] Downloaded from central: https://repo.maven.apache.org/maven2/io/quarkus/quarkus-agroal-spi/3.37.3/quarkus-agroal-spi-3.37.3.pom (1.1 kB at 23 kB/s)
[INFO] Downloaded from central: https://repo.maven.apache.org/maven2/io/quarkus/quarkus-jaxrs-spi-deployment/3.37.3/quarkus-jaxrs-spi-deployment-3.37.3.pom (774 B at 18 kB/s)
[INFO] Downloading from central: https://repo.maven.apache.org/maven2/io/quarkus/quarkus-jaxrs-spi-parent/3.37.3/quarkus-jaxrs-spi-parent-3.37.3.pom
[INFO] Downloaded from central: https://repo.maven.apache.org/maven2/io/quarkus/quarkus-vertx-http-deployment/3.37.3/quarkus-vertx-http-deployment-3.37.3.pom (6.0 kB at 58 kB/s)
[INFO] Downloading from central: https://repo.maven.apache.org/maven2/io/quarkus/quarkus-devservices-postgresql/3.37.3/quarkus-devservices-postgresql-3.37.3.pom
[INFO] Downloading from central: https://repo.maven.apache.org/maven2/io/quarkus/quarkus-vertx-deployment/3.37.3/quarkus-vertx-deployment-3.37.3.pom
[INFO] Downloaded from central: https://repo.maven.apache.org/maven2/io/quarkiverse/openapi/generator/quarkus-openapi-generator-server-deployment/2.21.0/quarkus-openapi-generator-server-deployment-2.21.0.pom (3.5 kB at 28 kB/s)
[INFO] Downloaded from central: https://repo.maven.apache.org/maven2/io/quarkus/resteasy/reactive/resteasy-reactive-processor/3.37.3/resteasy-reactive-processor-3.37.3.pom (2.8 kB at 64 kB/s)
[INFO] Downloading from central: https://repo.maven.apache.org/maven2/io/quarkus/resteasy/reactive/resteasy-reactive-common-processor/3.37.3/resteasy-reactive-common-processor-3.37.3.pom
[INFO] Downloading from central: https://repo.maven.apache.org/maven2/io/quarkiverse/openapi/generator/quarkus-openapi-generator-common/2.21.0/quarkus-openapi-generator-common-2.21.0.pom
[INFO] Downloaded from central: https://repo.maven.apache.org/maven2/io/quarkus/quarkus-jaxrs-spi-parent/3.37.3/quarkus-jaxrs-spi-parent-3.37.3.pom (718 B at 18 kB/s)
[INFO] Downloading from central: https://repo.maven.apache.org/maven2/io/quarkus/quarkus-resteasy-common-spi/3.37.3/quarkus-resteasy-common-spi-3.37.3.pom
[INFO] Downloaded from central: https://repo.maven.apache.org/maven2/io/quarkus/quarkus-hibernate-orm-deployment/3.37.3/quarkus-hibernate-orm-deployment-3.37.3.pom (8.0 kB at 177 kB/s)
[INFO] Downloading from central: https://repo.maven.apache.org/maven2/io/quarkus/quarkus-hibernate-orm-dev/3.37.3/quarkus-hibernate-orm-dev-3.37.3.pom
[INFO] Downloaded from central: https://repo.maven.apache.org/maven2/io/quarkus/quarkus-devservices-postgresql/3.37.3/quarkus-devservices-postgresql-3.37.3.pom (2.6 kB at 58 kB/s)
[INFO] Downloaded from central: https://repo.maven.apache.org/maven2/io/quarkus/quarkus-vertx-deployment/3.37.3/quarkus-vertx-deployment-3.37.3.pom (3.8 kB at 86 kB/s)
[INFO] Downloading from central: https://repo.maven.apache.org/maven2/io/quarkus/quarkus-datasource-deployment-spi/3.37.3/quarkus-datasource-deployment-spi-3.37.3.pom
[INFO] Downloading from central: https://repo.maven.apache.org/maven2/io/quarkus/quarkus-tls-registry-deployment-spi/3.37.3/quarkus-tls-registry-deployment-spi-3.37.3.pom
[INFO] Downloaded from central: https://repo.maven.apache.org/maven2/io/quarkiverse/openapi/generator/quarkus-openapi-generator-common/2.21.0/quarkus-openapi-generator-common-2.21.0.pom (941 B at 22 kB/s)
[INFO] Downloading from central: https://repo.maven.apache.org/maven2/io/quarkus/quarkus-qute-deployment/3.37.3/quarkus-qute-deployment-3.37.3.pom
[INFO] Downloaded from central: https://repo.maven.apache.org/maven2/io/quarkus/resteasy/reactive/resteasy-reactive-common-processor/3.37.3/resteasy-reactive-common-processor-3.37.3.pom (2.1 kB at 41 kB/s)
[INFO] Downloaded from central: https://repo.maven.apache.org/maven2/io/quarkus/quarkus-resteasy-common-spi/3.37.3/quarkus-resteasy-common-spi-3.37.3.pom (779 B at 18 kB/s)
[INFO] Downloading from central: https://repo.maven.apache.org/maven2/io/quarkus/quarkus-resteasy-common-parent/3.37.3/quarkus-resteasy-common-parent-3.37.3.pom
[INFO] Downloaded from central: https://repo.maven.apache.org/maven2/io/quarkus/quarkus-hibernate-orm-dev/3.37.3/quarkus-hibernate-orm-dev-3.37.3.pom (1.3 kB at 33 kB/s)
[INFO] Downloading from central: https://repo.maven.apache.org/maven2/io/quarkus/quarkus-assistant-dev/3.37.3/quarkus-assistant-dev-3.37.3.pom
[INFO] Downloaded from central: https://repo.maven.apache.org/maven2/io/quarkus/quarkus-tls-registry-deployment-spi/3.37.3/quarkus-tls-registry-deployment-spi-3.37.3.pom (1.1 kB at 26 kB/s)
[INFO] Downloading from central: https://repo.maven.apache.org/maven2/io/quarkus/quarkus-netty-deployment/3.37.3/quarkus-netty-deployment-3.37.3.pom
[INFO] Downloaded from central: https://repo.maven.apache.org/maven2/io/quarkus/quarkus-datasource-deployment-spi/3.37.3/quarkus-datasource-deployment-spi-3.37.3.pom (1.1 kB at 21 kB/s)
[INFO] Downloading from central: https://repo.maven.apache.org/maven2/org/testcontainers/testcontainers-postgresql/2.0.5/testcontainers-postgresql-2.0.5.pom
[INFO] Downloaded from central: https://repo.maven.apache.org/maven2/io/quarkus/quarkus-resteasy-common-parent/3.37.3/quarkus-resteasy-common-parent-3.37.3.pom (801 B at 22 kB/s)
[INFO] Downloading from central: https://repo.maven.apache.org/maven2/io/quarkus/quarkus-resteasy-parent-aggregator/3.37.3/quarkus-resteasy-parent-aggregator-3.37.3.pom
[INFO] Downloaded from central: https://repo.maven.apache.org/maven2/io/quarkus/quarkus-assistant-dev/3.37.3/quarkus-assistant-dev-3.37.3.pom (638 B at 15 kB/s)
[INFO] Downloading from central: https://repo.maven.apache.org/maven2/io/quarkus/quarkus-assistant-parent/3.37.3/quarkus-assistant-parent-3.37.3.pom
[INFO] Downloaded from central: https://repo.maven.apache.org/maven2/io/quarkus/quarkus-qute-deployment/3.37.3/quarkus-qute-deployment-3.37.3.pom (3.3 kB at 60 kB/s)
[INFO] Downloading from central: https://repo.maven.apache.org/maven2/io/quarkus/quarkus-cache-deployment-spi/3.37.3/quarkus-cache-deployment-spi-3.37.3.pom
[INFO] Downloaded from central: https://repo.maven.apache.org/maven2/org/testcontainers/testcontainers-postgresql/2.0.5/testcontainers-postgresql-2.0.5.pom (1.5 kB at 38 kB/s)
[INFO] Downloading from central: https://repo.maven.apache.org/maven2/org/testcontainers/testcontainers-jdbc/2.0.5/testcontainers-jdbc-2.0.5.pom
[INFO] Downloaded from central: https://repo.maven.apache.org/maven2/io/quarkus/quarkus-netty-deployment/3.37.3/quarkus-netty-deployment-3.37.3.pom (1.9 kB at 38 kB/s)
[INFO] Downloading from central: https://repo.maven.apache.org/maven2/io/quarkus/quarkus-virtual-threads-deployment/3.37.3/quarkus-virtual-threads-deployment-3.37.3.pom
[INFO] Downloaded from central: https://repo.maven.apache.org/maven2/io/quarkus/quarkus-resteasy-parent-aggregator/3.37.3/quarkus-resteasy-parent-aggregator-3.37.3.pom (1.4 kB at 35 kB/s)
[INFO] Downloading from central: https://repo.maven.apache.org/maven2/io/quarkus/quarkus-resteasy-server-common-spi/3.37.3/quarkus-resteasy-server-common-spi-3.37.3.pom
[INFO] Downloaded from central: https://repo.maven.apache.org/maven2/io/quarkus/quarkus-assistant-parent/3.37.3/quarkus-assistant-parent-3.37.3.pom (818 B at 20 kB/s)
[INFO] Downloading from central: https://repo.maven.apache.org/maven2/org/hibernate/orm/hibernate-assistant/7.4.4.Final/hibernate-assistant-7.4.4.Final.pom
[INFO] Downloaded from central: https://repo.maven.apache.org/maven2/io/quarkus/quarkus-cache-deployment-spi/3.37.3/quarkus-cache-deployment-spi-3.37.3.pom (808 B at 19 kB/s)
[INFO] Downloading from central: https://repo.maven.apache.org/maven2/io/quarkus/quarkus-cache-parent/3.37.3/quarkus-cache-parent-3.37.3.pom
[INFO] Downloaded from central: https://repo.maven.apache.org/maven2/org/testcontainers/testcontainers-jdbc/2.0.5/testcontainers-jdbc-2.0.5.pom (1.5 kB at 41 kB/s)
[INFO] Downloading from central: https://repo.maven.apache.org/maven2/org/testcontainers/testcontainers-database-commons/2.0.5/testcontainers-database-commons-2.0.5.pom
[INFO] Downloaded from central: https://repo.maven.apache.org/maven2/io/quarkus/quarkus-virtual-threads-deployment/3.37.3/quarkus-virtual-threads-deployment-3.37.3.pom (2.0 kB at 42 kB/s)
[INFO] Downloading from central: https://repo.maven.apache.org/maven2/io/quarkus/quarkus-mutiny-deployment/3.37.3/quarkus-mutiny-deployment-3.37.3.pom
[INFO] Downloaded from central: https://repo.maven.apache.org/maven2/org/hibernate/orm/hibernate-assistant/7.4.4.Final/hibernate-assistant-7.4.4.Final.pom (3.3 kB at 83 kB/s)
[INFO] Downloaded from central: https://repo.maven.apache.org/maven2/io/quarkus/quarkus-resteasy-server-common-spi/3.37.3/quarkus-resteasy-server-common-spi-3.37.3.pom (892 B at 19 kB/s)
[INFO] Downloading from central: https://repo.maven.apache.org/maven2/io/quarkus/quarkus-resteasy-server-common-parent/3.37.3/quarkus-resteasy-server-common-parent-3.37.3.pom
[INFO] Downloading from central: https://repo.maven.apache.org/maven2/io/quarkus/quarkus-hibernate-orm-deployment-spi/3.37.3/quarkus-hibernate-orm-deployment-spi-3.37.3.pom
[INFO] Downloaded from central: https://repo.maven.apache.org/maven2/io/quarkus/quarkus-cache-parent/3.37.3/quarkus-cache-parent-3.37.3.pom (811 B at 17 kB/s)
[INFO] Downloaded from central: https://repo.maven.apache.org/maven2/org/testcontainers/testcontainers-database-commons/2.0.5/testcontainers-database-commons-2.0.5.pom (1.5 kB at 39 kB/s)
[INFO] Downloading from central: https://repo.maven.apache.org/maven2/io/quarkus/quarkus-agroal-deployment/3.37.3/quarkus-agroal-deployment-3.37.3.pom
[INFO] Downloading from central: https://repo.maven.apache.org/maven2/io/quarkus/qute/qute-generator/3.37.3/qute-generator-3.37.3.pom
[INFO] Downloaded from central: https://repo.maven.apache.org/maven2/io/quarkus/quarkus-hibernate-orm-deployment-spi/3.37.3/quarkus-hibernate-orm-deployment-spi-3.37.3.pom (788 B at 22 kB/s)
[INFO] Downloaded from central: https://repo.maven.apache.org/maven2/io/quarkus/quarkus-mutiny-deployment/3.37.3/quarkus-mutiny-deployment-3.37.3.pom (2.2 kB at 52 kB/s)
[INFO] Downloading from central: https://repo.maven.apache.org/maven2/io/quarkus/quarkus-smallrye-context-propagation-deployment/3.37.3/quarkus-smallrye-context-propagation-deployment-3.37.3.pom
[INFO] Downloading from central: https://repo.maven.apache.org/maven2/io/quarkus/quarkus-narayana-jta-deployment/3.37.3/quarkus-narayana-jta-deployment-3.37.3.pom
[INFO] Downloaded from central: https://repo.maven.apache.org/maven2/io/quarkus/quarkus-resteasy-server-common-parent/3.37.3/quarkus-resteasy-server-common-parent-3.37.3.pom (815 B at 19 kB/s)
[INFO] Downloading from central: https://repo.maven.apache.org/maven2/io/quarkus/quarkus-rest-spi-deployment/3.37.3/quarkus-rest-spi-deployment-3.37.3.pom
[INFO] Downloaded from central: https://repo.maven.apache.org/maven2/io/quarkus/qute/qute-generator/3.37.3/qute-generator-3.37.3.pom (1.9 kB at 47 kB/s)
[INFO] Downloaded from central: https://repo.maven.apache.org/maven2/io/quarkus/quarkus-agroal-deployment/3.37.3/quarkus-agroal-deployment-3.37.3.pom (5.0 kB at 121 kB/s)
[INFO] Downloading from central: https://repo.maven.apache.org/maven2/org/openapitools/openapi-generator/7.23.0/openapi-generator-7.23.0.pom
[INFO] Downloading from central: https://repo.maven.apache.org/maven2/io/quarkus/quarkus-datasource-deployment/3.37.3/quarkus-datasource-deployment-3.37.3.pom
[INFO] Downloaded from central: https://repo.maven.apache.org/maven2/io/quarkus/quarkus-rest-spi-deployment/3.37.3/quarkus-rest-spi-deployment-3.37.3.pom (896 B at 24 kB/s)
[INFO] Downloaded from central: https://repo.maven.apache.org/maven2/io/quarkus/quarkus-narayana-jta-deployment/3.37.3/quarkus-narayana-jta-deployment-3.37.3.pom (2.4 kB at 56 kB/s)
[INFO] Downloading from central: https://repo.maven.apache.org/maven2/io/quarkus/quarkus-smallrye-health-deployment/3.37.3/quarkus-smallrye-health-deployment-3.37.3.pom
[INFO] Downloaded from central: https://repo.maven.apache.org/maven2/io/quarkus/quarkus-smallrye-context-propagation-deployment/3.37.3/quarkus-smallrye-context-propagation-deployment-3.37.3.pom (2.3 kB at 48 kB/s)
[INFO] Downloading from central: https://repo.maven.apache.org/maven2/io/quarkus/quarkus-jackson-spi/3.37.3/quarkus-jackson-spi-3.37.3.pom
[INFO] Downloaded from central: https://repo.maven.apache.org/maven2/org/openapitools/openapi-generator/7.23.0/openapi-generator-7.23.0.pom (21 kB at 503 kB/s)
[INFO] Downloading from central: https://repo.maven.apache.org/maven2/org/openapitools/openapi-generator-project/7.23.0/openapi-generator-project-7.23.0.pom
[INFO] Downloaded from central: https://repo.maven.apache.org/maven2/io/quarkus/quarkus-datasource-deployment/3.37.3/quarkus-datasource-deployment-3.37.3.pom (2.8 kB at 54 kB/s)
[INFO] Downloading from central: https://repo.maven.apache.org/maven2/io/quarkus/quarkus-credentials-deployment/3.37.3/quarkus-credentials-deployment-3.37.3.pom
[INFO] Downloaded from central: https://repo.maven.apache.org/maven2/io/quarkus/quarkus-smallrye-health-deployment/3.37.3/quarkus-smallrye-health-deployment-3.37.3.pom (3.9 kB at 106 kB/s)
[INFO] Downloaded from central: https://repo.maven.apache.org/maven2/io/quarkus/quarkus-jackson-spi/3.37.3/quarkus-jackson-spi-3.37.3.pom (830 B at 20 kB/s)
[INFO] Downloading from central: https://repo.maven.apache.org/maven2/io/quarkus/quarkus-vertx-deployment-spi/3.37.3/quarkus-vertx-deployment-spi-3.37.3.pom
[INFO] Downloaded from central: https://repo.maven.apache.org/maven2/org/openapitools/openapi-generator-project/7.23.0/openapi-generator-project-7.23.0.pom (51 kB at 1.2 MB/s)
[INFO] Downloading from central: https://repo.maven.apache.org/maven2/io/swagger/parser/v3/swagger-parser/2.1.42/swagger-parser-2.1.42.pom
[INFO] Downloaded from central: https://repo.maven.apache.org/maven2/io/quarkus/quarkus-credentials-deployment/3.37.3/quarkus-credentials-deployment-3.37.3.pom (1.9 kB at 50 kB/s)
[INFO] Downloading from central: https://repo.maven.apache.org/maven2/io/quarkus/quarkus-datasource-dev/3.37.3/quarkus-datasource-dev-3.37.3.pom
[INFO] Downloaded from central: https://repo.maven.apache.org/maven2/io/quarkus/quarkus-vertx-deployment-spi/3.37.3/quarkus-vertx-deployment-spi-3.37.3.pom (904 B at 20 kB/s)
[INFO] Downloading from central: https://repo.maven.apache.org/maven2/io/quarkus/quarkus-vertx-http-deployment-spi/3.37.3/quarkus-vertx-http-deployment-spi-3.37.3.pom
[INFO] Downloaded from central: https://repo.maven.apache.org/maven2/io/swagger/parser/v3/swagger-parser/2.1.42/swagger-parser-2.1.42.pom (3.4 kB at 91 kB/s)
[INFO] Downloading from central: https://repo.maven.apache.org/maven2/io/swagger/parser/v3/swagger-parser-project/2.1.42/swagger-parser-project-2.1.42.pom
[INFO] Downloaded from central: https://repo.maven.apache.org/maven2/io/quarkus/quarkus-datasource-dev/3.37.3/quarkus-datasource-dev-3.37.3.pom (847 B at 22 kB/s)
[INFO] Downloading from central: https://repo.maven.apache.org/maven2/io/quarkus/quarkus-kubernetes-service-binding-spi/3.37.3/quarkus-kubernetes-service-binding-spi-3.37.3.pom
[INFO] Downloaded from central: https://repo.maven.apache.org/maven2/io/quarkus/quarkus-vertx-http-deployment-spi/3.37.3/quarkus-vertx-http-deployment-spi-3.37.3.pom (957 B at 23 kB/s)
[INFO] Downloading from central: https://repo.maven.apache.org/maven2/io/quarkus/quarkus-tls-registry-deployment/3.37.3/quarkus-tls-registry-deployment-3.37.3.pom
[INFO] Downloaded from central: https://repo.maven.apache.org/maven2/io/quarkus/quarkus-kubernetes-service-binding-spi/3.37.3/quarkus-kubernetes-service-binding-spi-3.37.3.pom (914 B at 25 kB/s)
[INFO] Downloading from central: https://repo.maven.apache.org/maven2/io/quarkus/quarkus-kubernetes-service-binding-parent/3.37.3/quarkus-kubernetes-service-binding-parent-3.37.3.pom
[INFO] Downloaded from central: https://repo.maven.apache.org/maven2/io/swagger/parser/v3/swagger-parser-project/2.1.42/swagger-parser-project-2.1.42.pom (16 kB at 282 kB/s)
[INFO] Downloading from central: https://repo.maven.apache.org/maven2/io/swagger/parser/v3/swagger-parser-v2-converter/2.1.42/swagger-parser-v2-converter-2.1.42.pom
[INFO] Downloaded from central: https://repo.maven.apache.org/maven2/io/quarkus/quarkus-kubernetes-service-binding-parent/3.37.3/quarkus-kubernetes-service-binding-parent-3.37.3.pom (805 B at 23 kB/s)
[INFO] Downloading from central: https://repo.maven.apache.org/maven2/io/quarkus/quarkus-devservices-deployment/3.37.3/quarkus-devservices-deployment-3.37.3.pom
[INFO] Downloaded from central: https://repo.maven.apache.org/maven2/io/swagger/parser/v3/swagger-parser-v2-converter/2.1.42/swagger-parser-v2-converter-2.1.42.pom (5.8 kB at 124 kB/s)
[INFO] Downloading from central: https://repo.maven.apache.org/maven2/io/swagger/swagger-core/1.6.16/swagger-core-1.6.16.pom
[INFO] Downloaded from central: https://repo.maven.apache.org/maven2/io/quarkus/quarkus-devservices-deployment/3.37.3/quarkus-devservices-deployment-3.37.3.pom (2.5 kB at 62 kB/s)
[INFO] Downloading from central: https://repo.maven.apache.org/maven2/io/quarkus/quarkus-agroal-dev/3.37.3/quarkus-agroal-dev-3.37.3.pom
[INFO] Downloaded from central: https://repo.maven.apache.org/maven2/io/swagger/swagger-core/1.6.16/swagger-core-1.6.16.pom (6.5 kB at 154 kB/s)
[INFO] Downloading from central: https://repo.maven.apache.org/maven2/io/swagger/swagger-project/1.6.16/swagger-project-1.6.16.pom
[INFO] Downloaded from central: https://repo.maven.apache.org/maven2/io/quarkus/quarkus-agroal-dev/3.37.3/quarkus-agroal-dev-3.37.3.pom (992 B at 25 kB/s)
[INFO] Downloading from central: https://repo.maven.apache.org/maven2/io/quarkus/quarkus-assistant-deployment-spi/3.37.3/quarkus-assistant-deployment-spi-3.37.3.pom
[INFO] Downloaded from central: https://repo.maven.apache.org/maven2/io/swagger/swagger-project/1.6.16/swagger-project-1.6.16.pom (26 kB at 539 kB/s)
[INFO] Downloading from central: https://repo.maven.apache.org/maven2/io/swagger/swagger-models/1.6.16/swagger-models-1.6.16.pom
[INFO] Downloaded from central: https://repo.maven.apache.org/maven2/io/quarkus/quarkus-assistant-deployment-spi/3.37.3/quarkus-assistant-deployment-spi-3.37.3.pom (1.1 kB at 29 kB/s)
[INFO] Downloading from central: https://repo.maven.apache.org/maven2/io/quarkus/quarkus-smallrye-health-spi/3.37.3/quarkus-smallrye-health-spi-3.37.3.pom
[INFO] Downloaded from central: https://repo.maven.apache.org/maven2/io/swagger/swagger-models/1.6.16/swagger-models-1.6.16.pom (5.1 kB at 114 kB/s)
[INFO] Downloading from central: https://repo.maven.apache.org/maven2/io/swagger/swagger-annotations/1.6.16/swagger-annotations-1.6.16.pom
[INFO] Downloaded from central: https://repo.maven.apache.org/maven2/io/quarkus/quarkus-smallrye-health-spi/3.37.3/quarkus-smallrye-health-spi-3.37.3.pom (770 B at 18 kB/s)
[INFO] Downloading from central: https://repo.maven.apache.org/maven2/io/quarkus/quarkus-caffeine-deployment/3.37.3/quarkus-caffeine-deployment-3.37.3.pom
[INFO] Downloading from central: https://repo.maven.apache.org/maven2/io/quarkus/quarkus-micrometer-opentelemetry-deployment/3.37.3/quarkus-micrometer-opentelemetry-deployment-3.37.3.pom
[INFO] Downloaded from central: https://repo.maven.apache.org/maven2/io/quarkus/quarkus-tls-registry-deployment/3.37.3/quarkus-tls-registry-deployment-3.37.3.pom (3.7 kB at 16 kB/s)
[INFO] Downloading from central: https://repo.maven.apache.org/maven2/io/quarkus/quarkus-kubernetes-spi/3.37.3/quarkus-kubernetes-spi-3.37.3.pom
[INFO] Downloaded from central: https://repo.maven.apache.org/maven2/io/swagger/swagger-annotations/1.6.16/swagger-annotations-1.6.16.pom (1.6 kB at 32 kB/s)
[INFO] Downloading from central: https://repo.maven.apache.org/maven2/io/swagger/swagger-parser/1.0.76/swagger-parser-1.0.76.pom
[INFO] Downloaded from central: https://repo.maven.apache.org/maven2/io/quarkus/quarkus-micrometer-opentelemetry-deployment/3.37.3/quarkus-micrometer-opentelemetry-deployment-3.37.3.pom (4.6 kB at 110 kB/s)
[INFO] Downloaded from central: https://repo.maven.apache.org/maven2/io/quarkus/quarkus-kubernetes-spi/3.37.3/quarkus-kubernetes-spi-3.37.3.pom (1.2 kB at 30 kB/s)
[INFO] Downloading from central: https://repo.maven.apache.org/maven2/io/quarkus/quarkus-security-spi/3.37.3/quarkus-security-spi-3.37.3.pom
[INFO] Downloading from central: https://repo.maven.apache.org/maven2/io/quarkus/quarkus-micrometer-deployment/3.37.3/quarkus-micrometer-deployment-3.37.3.pom
[INFO] Downloaded from central: https://repo.maven.apache.org/maven2/io/swagger/swagger-parser/1.0.76/swagger-parser-1.0.76.pom (3.6 kB at 67 kB/s)
[INFO] Downloaded from central: https://repo.maven.apache.org/maven2/io/quarkus/quarkus-security-spi/3.37.3/quarkus-security-spi-3.37.3.pom (1.7 kB at 42 kB/s)
[INFO] Downloading from central: https://repo.maven.apache.org/maven2/io/swagger/swagger-parser-project/1.0.76/swagger-parser-project-1.0.76.pom
[INFO] Downloading from central: https://repo.maven.apache.org/maven2/io/quarkus/quarkus-smallrye-openapi-spi/3.37.3/quarkus-smallrye-openapi-spi-3.37.3.pom
[INFO] Downloading from central: https://repo.maven.apache.org/maven2/io/quarkus/quarkus-jsonp-deployment/3.37.3/quarkus-jsonp-deployment-3.37.3.pom
[INFO] Downloaded from central: https://repo.maven.apache.org/maven2/io/quarkus/quarkus-micrometer-deployment/3.37.3/quarkus-micrometer-deployment-3.37.3.pom (7.8 kB at 177 kB/s)
[INFO] Downloading from central: https://repo.maven.apache.org/maven2/io/quarkus/quarkus-rest-dev/3.37.3/quarkus-rest-dev-3.37.3.pom
[INFO] Downloading from central: https://repo.maven.apache.org/maven2/io/quarkus/quarkus-container-image-docker-deployment/3.37.3/quarkus-container-image-docker-deployment-3.37.3.pom
[INFO] Downloading from central: https://repo.maven.apache.org/maven2/io/quarkus/quarkus-undertow-spi/3.37.3/quarkus-undertow-spi-3.37.3.pom
[INFO] Downloaded from central: https://repo.maven.apache.org/maven2/io/quarkus/quarkus-smallrye-openapi-spi/3.37.3/quarkus-smallrye-openapi-spi-3.37.3.pom (928 B at 27 kB/s)
[INFO] Downloaded from central: https://repo.maven.apache.org/maven2/io/swagger/swagger-parser-project/1.0.76/swagger-parser-project-1.0.76.pom (15 kB at 422 kB/s)
[INFO] Downloading from central: https://repo.maven.apache.org/maven2/javax/validation/validation-api/1.1.0.Final/validation-api-1.1.0.Final.pom
[INFO] Downloading from central: https://repo.maven.apache.org/maven2/io/quarkus/quarkus-smallrye-openapi-common-deployment/3.37.3/quarkus-smallrye-openapi-common-deployment-3.37.3.pom
[INFO] Downloaded from central: https://repo.maven.apache.org/maven2/io/quarkus/quarkus-container-image-docker-deployment/3.37.3/quarkus-container-image-docker-deployment-3.37.3.pom (2.0 kB at 54 kB/s)
[INFO] Downloaded from central: https://repo.maven.apache.org/maven2/io/quarkus/quarkus-rest-dev/3.37.3/quarkus-rest-dev-3.37.3.pom (972 B at 24 kB/s)
[INFO] Downloading from central: https://repo.maven.apache.org/maven2/io/quarkus/quarkus-rest-server-spi-deployment/3.37.3/quarkus-rest-server-spi-deployment-3.37.3.pom
[INFO] Downloaded from central: https://repo.maven.apache.org/maven2/io/quarkus/quarkus-undertow-spi/3.37.3/quarkus-undertow-spi-3.37.3.pom (2.3 kB at 62 kB/s)
[INFO] Downloading from central: https://repo.maven.apache.org/maven2/io/quarkus/quarkus-http-parent/3.37.3/quarkus-http-parent-3.37.3.pom
[INFO] Downloading from central: https://repo.maven.apache.org/maven2/io/quarkus/quarkus-container-image-docker-common-deployment/3.37.3/quarkus-container-image-docker-common-deployment-3.37.3.pom
[INFO] Downloaded from central: https://repo.maven.apache.org/maven2/io/quarkus/quarkus-jsonp-deployment/3.37.3/quarkus-jsonp-deployment-3.37.3.pom (1.7 kB at 32 kB/s)
[INFO] Downloading from central: https://repo.maven.apache.org/maven2/io/quarkus/quarkus-smallrye-health-dev/3.37.3/quarkus-smallrye-health-dev-3.37.3.pom
[INFO] Downloaded from central: https://repo.maven.apache.org/maven2/javax/validation/validation-api/1.1.0.Final/validation-api-1.1.0.Final.pom (7.9 kB at 231 kB/s)
[INFO] Downloading from central: https://repo.maven.apache.org/maven2/io/swagger/swagger-parser-safe-url-resolver/1.0.76/swagger-parser-safe-url-resolver-1.0.76.pom
[INFO] Downloaded from central: https://repo.maven.apache.org/maven2/io/quarkus/quarkus-smallrye-openapi-common-deployment/3.37.3/quarkus-smallrye-openapi-common-deployment-3.37.3.pom (1.7 kB at 39 kB/s)
[INFO] Downloading from central: https://repo.maven.apache.org/maven2/io/quarkus/quarkus-smallrye-openapi-common-parent/3.37.3/quarkus-smallrye-openapi-common-parent-3.37.3.pom
[INFO] Downloaded from central: https://repo.maven.apache.org/maven2/io/quarkus/quarkus-rest-server-spi-deployment/3.37.3/quarkus-rest-server-spi-deployment-3.37.3.pom (954 B at 26 kB/s)
[INFO] Downloading from central: https://repo.maven.apache.org/maven2/io/quarkus/quarkus-rest-common-deployment/3.37.3/quarkus-rest-common-deployment-3.37.3.pom
[INFO] Downloaded from central: https://repo.maven.apache.org/maven2/io/quarkus/quarkus-http-parent/3.37.3/quarkus-http-parent-3.37.3.pom (764 B at 19 kB/s)
[INFO] Downloading from central: https://repo.maven.apache.org/maven2/io/quarkus/http/quarkus-http-servlet/5.5.0/quarkus-http-servlet-5.5.0.pom
[INFO] Downloaded from central: https://repo.maven.apache.org/maven2/io/quarkus/quarkus-container-image-docker-common-deployment/3.37.3/quarkus-container-image-docker-common-deployment-3.37.3.pom (2.0 kB at 42 kB/s)
[INFO] Downloading from central: https://repo.maven.apache.org/maven2/io/quarkus/quarkus-container-image-deployment/3.37.3/quarkus-container-image-deployment-3.37.3.pom
[INFO] Downloaded from central: https://repo.maven.apache.org/maven2/io/quarkus/quarkus-smallrye-health-dev/3.37.3/quarkus-smallrye-health-dev-3.37.3.pom (837 B at 17 kB/s)
[INFO] Downloaded from central: https://repo.maven.apache.org/maven2/io/quarkus/quarkus-caffeine-deployment/3.37.3/quarkus-caffeine-deployment-3.37.3.pom (1.9 kB at 9.3 kB/s)
[INFO] Downloading from central: https://repo.maven.apache.org/maven2/io/smallrye/smallrye-health-ui/4.3.0/smallrye-health-ui-4.3.0.pom
[INFO] Downloading from central: https://repo.maven.apache.org/maven2/io/quarkus/quarkus-panache-hibernate-common-deployment/3.37.3/quarkus-panache-hibernate-common-deployment-3.37.3.pom
[INFO] Downloaded from central: https://repo.maven.apache.org/maven2/io/swagger/swagger-parser-safe-url-resolver/1.0.76/swagger-parser-safe-url-resolver-1.0.76.pom (1.8 kB at 38 kB/s)
[INFO] Downloaded from central: https://repo.maven.apache.org/maven2/io/quarkus/quarkus-smallrye-openapi-common-parent/3.37.3/quarkus-smallrye-openapi-common-parent-3.37.3.pom (738 B at 19 kB/s)
[INFO] Downloading from central: https://repo.maven.apache.org/maven2/io/swagger/swagger-compat-spec-parser/1.0.76/swagger-compat-spec-parser-1.0.76.pom
[INFO] Downloading from central: https://repo.maven.apache.org/maven2/io/quarkus/quarkus-swagger-ui-deployment/3.37.3/quarkus-swagger-ui-deployment-3.37.3.pom
[INFO] Downloaded from central: https://repo.maven.apache.org/maven2/io/quarkus/quarkus-rest-common-deployment/3.37.3/quarkus-rest-common-deployment-3.37.3.pom (3.9 kB at 88 kB/s)
[INFO] Downloading from central: https://repo.maven.apache.org/maven2/io/quarkus/quarkus-rest-jackson-common-deployment/3.37.3/quarkus-rest-jackson-common-deployment-3.37.3.pom
[INFO] Downloaded from central: https://repo.maven.apache.org/maven2/io/quarkus/http/quarkus-http-servlet/5.5.0/quarkus-http-servlet-5.5.0.pom (18 kB at 426 kB/s)
[INFO] Downloading from central: https://repo.maven.apache.org/maven2/io/quarkus/http/quarkus-http-parent/5.5.0/quarkus-http-parent-5.5.0.pom
[INFO] Downloaded from central: https://repo.maven.apache.org/maven2/io/smallrye/smallrye-health-ui/4.3.0/smallrye-health-ui-4.3.0.pom (4.9 kB at 132 kB/s)
[INFO] Downloaded from central: https://repo.maven.apache.org/maven2/io/quarkus/quarkus-container-image-deployment/3.37.3/quarkus-container-image-deployment-3.37.3.pom (2.5 kB at 54 kB/s)
[INFO] Downloading from central: https://repo.maven.apache.org/maven2/io/quarkus/quarkus-container-image-spi/3.37.3/quarkus-container-image-spi-3.37.3.pom
[INFO] Downloading from central: https://repo.maven.apache.org/maven2/io/quarkus/quarkus-openshift-deployment/3.37.3/quarkus-openshift-deployment-3.37.3.pom
[INFO] Downloaded from central: https://repo.maven.apache.org/maven2/io/swagger/swagger-compat-spec-parser/1.0.76/swagger-compat-spec-parser-1.0.76.pom (3.2 kB at 79 kB/s)
[INFO] Downloaded from central: https://repo.maven.apache.org/maven2/io/quarkus/quarkus-panache-hibernate-common-deployment/3.37.3/quarkus-panache-hibernate-common-deployment-3.37.3.pom (2.4 kB at 44 kB/s)
[INFO] Downloading from central: https://repo.maven.apache.org/maven2/com/github/java-json-tools/json-schema-validator/2.2.14/json-schema-validator-2.2.14.pom
[INFO] Downloading from central: https://repo.maven.apache.org/maven2/io/quarkus/quarkus-reactive-datasource-spi/3.37.3/quarkus-reactive-datasource-spi-3.37.3.pom
[INFO] Downloaded from central: https://repo.maven.apache.org/maven2/io/quarkus/quarkus-swagger-ui-deployment/3.37.3/quarkus-swagger-ui-deployment-3.37.3.pom (2.7 kB at 58 kB/s)
[INFO] Downloaded from central: https://repo.maven.apache.org/maven2/io/quarkus/quarkus-rest-jackson-common-deployment/3.37.3/quarkus-rest-jackson-common-deployment-3.37.3.pom (1.9 kB at 51 kB/s)
[INFO] Downloading from central: https://repo.maven.apache.org/maven2/io/smallrye/smallrye-open-api-ui/4.3.3/smallrye-open-api-ui-4.3.3.pom
[INFO] Downloading from central: https://repo.maven.apache.org/maven2/io/quarkus/quarkus-jackson-deployment/3.37.3/quarkus-jackson-deployment-3.37.3.pom
[INFO] Downloaded from central: https://repo.maven.apache.org/maven2/io/quarkus/http/quarkus-http-parent/5.5.0/quarkus-http-parent-5.5.0.pom (29 kB at 706 kB/s)
[INFO] Downloading from central: https://repo.maven.apache.org/maven2/io/quarkus/http/quarkus-http-core/5.5.0/quarkus-http-core-5.5.0.pom
[INFO] Downloaded from central: https://repo.maven.apache.org/maven2/io/quarkus/quarkus-openshift-deployment/3.37.3/quarkus-openshift-deployment-3.37.3.pom (3.0 kB at 77 kB/s)
[INFO] Downloaded from central: https://repo.maven.apache.org/maven2/io/quarkus/quarkus-container-image-spi/3.37.3/quarkus-container-image-spi-3.37.3.pom (864 B at 22 kB/s)
[INFO] Downloading from central: https://repo.maven.apache.org/maven2/io/quarkus/quarkus-container-image-util/3.37.3/quarkus-container-image-util-3.37.3.pom
[INFO] Downloading from central: https://repo.maven.apache.org/maven2/io/quarkus/quarkus-container-image-openshift-deployment/3.37.3/quarkus-container-image-openshift-deployment-3.37.3.pom
[INFO] Downloaded from central: https://repo.maven.apache.org/maven2/io/smallrye/smallrye-open-api-ui/4.3.3/smallrye-open-api-ui-4.3.3.pom (6.3 kB at 161 kB/s)
[INFO] Downloaded from central: https://repo.maven.apache.org/maven2/io/quarkus/quarkus-jackson-deployment/3.37.3/quarkus-jackson-deployment-3.37.3.pom (2.4 kB at 61 kB/s)
[INFO] Downloaded from central: https://repo.maven.apache.org/maven2/com/github/java-json-tools/json-schema-validator/2.2.14/json-schema-validator-2.2.14.pom (3.9 kB at 82 kB/s)
[INFO] Downloaded from central: https://repo.maven.apache.org/maven2/io/quarkus/quarkus-reactive-datasource-spi/3.37.3/quarkus-reactive-datasource-spi-3.37.3.pom (779 B at 17 kB/s)
[INFO] Downloading from central: https://repo.maven.apache.org/maven2/io/smallrye/smallrye-open-api-ui-parent/4.3.3/smallrye-open-api-ui-parent-4.3.3.pom
[INFO] Downloading from central: https://repo.maven.apache.org/maven2/com/github/java-json-tools/jackson-coreutils-equivalence/1.0/jackson-coreutils-equivalence-1.0.pom
[INFO] Downloading from central: https://repo.maven.apache.org/maven2/io/quarkus/quarkus-reactive-datasource-parent/3.37.3/quarkus-reactive-datasource-parent-3.37.3.pom
[INFO] Downloading from central: https://repo.maven.apache.org/maven2/io/quarkus/quarkus-minikube-deployment/3.37.3/quarkus-minikube-deployment-3.37.3.pom
[INFO] Downloaded from central: https://repo.maven.apache.org/maven2/io/quarkus/http/quarkus-http-core/5.5.0/quarkus-http-core-5.5.0.pom (21 kB at 459 kB/s)
[INFO] Downloading from central: https://repo.maven.apache.org/maven2/io/quarkus/http/quarkus-http-http-core/5.5.0/quarkus-http-http-core-5.5.0.pom
[INFO] Downloaded from central: https://repo.maven.apache.org/maven2/io/quarkus/quarkus-container-image-util/3.37.3/quarkus-container-image-util-3.37.3.pom (635 B at 18 kB/s)
[INFO] Downloading from central: https://repo.maven.apache.org/maven2/io/quarkus/quarkus-container-image-dev/3.37.3/quarkus-container-image-dev-3.37.3.pom
[INFO] Downloaded from central: https://repo.maven.apache.org/maven2/io/quarkus/quarkus-container-image-openshift-deployment/3.37.3/quarkus-container-image-openshift-deployment-3.37.3.pom (3.3 kB at 84 kB/s)
[INFO] Downloading from central: https://repo.maven.apache.org/maven2/io/quarkus/quarkus-kubernetes-client-internal-deployment/3.37.3/quarkus-kubernetes-client-internal-deployment-3.37.3.pom
[INFO] Downloaded from central: https://repo.maven.apache.org/maven2/io/smallrye/smallrye-open-api-ui-parent/4.3.3/smallrye-open-api-ui-parent-4.3.3.pom (654 B at 17 kB/s)
[INFO] Downloaded from central: https://repo.maven.apache.org/maven2/io/quarkus/quarkus-reactive-datasource-parent/3.37.3/quarkus-reactive-datasource-parent-3.37.3.pom (789 B at 20 kB/s)
[INFO] Downloading from central: https://repo.maven.apache.org/maven2/io/quarkus/quarkus-smallrye-openapi-dev/3.37.3/quarkus-smallrye-openapi-dev-3.37.3.pom
[INFO] Downloading from central: https://repo.maven.apache.org/maven2/io/quarkus/quarkus-kubernetes-deployment/3.37.3/quarkus-kubernetes-deployment-3.37.3.pom
[INFO] Downloaded from central: https://repo.maven.apache.org/maven2/io/quarkus/quarkus-minikube-deployment/3.37.3/quarkus-minikube-deployment-3.37.3.pom (1.8 kB at 41 kB/s)
[INFO] Downloaded from central: https://repo.maven.apache.org/maven2/com/github/java-json-tools/jackson-coreutils-equivalence/1.0/jackson-coreutils-equivalence-1.0.pom (2.7 kB at 58 kB/s)
[INFO] Downloading from central: https://repo.maven.apache.org/maven2/com/github/java-json-tools/jackson-coreutils/2.0/jackson-coreutils-2.0.pom
[INFO] Downloaded from central: https://repo.maven.apache.org/maven2/io/quarkus/quarkus-container-image-dev/3.37.3/quarkus-container-image-dev-3.37.3.pom (884 B at 22 kB/s)
[INFO] Downloaded from central: https://repo.maven.apache.org/maven2/io/quarkus/http/quarkus-http-http-core/5.5.0/quarkus-http-http-core-5.5.0.pom (3.4 kB at 78 kB/s)
[INFO] Downloading from central: https://repo.maven.apache.org/maven2/jakarta/servlet/jakarta.servlet-api/6.0.0/jakarta.servlet-api-6.0.0.pom
[INFO] Downloading from central: https://repo.maven.apache.org/maven2/io/quarkiverse/helm/quarkus-helm-deployment/1.4.1/quarkus-helm-deployment-1.4.1.pom
[INFO] Downloaded from central: https://repo.maven.apache.org/maven2/io/quarkus/quarkus-kubernetes-client-internal-deployment/3.37.3/quarkus-kubernetes-client-internal-deployment-3.37.3.pom (3.1 kB at 66 kB/s)
[INFO] Downloading from central: https://repo.maven.apache.org/maven2/io/quarkus/quarkus-kubernetes-client-spi/3.37.3/quarkus-kubernetes-client-spi-3.37.3.pom
[INFO] Downloaded from central: https://repo.maven.apache.org/maven2/io/quarkus/quarkus-smallrye-openapi-dev/3.37.3/quarkus-smallrye-openapi-dev-3.37.3.pom (1.1 kB at 27 kB/s)
[INFO] Downloading from central: https://repo.maven.apache.org/maven2/io/smallrye/smallrye-open-api-jaxrs/4.3.3/smallrye-open-api-jaxrs-4.3.3.pom
[INFO] Downloaded from central: https://repo.maven.apache.org/maven2/io/quarkus/quarkus-kubernetes-deployment/3.37.3/quarkus-kubernetes-deployment-3.37.3.pom (5.4 kB at 130 kB/s)
[INFO] Downloaded from central: https://repo.maven.apache.org/maven2/jakarta/servlet/jakarta.servlet-api/6.0.0/jakarta.servlet-api-6.0.0.pom (19 kB at 462 kB/s)
[INFO] Downloading from central: https://repo.maven.apache.org/maven2/org/jboss/metadata/jboss-metadata-web/17.1.0/jboss-metadata-web-17.1.0.pom
[INFO] Downloaded from central: https://repo.maven.apache.org/maven2/com/github/java-json-tools/jackson-coreutils/2.0/jackson-coreutils-2.0.pom (2.8 kB at 48 kB/s)
[INFO] Downloading from central: https://repo.maven.apache.org/maven2/com/github/java-json-tools/msg-simple/1.2/msg-simple-1.2.pom
[INFO] Downloaded from central: https://repo.maven.apache.org/maven2/io/quarkiverse/helm/quarkus-helm-deployment/1.4.1/quarkus-helm-deployment-1.4.1.pom (2.0 kB at 42 kB/s)
[INFO] Downloading from central: https://repo.maven.apache.org/maven2/io/quarkiverse/helm/quarkus-helm-spi/1.4.1/quarkus-helm-spi-1.4.1.pom
[INFO] Downloaded from central: https://repo.maven.apache.org/maven2/io/smallrye/smallrye-open-api-jaxrs/4.3.3/smallrye-open-api-jaxrs-4.3.3.pom (6.5 kB at 162 kB/s)
[INFO] Downloading from central: https://repo.maven.apache.org/maven2/io/smallrye/smallrye-open-api-spring/4.3.3/smallrye-open-api-spring-4.3.3.pom
[INFO] Downloaded from central: https://repo.maven.apache.org/maven2/io/quarkus/quarkus-kubernetes-client-spi/3.37.3/quarkus-kubernetes-client-spi-3.37.3.pom (2.8 kB at 53 kB/s)
[INFO] Downloading from central: https://repo.maven.apache.org/maven2/io/fabric8/kubernetes-client/7.7.0/kubernetes-client-7.7.0.pom
[INFO] Downloaded from central: https://repo.maven.apache.org/maven2/org/jboss/metadata/jboss-metadata-web/17.1.0/jboss-metadata-web-17.1.0.pom (3.6 kB at 95 kB/s)
[INFO] Downloading from central: https://repo.maven.apache.org/maven2/org/jboss/metadata/jboss-as-parent-metadata/17.1.0/jboss-as-parent-metadata-17.1.0.pom
[INFO] Downloaded from central: https://repo.maven.apache.org/maven2/com/github/java-json-tools/msg-simple/1.2/msg-simple-1.2.pom (2.6 kB at 59 kB/s)
[INFO] Downloading from central: https://repo.maven.apache.org/maven2/com/github/java-json-tools/btf/1.3/btf-1.3.pom
[INFO] Downloaded from central: https://repo.maven.apache.org/maven2/io/smallrye/smallrye-open-api-spring/4.3.3/smallrye-open-api-spring-4.3.3.pom (4.9 kB at 119 kB/s)
[INFO] Downloading from central: https://repo.maven.apache.org/maven2/io/smallrye/smallrye-open-api-vertx/4.3.3/smallrye-open-api-vertx-4.3.3.pom
[INFO] Downloaded from central: https://repo.maven.apache.org/maven2/io/quarkiverse/helm/quarkus-helm-spi/1.4.1/quarkus-helm-spi-1.4.1.pom (1.5 kB at 24 kB/s)
[INFO] Downloaded from central: https://repo.maven.apache.org/maven2/org/jboss/metadata/jboss-as-parent-metadata/17.1.0/jboss-as-parent-metadata-17.1.0.pom (17 kB at 492 kB/s)
[INFO] Downloading from central: https://repo.maven.apache.org/maven2/org/jboss/jboss-parent/50/jboss-parent-50.pom
[INFO] Downloaded from central: https://repo.maven.apache.org/maven2/io/fabric8/kubernetes-client/7.7.0/kubernetes-client-7.7.0.pom (8.5 kB at 197 kB/s)
[INFO] Downloading from central: https://repo.maven.apache.org/maven2/io/quarkiverse/helm/quarkus-helm-model/1.4.1/quarkus-helm-model-1.4.1.pom
[INFO] Downloading from central: https://repo.maven.apache.org/maven2/io/fabric8/kubernetes-client-project/7.7.0/kubernetes-client-project-7.7.0.pom
[INFO] Downloaded from central: https://repo.maven.apache.org/maven2/com/github/java-json-tools/btf/1.3/btf-1.3.pom (1.6 kB at 41 kB/s)
[INFO] Downloading from central: https://repo.maven.apache.org/maven2/com/github/java-json-tools/json-schema-core/1.2.14/json-schema-core-1.2.14.pom
[INFO] Downloaded from central: https://repo.maven.apache.org/maven2/io/smallrye/smallrye-open-api-vertx/4.3.3/smallrye-open-api-vertx-4.3.3.pom (3.3 kB at 69 kB/s)
[INFO] Downloading from central: https://repo.maven.apache.org/maven2/org/jetbrains/kotlinx/kotlinx-metadata-jvm/0.9.0/kotlinx-metadata-jvm-0.9.0.pom
[INFO] Downloaded from central: https://repo.maven.apache.org/maven2/org/jboss/jboss-parent/50/jboss-parent-50.pom (93 kB at 2.1 MB/s)
[INFO] Downloaded from central: https://repo.maven.apache.org/maven2/io/quarkiverse/helm/quarkus-helm-model/1.4.1/quarkus-helm-model-1.4.1.pom (1.2 kB at 28 kB/s)
[INFO] Downloading from central: https://repo.maven.apache.org/maven2/org/jboss/metadata/jboss-metadata-common/17.1.0/jboss-metadata-common-17.1.0.pom
[INFO] Downloaded from central: https://repo.maven.apache.org/maven2/io/fabric8/kubernetes-client-project/7.7.0/kubernetes-client-project-7.7.0.pom (67 kB at 1.4 MB/s)
[INFO] Downloading from central: https://repo.maven.apache.org/maven2/com/squareup/okhttp3/okhttp-bom/5.3.2/okhttp-bom-5.3.2.pom
[INFO] Downloaded from central: https://repo.maven.apache.org/maven2/com/github/java-json-tools/json-schema-core/1.2.14/json-schema-core-1.2.14.pom (3.7 kB at 96 kB/s)
[INFO] Downloading from central: https://repo.maven.apache.org/maven2/com/github/java-json-tools/uri-template/0.10/uri-template-0.10.pom
[INFO] Downloaded from central: https://repo.maven.apache.org/maven2/org/jetbrains/kotlinx/kotlinx-metadata-jvm/0.9.0/kotlinx-metadata-jvm-0.9.0.pom (1.4 kB at 36 kB/s)
[INFO] Downloading from central: https://repo.maven.apache.org/maven2/io/quarkus/quarkus-rest-qute-deployment/3.37.3/quarkus-rest-qute-deployment-3.37.3.pom
[INFO] Downloaded from central: https://repo.maven.apache.org/maven2/org/jboss/metadata/jboss-metadata-common/17.1.0/jboss-metadata-common-17.1.0.pom (3.0 kB at 71 kB/s)
[INFO] Downloading from central: https://repo.maven.apache.org/maven2/io/quarkus/quarkus-opentelemetry-deployment/3.37.3/quarkus-opentelemetry-deployment-3.37.3.pom
[INFO] Downloaded from central: https://repo.maven.apache.org/maven2/com/github/java-json-tools/uri-template/0.10/uri-template-0.10.pom (2.9 kB at 72 kB/s)
[INFO] Downloading from central: https://repo.maven.apache.org/maven2/joda-time/joda-time/2.10.5/joda-time-2.10.5.pom
[INFO] Downloaded from central: https://repo.maven.apache.org/maven2/com/squareup/okhttp3/okhttp-bom/5.3.2/okhttp-bom-5.3.2.pom (7.3 kB at 133 kB/s)
[INFO] Downloading from central: https://repo.maven.apache.org/maven2/io/fabric8/kubernetes-client-api/7.7.0/kubernetes-client-api-7.7.0.pom
[INFO] Downloaded from central: https://repo.maven.apache.org/maven2/io/quarkus/quarkus-rest-qute-deployment/3.37.3/quarkus-rest-qute-deployment-3.37.3.pom (2.2 kB at 49 kB/s)
[INFO] Downloaded from central: https://repo.maven.apache.org/maven2/io/quarkus/quarkus-opentelemetry-deployment/3.37.3/quarkus-opentelemetry-deployment-3.37.3.pom (8.7 kB at 218 kB/s)
[INFO] Downloading from central: https://repo.maven.apache.org/maven2/io/quarkus/quarkus-grpc-common-deployment/3.37.3/quarkus-grpc-common-deployment-3.37.3.pom
[INFO] Downloaded from central: https://repo.maven.apache.org/maven2/joda-time/joda-time/2.10.5/joda-time-2.10.5.pom (37 kB at 774 kB/s)
[INFO] Downloading from central: https://repo.maven.apache.org/maven2/com/googlecode/libphonenumber/libphonenumber/8.11.1/libphonenumber-8.11.1.pom
[INFO] Downloaded from central: https://repo.maven.apache.org/maven2/io/fabric8/kubernetes-client-api/7.7.0/kubernetes-client-api-7.7.0.pom (11 kB at 224 kB/s)
[INFO] Downloading from central: https://repo.maven.apache.org/maven2/io/fabric8/kubernetes-model-core/7.7.0/kubernetes-model-core-7.7.0.pom
[INFO] Downloaded from central: https://repo.maven.apache.org/maven2/io/quarkus/quarkus-grpc-common-deployment/3.37.3/quarkus-grpc-common-deployment-3.37.3.pom (1.9 kB at 51 kB/s)
[INFO] Downloading from central: https://repo.maven.apache.org/maven2/io/quarkus/quarkus-info-deployment/3.37.3/quarkus-info-deployment-3.37.3.pom
[INFO] Downloaded from central: https://repo.maven.apache.org/maven2/com/googlecode/libphonenumber/libphonenumber/8.11.1/libphonenumber-8.11.1.pom (3.1 kB at 78 kB/s)
[INFO] Downloading from central: https://repo.maven.apache.org/maven2/com/googlecode/libphonenumber/libphonenumber-parent/8.11.1/libphonenumber-parent-8.11.1.pom
[INFO] Downloaded from central: https://repo.maven.apache.org/maven2/io/fabric8/kubernetes-model-core/7.7.0/kubernetes-model-core-7.7.0.pom (8.0 kB at 151 kB/s)
[INFO] Downloading from central: https://repo.maven.apache.org/maven2/io/fabric8/kubernetes-model-generator/7.7.0/kubernetes-model-generator-7.7.0.pom
[INFO] Downloaded from central: https://repo.maven.apache.org/maven2/io/quarkus/quarkus-info-deployment/3.37.3/quarkus-info-deployment-3.37.3.pom (2.7 kB at 69 kB/s)
[INFO] Downloading from central: https://repo.maven.apache.org/maven2/io/quarkus/quarkus-info-deployment-spi/3.37.3/quarkus-info-deployment-spi-3.37.3.pom
[INFO] Downloaded from central: https://repo.maven.apache.org/maven2/com/googlecode/libphonenumber/libphonenumber-parent/8.11.1/libphonenumber-parent-8.11.1.pom (7.1 kB at 162 kB/s)
[INFO] Downloading from central: https://repo.maven.apache.org/maven2/net/sf/jopt-simple/jopt-simple/5.0.4/jopt-simple-5.0.4.pom
[INFO] Downloaded from central: https://repo.maven.apache.org/maven2/io/quarkus/quarkus-info-deployment-spi/3.37.3/quarkus-info-deployment-spi-3.37.3.pom (986 B at 28 kB/s)
[INFO] Downloading from central: https://repo.maven.apache.org/maven2/org/eclipse/jgit/org.eclipse.jgit/7.6.0.202603022253-r/org.eclipse.jgit-7.6.0.202603022253-r.pom
[INFO] Downloaded from central: https://repo.maven.apache.org/maven2/io/fabric8/kubernetes-model-generator/7.7.0/kubernetes-model-generator-7.7.0.pom (16 kB at 331 kB/s)
[INFO] Downloading from central: https://repo.maven.apache.org/maven2/io/fabric8/kubernetes-model-common/7.7.0/kubernetes-model-common-7.7.0.pom
[INFO] Downloaded from central: https://repo.maven.apache.org/maven2/net/sf/jopt-simple/jopt-simple/5.0.4/jopt-simple-5.0.4.pom (14 kB at 310 kB/s)
[INFO] Downloading from central: https://repo.maven.apache.org/maven2/org/mozilla/rhino/1.7.15.1/rhino-1.7.15.1.pom
[INFO] Downloaded from central: https://repo.maven.apache.org/maven2/org/eclipse/jgit/org.eclipse.jgit/7.6.0.202603022253-r/org.eclipse.jgit-7.6.0.202603022253-r.pom (7.7 kB at 183 kB/s)
[INFO] Downloading from central: https://repo.maven.apache.org/maven2/org/eclipse/jgit/org.eclipse.jgit-parent/7.6.0.202603022253-r/org.eclipse.jgit-parent-7.6.0.202603022253-r.pom
[INFO] Downloaded from central: https://repo.maven.apache.org/maven2/io/fabric8/kubernetes-model-common/7.7.0/kubernetes-model-common-7.7.0.pom (3.3 kB at 65 kB/s)
[INFO] Downloading from central: https://repo.maven.apache.org/maven2/io/fabric8/kubernetes-model-gatewayapi/7.7.0/kubernetes-model-gatewayapi-7.7.0.pom
[INFO] Downloaded from central: https://repo.maven.apache.org/maven2/org/mozilla/rhino/1.7.15.1/rhino-1.7.15.1.pom (1.5 kB at 40 kB/s)
[INFO] Downloading from central: https://repo.maven.apache.org/maven2/com/github/java-json-tools/json-patch/1.13/json-patch-1.13.pom
[INFO] Downloaded from central: https://repo.maven.apache.org/maven2/org/eclipse/jgit/org.eclipse.jgit-parent/7.6.0.202603022253-r/org.eclipse.jgit-parent-7.6.0.202603022253-r.pom (43 kB at 945 kB/s)
[INFO] Downloaded from central: https://repo.maven.apache.org/maven2/com/github/java-json-tools/json-patch/1.13/json-patch-1.13.pom (3.3 kB at 92 kB/s)
[INFO] Downloading from central: https://repo.maven.apache.org/maven2/io/swagger/core/v3/swagger-models/2.2.50/swagger-models-2.2.50.pom
[INFO] Downloaded from central: https://repo.maven.apache.org/maven2/io/fabric8/kubernetes-model-gatewayapi/7.7.0/kubernetes-model-gatewayapi-7.7.0.pom (2.3 kB at 44 kB/s)
[INFO] Downloading from central: https://repo.maven.apache.org/maven2/io/fabric8/kubernetes-model-resource/7.7.0/kubernetes-model-resource-7.7.0.pom
[INFO] Downloaded from central: https://repo.maven.apache.org/maven2/io/swagger/core/v3/swagger-models/2.2.50/swagger-models-2.2.50.pom (3.2 kB at 71 kB/s)
[INFO] Downloading from central: https://repo.maven.apache.org/maven2/io/swagger/core/v3/swagger-project/2.2.50/swagger-project-2.2.50.pom
[INFO] Downloaded from central: https://repo.maven.apache.org/maven2/io/fabric8/kubernetes-model-resource/7.7.0/kubernetes-model-resource-7.7.0.pom (3.3 kB at 71 kB/s)
[INFO] Downloading from central: https://repo.maven.apache.org/maven2/io/fabric8/kubernetes-model-rbac/7.7.0/kubernetes-model-rbac-7.7.0.pom
[INFO] Downloaded from central: https://repo.maven.apache.org/maven2/io/swagger/core/v3/swagger-project/2.2.50/swagger-project-2.2.50.pom (29 kB at 716 kB/s)
[INFO] Downloading from central: https://repo.maven.apache.org/maven2/io/swagger/parser/v3/swagger-parser-core/2.1.42/swagger-parser-core-2.1.42.pom
[INFO] Downloaded from central: https://repo.maven.apache.org/maven2/io/fabric8/kubernetes-model-rbac/7.7.0/kubernetes-model-rbac-7.7.0.pom (2.4 kB at 52 kB/s)
[INFO] Downloading from central: https://repo.maven.apache.org/maven2/io/fabric8/kubernetes-model-admissionregistration/7.7.0/kubernetes-model-admissionregistration-7.7.0.pom
[INFO] Downloaded from central: https://repo.maven.apache.org/maven2/io/swagger/parser/v3/swagger-parser-core/2.1.42/swagger-parser-core-2.1.42.pom (909 B at 25 kB/s)
[INFO] Downloading from central: https://repo.maven.apache.org/maven2/io/swagger/parser/v3/swagger-parser-v3/2.1.42/swagger-parser-v3-2.1.42.pom
[INFO] Downloaded from central: https://repo.maven.apache.org/maven2/io/fabric8/kubernetes-model-admissionregistration/7.7.0/kubernetes-model-admissionregistration-7.7.0.pom (3.2 kB at 65 kB/s)
[INFO] Downloading from central: https://repo.maven.apache.org/maven2/io/fabric8/kubernetes-model-apps/7.7.0/kubernetes-model-apps-7.7.0.pom
[INFO] Downloaded from central: https://repo.maven.apache.org/maven2/io/swagger/parser/v3/swagger-parser-v3/2.1.42/swagger-parser-v3-2.1.42.pom (3.7 kB at 89 kB/s)
[INFO] Downloading from central: https://repo.maven.apache.org/maven2/io/swagger/core/v3/swagger-core/2.2.50/swagger-core-2.2.50.pom
[INFO] Downloaded from central: https://repo.maven.apache.org/maven2/io/swagger/core/v3/swagger-core/2.2.50/swagger-core-2.2.50.pom (6.2 kB at 177 kB/s)
[INFO] Downloading from central: https://repo.maven.apache.org/maven2/io/swagger/core/v3/swagger-annotations/2.2.50/swagger-annotations-2.2.50.pom
[INFO] Downloaded from central: https://repo.maven.apache.org/maven2/io/fabric8/kubernetes-model-apps/7.7.0/kubernetes-model-apps-7.7.0.pom (2.3 kB at 42 kB/s)
[INFO] Downloading from central: https://repo.maven.apache.org/maven2/io/fabric8/kubernetes-model-autoscaling/7.7.0/kubernetes-model-autoscaling-7.7.0.pom
[INFO] Downloaded from central: https://repo.maven.apache.org/maven2/io/swagger/core/v3/swagger-annotations/2.2.50/swagger-annotations-2.2.50.pom (4.7 kB at 102 kB/s)
[INFO] Downloading from central: https://repo.maven.apache.org/maven2/io/swagger/parser/v3/swagger-parser-safe-url-resolver/2.1.42/swagger-parser-safe-url-resolver-2.1.42.pom
[INFO] Downloaded from central: https://repo.maven.apache.org/maven2/io/fabric8/kubernetes-model-autoscaling/7.7.0/kubernetes-model-autoscaling-7.7.0.pom (2.6 kB at 56 kB/s)
[INFO] Downloading from central: https://repo.maven.apache.org/maven2/io/fabric8/kubernetes-model-apiextensions/7.7.0/kubernetes-model-apiextensions-7.7.0.pom
[INFO] Downloaded from central: https://repo.maven.apache.org/maven2/io/swagger/parser/v3/swagger-parser-safe-url-resolver/2.1.42/swagger-parser-safe-url-resolver-2.1.42.pom (1.8 kB at 54 kB/s)
[INFO] Downloading from central: https://repo.maven.apache.org/maven2/com/samskivert/jmustache/1.16/jmustache-1.16.pom
[INFO] Downloaded from central: https://repo.maven.apache.org/maven2/io/fabric8/kubernetes-model-apiextensions/7.7.0/kubernetes-model-apiextensions-7.7.0.pom (3.1 kB at 70 kB/s)
[INFO] Downloading from central: https://repo.maven.apache.org/maven2/io/fabric8/kubernetes-model-batch/7.7.0/kubernetes-model-batch-7.7.0.pom
[INFO] Downloaded from central: https://repo.maven.apache.org/maven2/com/samskivert/jmustache/1.16/jmustache-1.16.pom (6.9 kB at 157 kB/s)
[INFO] Downloading from central: https://repo.maven.apache.org/maven2/com/github/jknack/handlebars/4.3.1/handlebars-4.3.1.pom
[INFO] Downloaded from central: https://repo.maven.apache.org/maven2/io/fabric8/kubernetes-model-batch/7.7.0/kubernetes-model-batch-7.7.0.pom (2.5 kB at 58 kB/s)
[INFO] Downloading from central: https://repo.maven.apache.org/maven2/io/fabric8/kubernetes-model-certificates/7.7.0/kubernetes-model-certificates-7.7.0.pom
[INFO] Downloaded from central: https://repo.maven.apache.org/maven2/com/github/jknack/handlebars/4.3.1/handlebars-4.3.1.pom (12 kB at 313 kB/s)
[INFO] Downloading from central: https://repo.maven.apache.org/maven2/com/github/jknack/handlebars.java/4.3.1/handlebars.java-4.3.1.pom
[INFO] Downloaded from central: https://repo.maven.apache.org/maven2/io/fabric8/kubernetes-model-certificates/7.7.0/kubernetes-model-certificates-7.7.0.pom (2.6 kB at 56 kB/s)
[INFO] Downloading from central: https://repo.maven.apache.org/maven2/io/fabric8/kubernetes-model-coordination/7.7.0/kubernetes-model-coordination-7.7.0.pom
[INFO] Downloaded from central: https://repo.maven.apache.org/maven2/com/github/jknack/handlebars.java/4.3.1/handlebars.java-4.3.1.pom (12 kB at 318 kB/s)
[INFO] Downloading from central: https://repo.maven.apache.org/maven2/com/github/jknack/handlebars-jackson2/4.3.1/handlebars-jackson2-4.3.1.pom
[INFO] Downloaded from central: https://repo.maven.apache.org/maven2/com/github/jknack/handlebars-jackson2/4.3.1/handlebars-jackson2-4.3.1.pom (1.8 kB at 46 kB/s)
[INFO] Downloading from central: https://repo.maven.apache.org/maven2/org/slf4j/slf4j-ext/1.7.36/slf4j-ext-1.7.36.pom
[INFO] Downloaded from central: https://repo.maven.apache.org/maven2/io/fabric8/kubernetes-model-coordination/7.7.0/kubernetes-model-coordination-7.7.0.pom (2.7 kB at 50 kB/s)
[INFO] Downloading from central: https://repo.maven.apache.org/maven2/io/fabric8/kubernetes-model-discovery/7.7.0/kubernetes-model-discovery-7.7.0.pom
[INFO] Downloaded from central: https://repo.maven.apache.org/maven2/io/fabric8/kubernetes-model-discovery/7.7.0/kubernetes-model-discovery-7.7.0.pom (2.6 kB at 69 kB/s)
[INFO] Downloading from central: https://repo.maven.apache.org/maven2/io/fabric8/kubernetes-model-events/7.7.0/kubernetes-model-events-7.7.0.pom
[INFO] Downloaded from central: https://repo.maven.apache.org/maven2/org/slf4j/slf4j-ext/1.7.36/slf4j-ext-1.7.36.pom (2.8 kB at 59 kB/s)
[INFO] Downloading from central: https://repo.maven.apache.org/maven2/org/slf4j/slf4j-simple/1.7.36/slf4j-simple-1.7.36.pom
[INFO] Downloaded from central: https://repo.maven.apache.org/maven2/io/fabric8/kubernetes-model-events/7.7.0/kubernetes-model-events-7.7.0.pom (2.5 kB at 67 kB/s)
[INFO] Downloading from central: https://repo.maven.apache.org/maven2/io/fabric8/kubernetes-model-extensions/7.7.0/kubernetes-model-extensions-7.7.0.pom
[INFO] Downloaded from central: https://repo.maven.apache.org/maven2/org/slf4j/slf4j-simple/1.7.36/slf4j-simple-1.7.36.pom (1.0 kB at 22 kB/s)
[INFO] Downloading from central: https://repo.maven.apache.org/maven2/commons-cli/commons-cli/1.10.0/commons-cli-1.10.0.pom
[INFO] Downloaded from central: https://repo.maven.apache.org/maven2/io/fabric8/kubernetes-model-extensions/7.7.0/kubernetes-model-extensions-7.7.0.pom (2.5 kB at 65 kB/s)
[INFO] Downloading from central: https://repo.maven.apache.org/maven2/io/fabric8/kubernetes-model-flowcontrol/7.7.0/kubernetes-model-flowcontrol-7.7.0.pom
[INFO] Downloaded from central: https://repo.maven.apache.org/maven2/commons-cli/commons-cli/1.10.0/commons-cli-1.10.0.pom (15 kB at 320 kB/s)
[INFO] Downloading from central: https://repo.maven.apache.org/maven2/com/fasterxml/jackson/datatype/jackson-datatype-guava/2.22.0/jackson-datatype-guava-2.22.0.pom
[INFO] Downloaded from central: https://repo.maven.apache.org/maven2/io/fabric8/kubernetes-model-flowcontrol/7.7.0/kubernetes-model-flowcontrol-7.7.0.pom (2.7 kB at 72 kB/s)
[INFO] Downloading from central: https://repo.maven.apache.org/maven2/io/fabric8/kubernetes-model-networking/7.7.0/kubernetes-model-networking-7.7.0.pom
[INFO] Downloaded from central: https://repo.maven.apache.org/maven2/com/fasterxml/jackson/datatype/jackson-datatype-guava/2.22.0/jackson-datatype-guava-2.22.0.pom (3.9 kB at 87 kB/s)
[INFO] Downloading from central: https://repo.maven.apache.org/maven2/com/fasterxml/jackson/datatype/jackson-datatypes-collections/2.22.0/jackson-datatypes-collections-2.22.0.pom
[INFO] Downloaded from central: https://repo.maven.apache.org/maven2/io/fabric8/kubernetes-model-networking/7.7.0/kubernetes-model-networking-7.7.0.pom (2.6 kB at 64 kB/s)
[INFO] Downloading from central: https://repo.maven.apache.org/maven2/io/fabric8/kubernetes-model-metrics/7.7.0/kubernetes-model-metrics-7.7.0.pom
[INFO] Downloaded from central: https://repo.maven.apache.org/maven2/com/fasterxml/jackson/datatype/jackson-datatypes-collections/2.22.0/jackson-datatypes-collections-2.22.0.pom (3.5 kB at 74 kB/s)
[INFO] Downloaded from central: https://repo.maven.apache.org/maven2/io/fabric8/kubernetes-model-metrics/7.7.0/kubernetes-model-metrics-7.7.0.pom (2.5 kB at 72 kB/s)
[INFO] Downloading from central: https://repo.maven.apache.org/maven2/org/commonmark/commonmark/0.21.0/commonmark-0.21.0.pom
[INFO] Downloading from central: https://repo.maven.apache.org/maven2/io/fabric8/kubernetes-model-policy/7.7.0/kubernetes-model-policy-7.7.0.pom
[INFO] Downloaded from central: https://repo.maven.apache.org/maven2/io/fabric8/kubernetes-model-policy/7.7.0/kubernetes-model-policy-7.7.0.pom (2.5 kB at 64 kB/s)
[INFO] Downloading from central: https://repo.maven.apache.org/maven2/io/fabric8/kubernetes-model-scheduling/7.7.0/kubernetes-model-scheduling-7.7.0.pom
[INFO] Downloaded from central: https://repo.maven.apache.org/maven2/org/commonmark/commonmark/0.21.0/commonmark-0.21.0.pom (2.7 kB at 59 kB/s)
[INFO] Downloading from central: https://repo.maven.apache.org/maven2/org/commonmark/commonmark-parent/0.21.0/commonmark-parent-0.21.0.pom
[INFO] Downloaded from central: https://repo.maven.apache.org/maven2/io/fabric8/kubernetes-model-scheduling/7.7.0/kubernetes-model-scheduling-7.7.0.pom (2.6 kB at 64 kB/s)
[INFO] Downloading from central: https://repo.maven.apache.org/maven2/io/fabric8/kubernetes-model-storageclass/7.7.0/kubernetes-model-storageclass-7.7.0.pom
[INFO] Downloaded from central: https://repo.maven.apache.org/maven2/org/commonmark/commonmark-parent/0.21.0/commonmark-parent-0.21.0.pom (12 kB at 242 kB/s)
[INFO] Downloading from central: https://repo.maven.apache.org/maven2/com/github/curious-odd-man/rgxgen/1.4/rgxgen-1.4.pom
[INFO] Downloaded from central: https://repo.maven.apache.org/maven2/io/fabric8/kubernetes-model-storageclass/7.7.0/kubernetes-model-storageclass-7.7.0.pom (2.9 kB at 78 kB/s)
[INFO] Downloading from central: https://repo.maven.apache.org/maven2/io/fabric8/kubernetes-model-node/7.7.0/kubernetes-model-node-7.7.0.pom
[INFO] Downloaded from central: https://repo.maven.apache.org/maven2/com/github/curious-odd-man/rgxgen/1.4/rgxgen-1.4.pom (11 kB at 232 kB/s)
[INFO] Downloading from central: https://repo.maven.apache.org/maven2/com/fasterxml/jackson/datatype/jackson-datatype-joda/2.22.0/jackson-datatype-joda-2.22.0.pom
[INFO] Downloaded from central: https://repo.maven.apache.org/maven2/io/fabric8/kubernetes-model-node/7.7.0/kubernetes-model-node-7.7.0.pom (2.5 kB at 75 kB/s)
[INFO] Downloading from central: https://repo.maven.apache.org/maven2/org/snakeyaml/snakeyaml-engine/3.0.1/snakeyaml-engine-3.0.1.pom
[INFO] Downloaded from central: https://repo.maven.apache.org/maven2/com/fasterxml/jackson/datatype/jackson-datatype-joda/2.22.0/jackson-datatype-joda-2.22.0.pom (5.2 kB at 113 kB/s)
[INFO] Downloading from central: https://repo.maven.apache.org/maven2/joda-time/joda-time/2.12.7/joda-time-2.12.7.pom
[INFO] Downloaded from central: https://repo.maven.apache.org/maven2/org/snakeyaml/snakeyaml-engine/3.0.1/snakeyaml-engine-3.0.1.pom (20 kB at 503 kB/s)
[INFO] Downloading from central: https://repo.maven.apache.org/maven2/io/fabric8/kubernetes-httpclient-vertx/7.7.0/kubernetes-httpclient-vertx-7.7.0.pom
[INFO] Downloaded from central: https://repo.maven.apache.org/maven2/io/fabric8/kubernetes-httpclient-vertx/7.7.0/kubernetes-httpclient-vertx-7.7.0.pom (7.0 kB at 205 kB/s)
[INFO] Downloading from central: https://repo.maven.apache.org/maven2/io/vertx/vertx-web-client/4.5.28/vertx-web-client-4.5.28.pom
[INFO] Downloaded from central: https://repo.maven.apache.org/maven2/joda-time/joda-time/2.12.7/joda-time-2.12.7.pom (40 kB at 849 kB/s)
[INFO] Downloading from central: https://repo.maven.apache.org/maven2/com/github/joschi/jackson/jackson-datatype-threetenbp/2.18.2/jackson-datatype-threetenbp-2.18.2.pom
[INFO] Downloaded from central: https://repo.maven.apache.org/maven2/io/vertx/vertx-web-client/4.5.28/vertx-web-client-4.5.28.pom (2.9 kB at 77 kB/s)
[INFO] Downloading from central: https://repo.maven.apache.org/maven2/io/fabric8/zjsonpatch/7.7.0/zjsonpatch-7.7.0.pom
[INFO] Downloaded from central: https://repo.maven.apache.org/maven2/com/github/joschi/jackson/jackson-datatype-threetenbp/2.18.2/jackson-datatype-threetenbp-2.18.2.pom (14 kB at 304 kB/s)
[INFO] Downloading from central: https://repo.maven.apache.org/maven2/com/fasterxml/jackson/jackson-base/2.18.2/jackson-base-2.18.2.pom
[INFO] Downloaded from central: https://repo.maven.apache.org/maven2/io/fabric8/zjsonpatch/7.7.0/zjsonpatch-7.7.0.pom (3.2 kB at 80 kB/s)
[INFO] Downloading from central: https://repo.maven.apache.org/maven2/io/dekorate/kubernetes-annotations/4.1.9/kubernetes-annotations-4.1.9.pom
[INFO] Downloading from central: https://repo.maven.apache.org/maven2/io/dekorate/openshift-annotations/4.1.9/openshift-annotations-4.1.9.pom
[INFO] Downloaded from central: https://repo.maven.apache.org/maven2/com/fasterxml/jackson/jackson-base/2.18.2/jackson-base-2.18.2.pom (12 kB at 251 kB/s)
[INFO] Downloading from central: https://repo.maven.apache.org/maven2/com/fasterxml/jackson/jackson-bom/2.18.2/jackson-bom-2.18.2.pom
[INFO] Downloaded from central: https://repo.maven.apache.org/maven2/io/dekorate/kubernetes-annotations/4.1.9/kubernetes-annotations-4.1.9.pom (7.9 kB at 208 kB/s)
[INFO] Downloaded from central: https://repo.maven.apache.org/maven2/io/dekorate/openshift-annotations/4.1.9/openshift-annotations-4.1.9.pom (8.0 kB at 210 kB/s)
[INFO] Downloading from central: https://repo.maven.apache.org/maven2/io/dekorate/annotations/4.1.9/annotations-4.1.9.pom
[INFO] Downloaded from central: https://repo.maven.apache.org/maven2/com/fasterxml/jackson/jackson-bom/2.18.2/jackson-bom-2.18.2.pom (19 kB at 415 kB/s)
[INFO] Downloading from central: https://repo.maven.apache.org/maven2/com/fasterxml/jackson/jackson-parent/2.18.1/jackson-parent-2.18.1.pom
[INFO] Downloaded from central: https://repo.maven.apache.org/maven2/io/dekorate/annotations/4.1.9/annotations-4.1.9.pom (1.7 kB at 50 kB/s)
[INFO] Downloading from central: https://repo.maven.apache.org/maven2/io/dekorate/dekorate-project/4.1.9/dekorate-project-4.1.9.pom
[INFO] Downloaded from central: https://repo.maven.apache.org/maven2/io/dekorate/dekorate-project/4.1.9/dekorate-project-4.1.9.pom (21 kB at 520 kB/s)
[INFO] Downloading from central: https://repo.maven.apache.org/maven2/io/fabric8/kubernetes-client-bom/6.13.0/kubernetes-client-bom-6.13.0.pom
[INFO] Downloaded from central: https://repo.maven.apache.org/maven2/com/fasterxml/jackson/jackson-parent/2.18.1/jackson-parent-2.18.1.pom (6.7 kB at 145 kB/s)
[INFO] Downloading from central: https://repo.maven.apache.org/maven2/com/fasterxml/oss-parent/61/oss-parent-61.pom
[INFO] Downloaded from central: https://repo.maven.apache.org/maven2/io/fabric8/kubernetes-client-bom/6.13.0/kubernetes-client-bom-6.13.0.pom (30 kB at 760 kB/s)
[INFO] Downloading from central: https://repo.maven.apache.org/maven2/com/fasterxml/jackson/jackson-bom/2.14.1/jackson-bom-2.14.1.pom
[INFO] Downloaded from central: https://repo.maven.apache.org/maven2/com/fasterxml/oss-parent/61/oss-parent-61.pom (23 kB at 525 kB/s)
[INFO] Downloading from central: https://repo.maven.apache.org/maven2/org/threeten/threetenbp/1.7.0/threetenbp-1.7.0.pom
[INFO] Downloaded from central: https://repo.maven.apache.org/maven2/com/fasterxml/jackson/jackson-bom/2.14.1/jackson-bom-2.14.1.pom (17 kB at 407 kB/s)
[INFO] Downloading from central: https://repo.maven.apache.org/maven2/io/dekorate/dekorate-core/4.1.9/dekorate-core-4.1.9.pom
[INFO] Downloaded from central: https://repo.maven.apache.org/maven2/org/threeten/threetenbp/1.7.0/threetenbp-1.7.0.pom (33 kB at 728 kB/s)
[INFO] Downloading from central: https://repo.maven.apache.org/maven2/org/openapitools/openapi-generator-core/7.23.0/openapi-generator-core-7.23.0.pom
[INFO] Downloaded from central: https://repo.maven.apache.org/maven2/io/dekorate/dekorate-core/4.1.9/dekorate-core-4.1.9.pom (8.8 kB at 232 kB/s)
[INFO] Downloaded from central: https://repo.maven.apache.org/maven2/org/openapitools/openapi-generator-core/7.23.0/openapi-generator-core-7.23.0.pom (2.3 kB at 50 kB/s)
[INFO] Downloading from central: https://repo.maven.apache.org/maven2/com/fasterxml/jackson/dataformat/jackson-dataformat-properties/2.22.0/jackson-dataformat-properties-2.22.0.pom
[INFO] Downloading from central: https://repo.maven.apache.org/maven2/org/projectlombok/lombok/1.18.38/lombok-1.18.38.pom
[INFO] Downloaded from central: https://repo.maven.apache.org/maven2/com/fasterxml/jackson/dataformat/jackson-dataformat-properties/2.22.0/jackson-dataformat-properties-2.22.0.pom (3.1 kB at 67 kB/s)
[INFO] Downloading from central: https://repo.maven.apache.org/maven2/io/dekorate/option-annotations/4.1.9/option-annotations-4.1.9.pom
[INFO] Downloaded from central: https://repo.maven.apache.org/maven2/org/projectlombok/lombok/1.18.38/lombok-1.18.38.pom (1.5 kB at 45 kB/s)
[INFO] Downloading from central: https://repo.maven.apache.org/maven2/io/apicurio/apicurio-codegen/1.2.11.Final/apicurio-codegen-1.2.11.Final.pom
[INFO] Downloaded from central: https://repo.maven.apache.org/maven2/io/apicurio/apicurio-codegen/1.2.11.Final/apicurio-codegen-1.2.11.Final.pom (9.7 kB at 230 kB/s)
[INFO] Downloading from central: https://repo.maven.apache.org/maven2/io/apicurio/apicurio-codegen-parent/1.2.11.Final/apicurio-codegen-parent-1.2.11.Final.pom
[INFO] Downloaded from central: https://repo.maven.apache.org/maven2/io/dekorate/option-annotations/4.1.9/option-annotations-4.1.9.pom (4.9 kB at 94 kB/s)
[INFO] Downloading from central: https://repo.maven.apache.org/maven2/io/dekorate/s2i-annotations/4.1.9/s2i-annotations-4.1.9.pom
[INFO] Downloading from central: https://repo.maven.apache.org/maven2/io/dekorate/docker-annotations/4.1.9/docker-annotations-4.1.9.pom
[INFO] Downloaded from central: https://repo.maven.apache.org/maven2/io/apicurio/apicurio-codegen-parent/1.2.11.Final/apicurio-codegen-parent-1.2.11.Final.pom (8.0 kB at 190 kB/s)
[INFO] Downloaded from central: https://repo.maven.apache.org/maven2/io/dekorate/docker-annotations/4.1.9/docker-annotations-4.1.9.pom (6.0 kB at 158 kB/s)
[INFO] Downloading from central: https://repo.maven.apache.org/maven2/io/apicurio/apicurio-data-models/2.5.3/apicurio-data-models-2.5.3.pom
[INFO] Downloaded from central: https://repo.maven.apache.org/maven2/io/dekorate/s2i-annotations/4.1.9/s2i-annotations-4.1.9.pom (6.5 kB at 135 kB/s)
[INFO] Downloading from central: https://repo.maven.apache.org/maven2/io/fabric8/openshift-client/7.7.0/openshift-client-7.7.0.pom
[INFO] Downloaded from central: https://repo.maven.apache.org/maven2/io/apicurio/apicurio-data-models/2.5.3/apicurio-data-models-2.5.3.pom (24 kB at 676 kB/s)
[INFO] Downloading from central: https://repo.maven.apache.org/maven2/org/apache/commons/commons-pool2/2.13.1/commons-pool2-2.13.1.pom
[INFO] Downloaded from central: https://repo.maven.apache.org/maven2/io/fabric8/openshift-client/7.7.0/openshift-client-7.7.0.pom (7.6 kB at 159 kB/s)
[INFO] Downloading from central: https://repo.maven.apache.org/maven2/io/fabric8/openshift-client-api/7.7.0/openshift-client-api-7.7.0.pom
[INFO] Downloaded from central: https://repo.maven.apache.org/maven2/org/apache/commons/commons-pool2/2.13.1/commons-pool2-2.13.1.pom (16 kB at 433 kB/s)
[INFO] Downloading from central: https://repo.maven.apache.org/maven2/org/json/json/20240303/json-20240303.pom
[INFO] Downloaded from central: https://repo.maven.apache.org/maven2/io/fabric8/openshift-client-api/7.7.0/openshift-client-api-7.7.0.pom (8.3 kB at 185 kB/s)
[INFO] Downloading from central: https://repo.maven.apache.org/maven2/io/fabric8/openshift-model/7.7.0/openshift-model-7.7.0.pom
[INFO] Downloaded from central: https://repo.maven.apache.org/maven2/org/json/json/20240303/json-20240303.pom (7.7 kB at 192 kB/s)
[INFO] Downloading from central: https://repo.maven.apache.org/maven2/org/jboss/forge/roaster/roaster-api/2.28.0.Final/roaster-api-2.28.0.Final.pom
[INFO] Downloaded from central: https://repo.maven.apache.org/maven2/io/fabric8/openshift-model/7.7.0/openshift-model-7.7.0.pom (4.0 kB at 82 kB/s)
[INFO] Downloaded from central: https://repo.maven.apache.org/maven2/org/jboss/forge/roaster/roaster-api/2.28.0.Final/roaster-api-2.28.0.Final.pom (535 B at 14 kB/s)
[INFO] Downloading from central: https://repo.maven.apache.org/maven2/io/fabric8/openshift-model-config/7.7.0/openshift-model-config-7.7.0.pom
[INFO] Downloading from central: https://repo.maven.apache.org/maven2/org/jboss/forge/roaster/roaster-parent/2.28.0.Final/roaster-parent-2.28.0.Final.pom
[INFO] Downloaded from central: https://repo.maven.apache.org/maven2/io/fabric8/openshift-model-config/7.7.0/openshift-model-config-7.7.0.pom (3.2 kB at 90 kB/s)
[INFO] Downloading from central: https://repo.maven.apache.org/maven2/io/fabric8/openshift-model-autoscaling/7.7.0/openshift-model-autoscaling-7.7.0.pom
[INFO] Downloaded from central: https://repo.maven.apache.org/maven2/org/jboss/forge/roaster/roaster-parent/2.28.0.Final/roaster-parent-2.28.0.Final.pom (4.1 kB at 84 kB/s)
[INFO] Downloading from central: https://repo.maven.apache.org/maven2/org/jboss/forge/roaster/roaster-jdt/2.28.0.Final/roaster-jdt-2.28.0.Final.pom
[INFO] Downloaded from central: https://repo.maven.apache.org/maven2/io/fabric8/openshift-model-autoscaling/7.7.0/openshift-model-autoscaling-7.7.0.pom (3.0 kB at 76 kB/s)
[INFO] Downloading from central: https://repo.maven.apache.org/maven2/io/fabric8/openshift-model-operator/7.7.0/openshift-model-operator-7.7.0.pom
[INFO] Downloaded from central: https://repo.maven.apache.org/maven2/org/jboss/forge/roaster/roaster-jdt/2.28.0.Final/roaster-jdt-2.28.0.Final.pom (3.6 kB at 78 kB/s)
[INFO] Downloading from central: https://repo.maven.apache.org/maven2/org/commonmark/commonmark/0.27.1/commonmark-0.27.1.pom
[INFO] Downloaded from central: https://repo.maven.apache.org/maven2/io/fabric8/openshift-model-operator/7.7.0/openshift-model-operator-7.7.0.pom (2.9 kB at 69 kB/s)
[INFO] Downloading from central: https://repo.maven.apache.org/maven2/io/fabric8/openshift-model-operatorhub/7.7.0/openshift-model-operatorhub-7.7.0.pom
[INFO] Downloaded from central: https://repo.maven.apache.org/maven2/org/commonmark/commonmark/0.27.1/commonmark-0.27.1.pom (2.4 kB at 53 kB/s)
[INFO] Downloading from central: https://repo.maven.apache.org/maven2/org/commonmark/commonmark-parent/0.27.1/commonmark-parent-0.27.1.pom
[INFO] Downloaded from central: https://repo.maven.apache.org/maven2/io/fabric8/openshift-model-operatorhub/7.7.0/openshift-model-operatorhub-7.7.0.pom (3.4 kB at 97 kB/s)
[INFO] Downloading from central: https://repo.maven.apache.org/maven2/io/fabric8/openshift-model-machine/7.7.0/openshift-model-machine-7.7.0.pom
[INFO] Downloaded from central: https://repo.maven.apache.org/maven2/org/commonmark/commonmark-parent/0.27.1/commonmark-parent-0.27.1.pom (13 kB at 261 kB/s)
[INFO] Downloading from central: https://repo.maven.apache.org/maven2/org/jsonschema2pojo/jsonschema2pojo-core/1.3.3/jsonschema2pojo-core-1.3.3.pom
[INFO] Downloaded from central: https://repo.maven.apache.org/maven2/io/fabric8/openshift-model-machine/7.7.0/openshift-model-machine-7.7.0.pom (2.3 kB at 55 kB/s)
[INFO] Downloading from central: https://repo.maven.apache.org/maven2/io/fabric8/openshift-model-whereabouts/7.7.0/openshift-model-whereabouts-7.7.0.pom
[INFO] Downloaded from central: https://repo.maven.apache.org/maven2/io/fabric8/openshift-model-whereabouts/7.7.0/openshift-model-whereabouts-7.7.0.pom (3.3 kB at 97 kB/s)
[INFO] Downloading from central: https://repo.maven.apache.org/maven2/io/fabric8/openshift-model-monitoring/7.7.0/openshift-model-monitoring-7.7.0.pom
[INFO] Downloaded from central: https://repo.maven.apache.org/maven2/org/jsonschema2pojo/jsonschema2pojo-core/1.3.3/jsonschema2pojo-core-1.3.3.pom (3.8 kB at 86 kB/s)
[INFO] Downloading from central: https://repo.maven.apache.org/maven2/org/jsonschema2pojo/jsonschema2pojo/1.3.3/jsonschema2pojo-1.3.3.pom
[INFO] Downloaded from central: https://repo.maven.apache.org/maven2/io/fabric8/openshift-model-monitoring/7.7.0/openshift-model-monitoring-7.7.0.pom (2.5 kB at 63 kB/s)
[INFO] Downloading from central: https://repo.maven.apache.org/maven2/io/fabric8/openshift-model-storageversionmigrator/7.7.0/openshift-model-storageversionmigrator-7.7.0.pom
[INFO] Downloaded from central: https://repo.maven.apache.org/maven2/org/jsonschema2pojo/jsonschema2pojo/1.3.3/jsonschema2pojo-1.3.3.pom (27 kB at 577 kB/s)
[INFO] Downloading from central: https://repo1.maven.org/maven2/com/fasterxml/jackson/jackson-bom/2.21.0/jackson-bom-2.21.0.pom
[INFO] Downloaded from central: https://repo.maven.apache.org/maven2/io/fabric8/openshift-model-storageversionmigrator/7.7.0/openshift-model-storageversionmigrator-7.7.0.pom (3.0 kB at 86 kB/s)
[INFO] Downloading from central: https://repo.maven.apache.org/maven2/io/fabric8/openshift-model-tuned/7.7.0/openshift-model-tuned-7.7.0.pom
[INFO] Downloaded from central: https://repo.maven.apache.org/maven2/io/fabric8/openshift-model-tuned/7.7.0/openshift-model-tuned-7.7.0.pom (2.3 kB at 69 kB/s)
[INFO] Downloading from central: https://repo.maven.apache.org/maven2/io/fabric8/openshift-model-console/7.7.0/openshift-model-console-7.7.0.pom
[INFO] Downloaded from central: https://repo.maven.apache.org/maven2/io/fabric8/openshift-model-console/7.7.0/openshift-model-console-7.7.0.pom (2.4 kB at 65 kB/s)
[INFO] Downloading from central: https://repo.maven.apache.org/maven2/io/fabric8/openshift-model-machineconfiguration/7.7.0/openshift-model-machineconfiguration-7.7.0.pom
[INFO] Downloaded from central: https://repo.maven.apache.org/maven2/io/fabric8/openshift-model-machineconfiguration/7.7.0/openshift-model-machineconfiguration-7.7.0.pom (2.4 kB at 53 kB/s)
[INFO] Downloading from central: https://repo.maven.apache.org/maven2/io/fabric8/openshift-model-miscellaneous/7.7.0/openshift-model-miscellaneous-7.7.0.pom
[INFO] Downloaded from central: https://repo.maven.apache.org/maven2/io/fabric8/openshift-model-miscellaneous/7.7.0/openshift-model-miscellaneous-7.7.0.pom (4.6 kB at 115 kB/s)
[INFO] Downloading from central: https://repo.maven.apache.org/maven2/io/fabric8/openshift-model-hive/7.7.0/openshift-model-hive-7.7.0.pom
[INFO] Downloaded from central: https://repo1.maven.org/maven2/com/fasterxml/jackson/jackson-bom/2.21.0/jackson-bom-2.21.0.pom (20 kB at 101 kB/s)
[INFO] Downloading from central: https://repo1.maven.org/maven2/org/apache/groovy/groovy-bom/5.0.4/groovy-bom-5.0.4.pom
[INFO] Downloaded from central: https://repo.maven.apache.org/maven2/io/fabric8/openshift-model-hive/7.7.0/openshift-model-hive-7.7.0.pom (4.5 kB at 116 kB/s)
[INFO] Downloading from central: https://repo.maven.apache.org/maven2/io/fabric8/openshift-model-installer/7.7.0/openshift-model-installer-7.7.0.pom
[INFO] Downloaded from central: https://repo1.maven.org/maven2/org/apache/groovy/groovy-bom/5.0.4/groovy-bom-5.0.4.pom (27 kB at 605 kB/s)
[INFO] Downloading from central: https://repo1.maven.org/maven2/net/bytebuddy/byte-buddy-parent/1.18.4/byte-buddy-parent-1.18.4.pom
[INFO] Downloaded from central: https://repo.maven.apache.org/maven2/io/fabric8/openshift-model-installer/7.7.0/openshift-model-installer-7.7.0.pom (6.4 kB at 161 kB/s)
[INFO] Downloading from central: https://repo.maven.apache.org/maven2/io/dekorate/knative-annotations/4.1.9/knative-annotations-4.1.9.pom
[INFO] Downloaded from central: https://repo1.maven.org/maven2/net/bytebuddy/byte-buddy-parent/1.18.4/byte-buddy-parent-1.18.4.pom (67 kB at 1.3 MB/s)
[INFO] Downloading from central: https://repo.maven.apache.org/maven2/javax/json/bind/javax.json.bind-api/1.0/javax.json.bind-api-1.0.pom
[INFO] Downloaded from central: https://repo.maven.apache.org/maven2/io/dekorate/knative-annotations/4.1.9/knative-annotations-4.1.9.pom (7.6 kB at 182 kB/s)
[INFO] Downloading from central: https://repo.maven.apache.org/maven2/io/fabric8/knative-client/7.7.0/knative-client-7.7.0.pom
[INFO] Downloaded from central: https://repo.maven.apache.org/maven2/io/fabric8/knative-client/7.7.0/knative-client-7.7.0.pom (2.4 kB at 65 kB/s)
[INFO] Downloading from central: https://repo.maven.apache.org/maven2/io/fabric8/knative-extension-pom/7.7.0/knative-extension-pom-7.7.0.pom
[INFO] Downloaded from central: https://repo.maven.apache.org/maven2/javax/json/bind/javax.json.bind-api/1.0/javax.json.bind-api-1.0.pom (28 kB at 568 kB/s)
[INFO] Downloading from central: https://repo.maven.apache.org/maven2/jakarta/json/bind/jakarta.json.bind-api/3.0.2/jakarta.json.bind-api-3.0.2.pom
[INFO] Downloaded from central: https://repo.maven.apache.org/maven2/io/fabric8/knative-extension-pom/7.7.0/knative-extension-pom-7.7.0.pom (1.3 kB at 33 kB/s)
[INFO] Downloading from central: https://repo.maven.apache.org/maven2/io/fabric8/kubernetes-extensions/7.7.0/kubernetes-extensions-7.7.0.pom
[INFO] Downloaded from central: https://repo.maven.apache.org/maven2/jakarta/json/bind/jakarta.json.bind-api/3.0.2/jakarta.json.bind-api-3.0.2.pom (20 kB at 415 kB/s)
[INFO] Downloading from central: https://repo.maven.apache.org/maven2/jakarta/json/bind/jakarta.json.bind-parent/3.0.2/jakarta.json.bind-parent-3.0.2.pom
[INFO] Downloaded from central: https://repo.maven.apache.org/maven2/io/fabric8/kubernetes-extensions/7.7.0/kubernetes-extensions-7.7.0.pom (2.3 kB at 55 kB/s)
[INFO] Downloading from central: https://repo.maven.apache.org/maven2/io/fabric8/knative-model/7.7.0/knative-model-7.7.0.pom
[INFO] Downloaded from central: https://repo.maven.apache.org/maven2/jakarta/json/bind/jakarta.json.bind-parent/3.0.2/jakarta.json.bind-parent-3.0.2.pom (4.8 kB at 95 kB/s)
[INFO] Downloading from central: https://repo.maven.apache.org/maven2/tools/jackson/core/jackson-databind/3.0.2/jackson-databind-3.0.2.pom
[INFO] Downloaded from central: https://repo.maven.apache.org/maven2/io/fabric8/knative-model/7.7.0/knative-model-7.7.0.pom (3.2 kB at 83 kB/s)
[INFO] Downloading from central: https://repo.maven.apache.org/maven2/io/dekorate/prometheus-annotations/4.1.9/prometheus-annotations-4.1.9.pom
[INFO] Downloaded from central: https://repo.maven.apache.org/maven2/tools/jackson/core/jackson-databind/3.0.2/jackson-databind-3.0.2.pom (18 kB at 392 kB/s)
[INFO] Downloading from central: https://repo.maven.apache.org/maven2/tools/jackson/jackson-base/3.0.2/jackson-base-3.0.2.pom
[INFO] Downloaded from central: https://repo.maven.apache.org/maven2/io/dekorate/prometheus-annotations/4.1.9/prometheus-annotations-4.1.9.pom (6.6 kB at 157 kB/s)
[INFO] Downloading from central: https://repo.maven.apache.org/maven2/io/github/yaml-path/yaml-path/0.0.12/yaml-path-0.0.12.pom
[INFO] Downloaded from central: https://repo.maven.apache.org/maven2/tools/jackson/jackson-base/3.0.2/jackson-base-3.0.2.pom (16 kB at 341 kB/s)
[INFO] Downloading from central: https://repo.maven.apache.org/maven2/tools/jackson/core/jackson-core/3.0.2/jackson-core-3.0.2.pom
[INFO] Downloaded from central: https://repo.maven.apache.org/maven2/io/github/yaml-path/yaml-path/0.0.12/yaml-path-0.0.12.pom (10 kB at 255 kB/s)
[INFO] Downloaded from central: https://repo.maven.apache.org/maven2/tools/jackson/core/jackson-core/3.0.2/jackson-core-3.0.2.pom (10 kB at 220 kB/s)
[INFO] Downloading from central: https://repo.maven.apache.org/maven2/com/google/code/javaparser/javaparser/1.0.11/javaparser-1.0.11.pom
[INFO] Downloaded from central: https://repo.maven.apache.org/maven2/com/google/code/javaparser/javaparser/1.0.11/javaparser-1.0.11.pom (6.8 kB at 146 kB/s)
[INFO] Downloading from central: https://repo.maven.apache.org/maven2/joda-time/joda-time/2.14.0/joda-time-2.14.0.pom
[INFO] Downloaded from central: https://repo.maven.apache.org/maven2/joda-time/joda-time/2.14.0/joda-time-2.14.0.pom (40 kB at 878 kB/s)
[INFO] Downloading from central: https://repo.maven.apache.org/maven2/com/google/code/findbugs/annotations/3.0.1u2/annotations-3.0.1u2.pom
[INFO] Downloaded from central: https://repo.maven.apache.org/maven2/com/google/code/findbugs/annotations/3.0.1u2/annotations-3.0.1u2.pom (7.0 kB at 159 kB/s)
[INFO] Downloading from central: https://repo.maven.apache.org/maven2/net/jcip/jcip-annotations/1.0/jcip-annotations-1.0.pom
[INFO] Downloaded from central: https://repo.maven.apache.org/maven2/net/jcip/jcip-annotations/1.0/jcip-annotations-1.0.pom (491 B at 10 kB/s)
[INFO] Downloading from central: https://repo.maven.apache.org/maven2/org/glassfish/jaxb/codemodel/4.0.9/codemodel-4.0.9.pom
[INFO] Downloaded from central: https://repo.maven.apache.org/maven2/org/glassfish/jaxb/codemodel/4.0.9/codemodel-4.0.9.pom (1.8 kB at 38 kB/s)
[INFO] Downloading from central: https://repo.maven.apache.org/maven2/org/glassfish/jaxb/jaxb-codemodel-parent/4.0.9/jaxb-codemodel-parent-4.0.9.pom
[INFO] Downloaded from central: https://repo.maven.apache.org/maven2/org/glassfish/jaxb/jaxb-codemodel-parent/4.0.9/jaxb-codemodel-parent-4.0.9.pom (22 kB at 460 kB/s)
[INFO] Downloading from central: https://repo.maven.apache.org/maven2/org/eclipse/ee4j/project/2.0.2/project-2.0.2.pom
[INFO] Downloaded from central: https://repo.maven.apache.org/maven2/org/eclipse/ee4j/project/2.0.2/project-2.0.2.pom (27 kB at 553 kB/s)
[INFO] Downloading from central: https://repo.maven.apache.org/maven2/io/quarkus/quarkus-credentials-deployment/3.37.3/quarkus-credentials-deployment-3.37.3.jar
[INFO] Downloading from central: https://repo.maven.apache.org/maven2/io/quarkus/quarkus-smallrye-context-propagation-deployment/3.37.3/quarkus-smallrye-context-propagation-deployment-3.37.3.jar
[INFO] Downloading from central: https://repo.maven.apache.org/maven2/io/quarkus/quarkus-vertx-http-deployment/3.37.3/quarkus-vertx-http-deployment-3.37.3.jar
[INFO] Downloading from central: https://repo.maven.apache.org/maven2/io/quarkus/quarkus-security-spi/3.37.3/quarkus-security-spi-3.37.3.jar
[INFO] Downloading from central: https://repo.maven.apache.org/maven2/io/quarkus/quarkus-rest-deployment/3.37.3/quarkus-rest-deployment-3.37.3.jar
[INFO] Downloading from central: https://repo.maven.apache.org/maven2/io/quarkus/quarkus-mutiny-deployment/3.37.3/quarkus-mutiny-deployment-3.37.3.jar
[INFO] Downloading from central: https://repo.maven.apache.org/maven2/io/quarkus/quarkus-rest-jackson-deployment/3.37.3/quarkus-rest-jackson-deployment-3.37.3.jar
[INFO] Downloaded from central: https://repo.maven.apache.org/maven2/io/quarkus/quarkus-vertx-http-deployment/3.37.3/quarkus-vertx-http-deployment-3.37.3.jar (148 kB at 4.0 MB/s)
[INFO] Downloaded from central: https://repo.maven.apache.org/maven2/io/quarkus/quarkus-smallrye-context-propagation-deployment/3.37.3/quarkus-smallrye-context-propagation-deployment-3.37.3.jar (25 kB at 665 kB/s)
[INFO] Downloading from central: https://repo.maven.apache.org/maven2/io/quarkus/resteasy/reactive/resteasy-reactive-common-processor/3.37.3/resteasy-reactive-common-processor-3.37.3.jar
[INFO] Downloading from central: https://repo.maven.apache.org/maven2/io/quarkus/resteasy/reactive/resteasy-reactive-processor/3.37.3/resteasy-reactive-processor-3.37.3.jar
[INFO] Downloaded from central: https://repo.maven.apache.org/maven2/io/quarkus/quarkus-security-spi/3.37.3/quarkus-security-spi-3.37.3.jar (42 kB at 1.1 MB/s)
[INFO] Downloaded from central: https://repo.maven.apache.org/maven2/io/quarkus/quarkus-credentials-deployment/3.37.3/quarkus-credentials-deployment-3.37.3.jar (9.5 kB at 243 kB/s)
[INFO] Downloading from central: https://repo.maven.apache.org/maven2/io/quarkus/quarkus-rest-dev/3.37.3/quarkus-rest-dev-3.37.3.jar
[INFO] Downloading from central: https://repo.maven.apache.org/maven2/io/quarkus/quarkus-rest-common-deployment/3.37.3/quarkus-rest-common-deployment-3.37.3.jar
[INFO] Downloaded from central: https://repo.maven.apache.org/maven2/io/quarkus/quarkus-mutiny-deployment/3.37.3/quarkus-mutiny-deployment-3.37.3.jar (17 kB at 405 kB/s)
[INFO] Downloading from central: https://repo.maven.apache.org/maven2/io/quarkus/quarkus-virtual-threads-deployment/3.37.3/quarkus-virtual-threads-deployment-3.37.3.jar
[INFO] Downloaded from central: https://repo.maven.apache.org/maven2/io/quarkus/quarkus-rest-jackson-deployment/3.37.3/quarkus-rest-jackson-deployment-3.37.3.jar (88 kB at 2.1 MB/s)
[INFO] Downloading from central: https://repo.maven.apache.org/maven2/io/quarkus/quarkus-rest-jackson-common-deployment/3.37.3/quarkus-rest-jackson-common-deployment-3.37.3.jar
[INFO] Downloaded from central: https://repo.maven.apache.org/maven2/io/quarkus/quarkus-rest-dev/3.37.3/quarkus-rest-dev-3.37.3.jar (10 kB at 271 kB/s)
[INFO] Downloaded from central: https://repo.maven.apache.org/maven2/io/quarkus/resteasy/reactive/resteasy-reactive-common-processor/3.37.3/resteasy-reactive-common-processor-3.37.3.jar (131 kB at 3.4 MB/s)
[INFO] Downloading from central: https://repo.maven.apache.org/maven2/io/quarkus/quarkus-jackson-deployment/3.37.3/quarkus-jackson-deployment-3.37.3.jar
[INFO] Downloading from central: https://repo.maven.apache.org/maven2/io/quarkus/quarkus-hibernate-orm-panache-deployment/3.37.3/quarkus-hibernate-orm-panache-deployment-3.37.3.jar
[INFO] Downloaded from central: https://repo.maven.apache.org/maven2/io/quarkus/quarkus-rest-deployment/3.37.3/quarkus-rest-deployment-3.37.3.jar (163 kB at 2.0 MB/s)
[INFO] Downloaded from central: https://repo.maven.apache.org/maven2/io/quarkus/quarkus-virtual-threads-deployment/3.37.3/quarkus-virtual-threads-deployment-3.37.3.jar (11 kB at 292 kB/s)
[INFO] Downloading from central: https://repo.maven.apache.org/maven2/io/quarkus/quarkus-hibernate-orm-panache-common-deployment/3.37.3/quarkus-hibernate-orm-panache-common-deployment-3.37.3.jar
[INFO] Downloading from central: https://repo.maven.apache.org/maven2/io/quarkus/quarkus-hibernate-orm-deployment/3.37.3/quarkus-hibernate-orm-deployment-3.37.3.jar
[INFO] Downloaded from central: https://repo.maven.apache.org/maven2/io/quarkus/resteasy/reactive/resteasy-reactive-processor/3.37.3/resteasy-reactive-processor-3.37.3.jar (153 kB at 3.4 MB/s)
[INFO] Downloaded from central: https://repo.maven.apache.org/maven2/io/quarkus/quarkus-rest-common-deployment/3.37.3/quarkus-rest-common-deployment-3.37.3.jar (42 kB at 933 kB/s)
[INFO] Downloaded from central: https://repo.maven.apache.org/maven2/io/quarkus/quarkus-rest-jackson-common-deployment/3.37.3/quarkus-rest-jackson-common-deployment-3.37.3.jar (7.8 kB at 196 kB/s)
[INFO] Downloading from central: https://repo.maven.apache.org/maven2/org/hibernate/orm/hibernate-assistant/7.4.4.Final/hibernate-assistant-7.4.4.Final.jar
[INFO] Downloading from central: https://repo.maven.apache.org/maven2/io/quarkus/quarkus-hibernate-orm-dev/3.37.3/quarkus-hibernate-orm-dev-3.37.3.jar
[INFO] Downloading from central: https://repo.maven.apache.org/maven2/io/quarkus/quarkus-hibernate-orm-deployment-spi/3.37.3/quarkus-hibernate-orm-deployment-spi-3.37.3.jar
[INFO] Downloaded from central: https://repo.maven.apache.org/maven2/org/hibernate/orm/hibernate-assistant/7.4.4.Final/hibernate-assistant-7.4.4.Final.jar (19 kB at 536 kB/s)
[INFO] Downloaded from central: https://repo.maven.apache.org/maven2/io/quarkus/quarkus-jackson-deployment/3.37.3/quarkus-jackson-deployment-3.37.3.jar (23 kB at 568 kB/s)
[INFO] Downloading from central: https://repo.maven.apache.org/maven2/io/quarkus/quarkus-caffeine-deployment/3.37.3/quarkus-caffeine-deployment-3.37.3.jar
[INFO] Downloading from central: https://repo.maven.apache.org/maven2/io/quarkus/quarkus-reactive-datasource-spi/3.37.3/quarkus-reactive-datasource-spi-3.37.3.jar
[INFO] Downloaded from central: https://repo.maven.apache.org/maven2/io/quarkus/quarkus-hibernate-orm-panache-common-deployment/3.37.3/quarkus-hibernate-orm-panache-common-deployment-3.37.3.jar (11 kB at 278 kB/s)
[INFO] Downloading from central: https://repo.maven.apache.org/maven2/io/quarkus/quarkus-panache-hibernate-common-deployment/3.37.3/quarkus-panache-hibernate-common-deployment-3.37.3.jar
[INFO] Downloaded from central: https://repo.maven.apache.org/maven2/io/quarkus/quarkus-hibernate-orm-panache-deployment/3.37.3/quarkus-hibernate-orm-panache-deployment-3.37.3.jar (18 kB at 432 kB/s)
[INFO] Downloading from central: https://repo.maven.apache.org/maven2/io/quarkus/quarkus-hibernate-validator-deployment/3.37.3/quarkus-hibernate-validator-deployment-3.37.3.jar
[INFO] Downloaded from central: https://repo.maven.apache.org/maven2/io/quarkus/quarkus-hibernate-orm-dev/3.37.3/quarkus-hibernate-orm-dev-3.37.3.jar (34 kB at 838 kB/s)
[INFO] Downloaded from central: https://repo.maven.apache.org/maven2/io/quarkus/quarkus-hibernate-orm-deployment-spi/3.37.3/quarkus-hibernate-orm-deployment-spi-3.37.3.jar (9.7 kB at 238 kB/s)
[INFO] Downloading from central: https://repo.maven.apache.org/maven2/io/quarkus/quarkus-jaxrs-spi-deployment/3.37.3/quarkus-jaxrs-spi-deployment-3.37.3.jar
[INFO] Downloading from central: https://repo.maven.apache.org/maven2/io/quarkus/quarkus-resteasy-common-spi/3.37.3/quarkus-resteasy-common-spi-3.37.3.jar
[INFO] Downloaded from central: https://repo.maven.apache.org/maven2/io/quarkus/quarkus-hibernate-orm-deployment/3.37.3/quarkus-hibernate-orm-deployment-3.37.3.jar (224 kB at 3.7 MB/s)
[INFO] Downloading from central: https://repo.maven.apache.org/maven2/io/quarkus/quarkus-resteasy-server-common-spi/3.37.3/quarkus-resteasy-server-common-spi-3.37.3.jar
[INFO] Downloaded from central: https://repo.maven.apache.org/maven2/io/quarkus/quarkus-reactive-datasource-spi/3.37.3/quarkus-reactive-datasource-spi-3.37.3.jar (7.3 kB at 202 kB/s)
[INFO] Downloading from central: https://repo.maven.apache.org/maven2/io/quarkus/quarkus-rest-spi-deployment/3.37.3/quarkus-rest-spi-deployment-3.37.3.jar
[INFO] Downloaded from central: https://repo.maven.apache.org/maven2/io/quarkus/quarkus-hibernate-validator-deployment/3.37.3/quarkus-hibernate-validator-deployment-3.37.3.jar (42 kB at 1.2 MB/s)
[INFO] Downloading from central: https://repo.maven.apache.org/maven2/io/quarkus/quarkus-jdbc-postgresql-deployment/3.37.3/quarkus-jdbc-postgresql-deployment-3.37.3.jar
[INFO] Downloaded from central: https://repo.maven.apache.org/maven2/io/quarkus/quarkus-panache-hibernate-common-deployment/3.37.3/quarkus-panache-hibernate-common-deployment-3.37.3.jar (17 kB at 439 kB/s)
[INFO] Downloading from central: https://repo.maven.apache.org/maven2/io/quarkus/quarkus-agroal-spi/3.37.3/quarkus-agroal-spi-3.37.3.jar
[INFO] Downloaded from central: https://repo.maven.apache.org/maven2/io/quarkus/quarkus-jaxrs-spi-deployment/3.37.3/quarkus-jaxrs-spi-deployment-3.37.3.jar (7.1 kB at 178 kB/s)
[INFO] Downloading from central: https://repo.maven.apache.org/maven2/io/quarkus/quarkus-devservices-postgresql/3.37.3/quarkus-devservices-postgresql-3.37.3.jar
[INFO] Downloaded from central: https://repo.maven.apache.org/maven2/io/quarkus/quarkus-caffeine-deployment/3.37.3/quarkus-caffeine-deployment-3.37.3.jar (16 kB at 348 kB/s)
[INFO] Downloading from central: https://repo.maven.apache.org/maven2/org/testcontainers/testcontainers-postgresql/2.0.5/testcontainers-postgresql-2.0.5.jar
[INFO] Downloaded from central: https://repo.maven.apache.org/maven2/io/quarkus/quarkus-resteasy-common-spi/3.37.3/quarkus-resteasy-common-spi-3.37.3.jar (14 kB at 325 kB/s)
[INFO] Downloading from central: https://repo.maven.apache.org/maven2/org/testcontainers/testcontainers-jdbc/2.0.5/testcontainers-jdbc-2.0.5.jar
[INFO] Downloaded from central: https://repo.maven.apache.org/maven2/io/quarkus/quarkus-resteasy-server-common-spi/3.37.3/quarkus-resteasy-server-common-spi-3.37.3.jar (9.3 kB at 291 kB/s)
[INFO] Downloading from central: https://repo.maven.apache.org/maven2/org/testcontainers/testcontainers-database-commons/2.0.5/testcontainers-database-commons-2.0.5.jar
[INFO] Downloaded from central: https://repo.maven.apache.org/maven2/io/quarkus/quarkus-jdbc-postgresql-deployment/3.37.3/quarkus-jdbc-postgresql-deployment-3.37.3.jar (11 kB at 308 kB/s)
[INFO] Downloading from central: https://repo.maven.apache.org/maven2/io/quarkus/quarkus-datasource-deployment-spi/3.37.3/quarkus-datasource-deployment-spi-3.37.3.jar
[INFO] Downloaded from central: https://repo.maven.apache.org/maven2/io/quarkus/quarkus-rest-spi-deployment/3.37.3/quarkus-rest-spi-deployment-3.37.3.jar (33 kB at 875 kB/s)
[INFO] Downloading from central: https://repo.maven.apache.org/maven2/io/quarkus/quarkus-agroal-deployment/3.37.3/quarkus-agroal-deployment-3.37.3.jar
[INFO] Downloaded from central: https://repo.maven.apache.org/maven2/io/quarkus/quarkus-agroal-spi/3.37.3/quarkus-agroal-spi-3.37.3.jar (11 kB at 248 kB/s)
[INFO] Downloading from central: https://repo.maven.apache.org/maven2/io/quarkus/quarkus-datasource-deployment/3.37.3/quarkus-datasource-deployment-3.37.3.jar
[INFO] Downloaded from central: https://repo.maven.apache.org/maven2/org/testcontainers/testcontainers-postgresql/2.0.5/testcontainers-postgresql-2.0.5.jar (15 kB at 354 kB/s)
[INFO] Downloaded from central: https://repo.maven.apache.org/maven2/io/quarkus/quarkus-devservices-postgresql/3.37.3/quarkus-devservices-postgresql-3.37.3.jar (23 kB at 533 kB/s)
[INFO] Downloading from central: https://repo.maven.apache.org/maven2/io/quarkus/quarkus-kubernetes-service-binding-spi/3.37.3/quarkus-kubernetes-service-binding-spi-3.37.3.jar
[INFO] Downloading from central: https://repo.maven.apache.org/maven2/io/quarkus/quarkus-datasource-dev/3.37.3/quarkus-datasource-dev-3.37.3.jar
[INFO] Downloaded from central: https://repo.maven.apache.org/maven2/org/testcontainers/testcontainers-database-commons/2.0.5/testcontainers-database-commons-2.0.5.jar (15 kB at 429 kB/s)
[INFO] Downloading from central: https://repo.maven.apache.org/maven2/io/quarkus/quarkus-agroal-dev/3.37.3/quarkus-agroal-dev-3.37.3.jar
[INFO] Downloaded from central: https://repo.maven.apache.org/maven2/org/testcontainers/testcontainers-jdbc/2.0.5/testcontainers-jdbc-2.0.5.jar (30 kB at 528 kB/s)
[INFO] Downloading from central: https://repo.maven.apache.org/maven2/io/quarkus/quarkus-assistant-deployment-spi/3.37.3/quarkus-assistant-deployment-spi-3.37.3.jar
[INFO] Downloaded from central: https://repo.maven.apache.org/maven2/io/quarkus/quarkus-agroal-deployment/3.37.3/quarkus-agroal-deployment-3.37.3.jar (50 kB at 1.3 MB/s)
[INFO] Downloading from central: https://repo.maven.apache.org/maven2/io/quarkus/quarkus-narayana-jta-deployment/3.37.3/quarkus-narayana-jta-deployment-3.37.3.jar
[INFO] Downloaded from central: https://repo.maven.apache.org/maven2/io/quarkus/quarkus-datasource-deployment-spi/3.37.3/quarkus-datasource-deployment-spi-3.37.3.jar (25 kB at 591 kB/s)
[INFO] Downloading from central: https://repo.maven.apache.org/maven2/io/quarkus/quarkus-smallrye-openapi-deployment/3.37.3/quarkus-smallrye-openapi-deployment-3.37.3.jar
[INFO] Downloaded from central: https://repo.maven.apache.org/maven2/io/quarkus/quarkus-datasource-deployment/3.37.3/quarkus-datasource-deployment-3.37.3.jar (27 kB at 651 kB/s)
[INFO] Downloading from central: https://repo.maven.apache.org/maven2/io/quarkus/quarkus-smallrye-openapi-spi/3.37.3/quarkus-smallrye-openapi-spi-3.37.3.jar
[INFO] Downloaded from central: https://repo.maven.apache.org/maven2/io/quarkus/quarkus-kubernetes-service-binding-spi/3.37.3/quarkus-kubernetes-service-binding-spi-3.37.3.jar (8.6 kB at 227 kB/s)
[INFO] Downloading from central: https://repo.maven.apache.org/maven2/io/quarkus/quarkus-smallrye-openapi-common-deployment/3.37.3/quarkus-smallrye-openapi-common-deployment-3.37.3.jar
[INFO] Downloaded from central: https://repo.maven.apache.org/maven2/io/quarkus/quarkus-agroal-dev/3.37.3/quarkus-agroal-dev-3.37.3.jar (26 kB at 692 kB/s)
[INFO] Downloading from central: https://repo.maven.apache.org/maven2/io/quarkus/quarkus-swagger-ui-deployment/3.37.3/quarkus-swagger-ui-deployment-3.37.3.jar
[INFO] Downloaded from central: https://repo.maven.apache.org/maven2/io/quarkus/quarkus-datasource-dev/3.37.3/quarkus-datasource-dev-3.37.3.jar (7.5 kB at 183 kB/s)
[INFO] Downloading from central: https://repo.maven.apache.org/maven2/io/smallrye/smallrye-open-api-ui/4.3.3/smallrye-open-api-ui-4.3.3.jar
[INFO] Downloaded from central: https://repo.maven.apache.org/maven2/io/quarkus/quarkus-narayana-jta-deployment/3.37.3/quarkus-narayana-jta-deployment-3.37.3.jar (19 kB at 582 kB/s)
[INFO] Downloading from central: https://repo.maven.apache.org/maven2/io/quarkus/quarkus-smallrye-openapi-dev/3.37.3/quarkus-smallrye-openapi-dev-3.37.3.jar
[INFO] Downloaded from central: https://repo.maven.apache.org/maven2/io/quarkus/quarkus-assistant-deployment-spi/3.37.3/quarkus-assistant-deployment-spi-3.37.3.jar (11 kB at 259 kB/s)
[INFO] Downloading from central: https://repo.maven.apache.org/maven2/io/quarkus/quarkus-assistant-dev/3.37.3/quarkus-assistant-dev-3.37.3.jar
[INFO] Downloaded from central: https://repo.maven.apache.org/maven2/io/quarkus/quarkus-smallrye-openapi-deployment/3.37.3/quarkus-smallrye-openapi-deployment-3.37.3.jar (93 kB at 1.9 MB/s)
[INFO] Downloading from central: https://repo.maven.apache.org/maven2/io/smallrye/smallrye-open-api-jaxrs/4.3.3/smallrye-open-api-jaxrs-4.3.3.jar
[INFO] Downloaded from central: https://repo.maven.apache.org/maven2/io/quarkus/quarkus-smallrye-openapi-spi/3.37.3/quarkus-smallrye-openapi-spi-3.37.3.jar (9.5 kB at 231 kB/s)
[INFO] Downloading from central: https://repo.maven.apache.org/maven2/io/smallrye/smallrye-open-api-spring/4.3.3/smallrye-open-api-spring-4.3.3.jar
[INFO] Downloaded from central: https://repo.maven.apache.org/maven2/io/quarkus/quarkus-swagger-ui-deployment/3.37.3/quarkus-swagger-ui-deployment-3.37.3.jar (32 kB at 773 kB/s)
[INFO] Downloaded from central: https://repo.maven.apache.org/maven2/io/quarkus/quarkus-smallrye-openapi-common-deployment/3.37.3/quarkus-smallrye-openapi-common-deployment-3.37.3.jar (22 kB at 499 kB/s)
[INFO] Downloading from central: https://repo.maven.apache.org/maven2/io/smallrye/smallrye-open-api-vertx/4.3.3/smallrye-open-api-vertx-4.3.3.jar
[INFO] Downloading from central: https://repo.maven.apache.org/maven2/org/jetbrains/kotlinx/kotlinx-metadata-jvm/0.9.0/kotlinx-metadata-jvm-0.9.0.jar
[INFO] Downloaded from central: https://repo.maven.apache.org/maven2/io/quarkus/quarkus-assistant-dev/3.37.3/quarkus-assistant-dev-3.37.3.jar (9.0 kB at 272 kB/s)
[INFO] Downloaded from central: https://repo.maven.apache.org/maven2/io/quarkus/quarkus-smallrye-openapi-dev/3.37.3/quarkus-smallrye-openapi-dev-3.37.3.jar (9.5 kB at 272 kB/s)
[INFO] Downloading from central: https://repo.maven.apache.org/maven2/io/quarkiverse/openapi/generator/quarkus-openapi-generator-server-deployment/2.21.0/quarkus-openapi-generator-server-deployment-2.21.0.jar
[INFO] Downloading from central: https://repo.maven.apache.org/maven2/io/quarkiverse/openapi/generator/quarkus-openapi-generator-common/2.21.0/quarkus-openapi-generator-common-2.21.0.jar
[INFO] Downloaded from central: https://repo.maven.apache.org/maven2/io/smallrye/smallrye-open-api-jaxrs/4.3.3/smallrye-open-api-jaxrs-4.3.3.jar (36 kB at 909 kB/s)
[INFO] Downloading from central: https://repo.maven.apache.org/maven2/io/quarkus/quarkus-qute-deployment/3.37.3/quarkus-qute-deployment-3.37.3.jar
[INFO] Downloaded from central: https://repo.maven.apache.org/maven2/io/smallrye/smallrye-open-api-spring/4.3.3/smallrye-open-api-spring-4.3.3.jar (25 kB at 617 kB/s)
[INFO] Downloading from central: https://repo.maven.apache.org/maven2/io/quarkus/quarkus-cache-deployment-spi/3.37.3/quarkus-cache-deployment-spi-3.37.3.jar
[INFO] Downloaded from central: https://repo.maven.apache.org/maven2/org/jetbrains/kotlinx/kotlinx-metadata-jvm/0.9.0/kotlinx-metadata-jvm-0.9.0.jar (1.1 MB at 21 MB/s)
[INFO] Downloaded from central: https://repo.maven.apache.org/maven2/io/smallrye/smallrye-open-api-vertx/4.3.3/smallrye-open-api-vertx-4.3.3.jar (21 kB at 407 kB/s)
[INFO] Downloaded from central: https://repo.maven.apache.org/maven2/io/quarkiverse/openapi/generator/quarkus-openapi-generator-common/2.21.0/quarkus-openapi-generator-common-2.21.0.jar (8.1 kB at 204 kB/s)
[INFO] Downloading from central: https://repo.maven.apache.org/maven2/io/quarkus/qute/qute-generator/3.37.3/qute-generator-3.37.3.jar
[INFO] Downloading from central: https://repo.maven.apache.org/maven2/org/openapitools/openapi-generator/7.23.0/openapi-generator-7.23.0.jar
[INFO] Downloading from central: https://repo.maven.apache.org/maven2/io/swagger/parser/v3/swagger-parser/2.1.42/swagger-parser-2.1.42.jar
[INFO] Downloaded from central: https://repo.maven.apache.org/maven2/io/smallrye/smallrye-open-api-ui/4.3.3/smallrye-open-api-ui-4.3.3.jar (1.3 MB at 14 MB/s)
[INFO] Downloading from central: https://repo.maven.apache.org/maven2/io/swagger/parser/v3/swagger-parser-v2-converter/2.1.42/swagger-parser-v2-converter-2.1.42.jar
[INFO] Downloaded from central: https://repo.maven.apache.org/maven2/io/quarkus/quarkus-cache-deployment-spi/3.37.3/quarkus-cache-deployment-spi-3.37.3.jar (8.4 kB at 263 kB/s)
[INFO] Downloading from central: https://repo.maven.apache.org/maven2/io/swagger/swagger-core/1.6.16/swagger-core-1.6.16.jar
[INFO] Downloaded from central: https://repo.maven.apache.org/maven2/io/quarkus/quarkus-qute-deployment/3.37.3/quarkus-qute-deployment-3.37.3.jar (238 kB at 6.3 MB/s)
[INFO] Downloading from central: https://repo.maven.apache.org/maven2/io/swagger/swagger-models/1.6.16/swagger-models-1.6.16.jar
[INFO] Downloaded from central: https://repo.maven.apache.org/maven2/io/quarkus/qute/qute-generator/3.37.3/qute-generator-3.37.3.jar (77 kB at 2.6 MB/s)
[INFO] Downloading from central: https://repo.maven.apache.org/maven2/io/swagger/swagger-annotations/1.6.16/swagger-annotations-1.6.16.jar
[INFO] Downloaded from central: https://repo.maven.apache.org/maven2/io/swagger/parser/v3/swagger-parser/2.1.42/swagger-parser-2.1.42.jar (3.2 kB at 96 kB/s)
[INFO] Downloading from central: https://repo.maven.apache.org/maven2/io/swagger/swagger-parser/1.0.76/swagger-parser-1.0.76.jar
[INFO] Downloaded from central: https://repo.maven.apache.org/maven2/io/swagger/parser/v3/swagger-parser-v2-converter/2.1.42/swagger-parser-v2-converter-2.1.42.jar (26 kB at 820 kB/s)
[INFO] Downloading from central: https://repo.maven.apache.org/maven2/io/swagger/swagger-parser-safe-url-resolver/1.0.76/swagger-parser-safe-url-resolver-1.0.76.jar
[INFO] Downloaded from central: https://repo.maven.apache.org/maven2/io/swagger/swagger-core/1.6.16/swagger-core-1.6.16.jar (122 kB at 4.5 MB/s)
[INFO] Downloading from central: https://repo.maven.apache.org/maven2/io/swagger/swagger-compat-spec-parser/1.0.76/swagger-compat-spec-parser-1.0.76.jar
[INFO] Downloaded from central: https://repo.maven.apache.org/maven2/io/swagger/swagger-models/1.6.16/swagger-models-1.6.16.jar (158 kB at 5.3 MB/s)
[INFO] Downloading from central: https://repo.maven.apache.org/maven2/com/github/java-json-tools/json-schema-validator/2.2.14/json-schema-validator-2.2.14.jar
[INFO] Downloaded from central: https://repo.maven.apache.org/maven2/io/swagger/swagger-annotations/1.6.16/swagger-annotations-1.6.16.jar (20 kB at 730 kB/s)
[INFO] Downloading from central: https://repo.maven.apache.org/maven2/com/github/java-json-tools/jackson-coreutils-equivalence/1.0/jackson-coreutils-equivalence-1.0.jar
[INFO] Downloaded from central: https://repo.maven.apache.org/maven2/io/swagger/swagger-parser-safe-url-resolver/1.0.76/swagger-parser-safe-url-resolver-1.0.76.jar (9.7 kB at 334 kB/s)
[INFO] Downloading from central: https://repo.maven.apache.org/maven2/com/github/java-json-tools/json-schema-core/1.2.14/json-schema-core-1.2.14.jar
[INFO] Downloaded from central: https://repo.maven.apache.org/maven2/io/swagger/swagger-parser/1.0.76/swagger-parser-1.0.76.jar (98 kB at 2.7 MB/s)
[INFO] Downloading from central: https://repo.maven.apache.org/maven2/com/github/java-json-tools/uri-template/0.10/uri-template-0.10.jar
[INFO] Downloaded from central: https://repo.maven.apache.org/maven2/io/swagger/swagger-compat-spec-parser/1.0.76/swagger-compat-spec-parser-1.0.76.jar (149 kB at 4.1 MB/s)
[INFO] Downloading from central: https://repo.maven.apache.org/maven2/com/googlecode/libphonenumber/libphonenumber/8.11.1/libphonenumber-8.11.1.jar
[INFO] Downloaded from central: https://repo.maven.apache.org/maven2/com/github/java-json-tools/jackson-coreutils-equivalence/1.0/jackson-coreutils-equivalence-1.0.jar (1.9 kB at 70 kB/s)
[INFO] Downloading from central: https://repo.maven.apache.org/maven2/net/sf/jopt-simple/jopt-simple/5.0.4/jopt-simple-5.0.4.jar
[INFO] Downloaded from central: https://repo.maven.apache.org/maven2/com/github/java-json-tools/json-schema-validator/2.2.14/json-schema-validator-2.2.14.jar (239 kB at 6.5 MB/s)
[INFO] Downloading from central: https://repo.maven.apache.org/maven2/org/mozilla/rhino/1.7.15.1/rhino-1.7.15.1.jar
[INFO] Downloaded from central: https://repo.maven.apache.org/maven2/com/github/java-json-tools/json-schema-core/1.2.14/json-schema-core-1.2.14.jar (176 kB at 5.9 MB/s)
[INFO] Downloading from central: https://repo.maven.apache.org/maven2/com/github/java-json-tools/json-patch/1.13/json-patch-1.13.jar
[INFO] Downloaded from central: https://repo.maven.apache.org/maven2/com/github/java-json-tools/uri-template/0.10/uri-template-0.10.jar (58 kB at 1.4 MB/s)
[INFO] Downloaded from central: https://repo.maven.apache.org/maven2/com/googlecode/libphonenumber/libphonenumber/8.11.1/libphonenumber-8.11.1.jar (345 kB at 10 MB/s)
[INFO] Downloading from central: https://repo.maven.apache.org/maven2/com/github/java-json-tools/msg-simple/1.2/msg-simple-1.2.jar
[INFO] Downloading from central: https://repo.maven.apache.org/maven2/com/github/java-json-tools/btf/1.3/btf-1.3.jar
[INFO] Downloaded from central: https://repo.maven.apache.org/maven2/net/sf/jopt-simple/jopt-simple/5.0.4/jopt-simple-5.0.4.jar (78 kB at 2.4 MB/s)
[INFO] Downloading from central: https://repo.maven.apache.org/maven2/com/github/java-json-tools/jackson-coreutils/2.0/jackson-coreutils-2.0.jar
[INFO] Downloaded from central: https://repo.maven.apache.org/maven2/com/github/java-json-tools/json-patch/1.13/json-patch-1.13.jar (44 kB at 1.5 MB/s)
[INFO] Downloading from central: https://repo.maven.apache.org/maven2/io/swagger/core/v3/swagger-models/2.2.50/swagger-models-2.2.50.jar
[INFO] Downloaded from central: https://repo.maven.apache.org/maven2/org/mozilla/rhino/1.7.15.1/rhino-1.7.15.1.jar (1.4 MB at 28 MB/s)
[INFO] Downloading from central: https://repo.maven.apache.org/maven2/io/swagger/parser/v3/swagger-parser-core/2.1.42/swagger-parser-core-2.1.42.jar
[INFO] Downloaded from central: https://repo.maven.apache.org/maven2/com/github/java-json-tools/msg-simple/1.2/msg-simple-1.2.jar (37 kB at 1.0 MB/s)
[INFO] Downloading from central: https://repo.maven.apache.org/maven2/io/swagger/parser/v3/swagger-parser-v3/2.1.42/swagger-parser-v3-2.1.42.jar
[INFO] Downloaded from central: https://repo.maven.apache.org/maven2/com/github/java-json-tools/jackson-coreutils/2.0/jackson-coreutils-2.0.jar (32 kB at 1.1 MB/s)
[INFO] Downloading from central: https://repo.maven.apache.org/maven2/io/swagger/core/v3/swagger-core/2.2.50/swagger-core-2.2.50.jar
[INFO] Downloaded from central: https://repo.maven.apache.org/maven2/com/github/java-json-tools/btf/1.3/btf-1.3.jar (9.0 kB at 214 kB/s)
[INFO] Downloading from central: https://repo.maven.apache.org/maven2/io/swagger/core/v3/swagger-annotations/2.2.50/swagger-annotations-2.2.50.jar
[INFO] Downloaded from central: https://repo.maven.apache.org/maven2/io/swagger/core/v3/swagger-models/2.2.50/swagger-models-2.2.50.jar (140 kB at 4.0 MB/s)
[INFO] Downloading from central: https://repo.maven.apache.org/maven2/io/swagger/parser/v3/swagger-parser-safe-url-resolver/2.1.42/swagger-parser-safe-url-resolver-2.1.42.jar
[INFO] Downloaded from central: https://repo.maven.apache.org/maven2/io/swagger/parser/v3/swagger-parser-core/2.1.42/swagger-parser-core-2.1.42.jar (7.9 kB at 254 kB/s)
[INFO] Downloading from central: https://repo.maven.apache.org/maven2/com/samskivert/jmustache/1.16/jmustache-1.16.jar
[INFO] Downloaded from central: https://repo.maven.apache.org/maven2/io/swagger/parser/v3/swagger-parser-v3/2.1.42/swagger-parser-v3-2.1.42.jar (215 kB at 7.7 MB/s)
[INFO] Downloading from central: https://repo.maven.apache.org/maven2/com/github/jknack/handlebars/4.3.1/handlebars-4.3.1.jar
[INFO] Downloaded from central: https://repo.maven.apache.org/maven2/io/swagger/core/v3/swagger-core/2.2.50/swagger-core-2.2.50.jar (263 kB at 8.2 MB/s)
[INFO] Downloaded from central: https://repo.maven.apache.org/maven2/io/quarkiverse/openapi/generator/quarkus-openapi-generator-server-deployment/2.21.0/quarkus-openapi-generator-server-deployment-2.21.0.jar (63 kB at 282 kB/s)
[INFO] Downloading from central: https://repo.maven.apache.org/maven2/com/github/jknack/handlebars-jackson2/4.3.1/handlebars-jackson2-4.3.1.jar
[INFO] Downloading from central: https://repo.maven.apache.org/maven2/org/slf4j/slf4j-ext/1.7.36/slf4j-ext-1.7.36.jar
[INFO] Downloaded from central: https://repo.maven.apache.org/maven2/io/swagger/parser/v3/swagger-parser-safe-url-resolver/2.1.42/swagger-parser-safe-url-resolver-2.1.42.jar (9.9 kB at 283 kB/s)
[INFO] Downloading from central: https://repo.maven.apache.org/maven2/org/slf4j/slf4j-simple/1.7.36/slf4j-simple-1.7.36.jar
[INFO] Downloaded from central: https://repo.maven.apache.org/maven2/com/samskivert/jmustache/1.16/jmustache-1.16.jar (81 kB at 2.9 MB/s)
[INFO] Downloading from central: https://repo.maven.apache.org/maven2/commons-cli/commons-cli/1.10.0/commons-cli-1.10.0.jar
[INFO] Downloaded from central: https://repo.maven.apache.org/maven2/io/swagger/core/v3/swagger-annotations/2.2.50/swagger-annotations-2.2.50.jar (50 kB at 1.1 MB/s)
[INFO] Downloading from central: https://repo.maven.apache.org/maven2/com/fasterxml/jackson/datatype/jackson-datatype-guava/2.22.0/jackson-datatype-guava-2.22.0.jar
[INFO] Downloaded from central: https://repo.maven.apache.org/maven2/com/github/jknack/handlebars-jackson2/4.3.1/handlebars-jackson2-4.3.1.jar (9.3 kB at 281 kB/s)
[INFO] Downloading from central: https://repo.maven.apache.org/maven2/org/commonmark/commonmark/0.21.0/commonmark-0.21.0.jar
[INFO] Downloaded from central: https://repo.maven.apache.org/maven2/org/slf4j/slf4j-ext/1.7.36/slf4j-ext-1.7.36.jar (38 kB at 948 kB/s)
[INFO] Downloaded from central: https://repo.maven.apache.org/maven2/com/github/jknack/handlebars/4.3.1/handlebars-4.3.1.jar (954 kB at 21 MB/s)
[INFO] Downloading from central: https://repo.maven.apache.org/maven2/com/github/curious-odd-man/rgxgen/1.4/rgxgen-1.4.jar
[INFO] Downloading from central: https://repo.maven.apache.org/maven2/com/fasterxml/jackson/datatype/jackson-datatype-joda/2.22.0/jackson-datatype-joda-2.22.0.jar
[INFO] Downloaded from central: https://repo.maven.apache.org/maven2/org/slf4j/slf4j-simple/1.7.36/slf4j-simple-1.7.36.jar (15 kB at 548 kB/s)
[INFO] Downloading from central: https://repo.maven.apache.org/maven2/joda-time/joda-time/2.12.7/joda-time-2.12.7.jar
[INFO] Downloaded from central: https://repo.maven.apache.org/maven2/com/fasterxml/jackson/datatype/jackson-datatype-guava/2.22.0/jackson-datatype-guava-2.22.0.jar (138 kB at 3.6 MB/s)
[INFO] Downloading from central: https://repo.maven.apache.org/maven2/com/github/joschi/jackson/jackson-datatype-threetenbp/2.18.2/jackson-datatype-threetenbp-2.18.2.jar
[INFO] Downloaded from central: https://repo.maven.apache.org/maven2/commons-cli/commons-cli/1.10.0/commons-cli-1.10.0.jar (108 kB at 2.2 MB/s)
[INFO] Downloading from central: https://repo.maven.apache.org/maven2/org/threeten/threetenbp/1.7.0/threetenbp-1.7.0.jar
[INFO] Downloaded from central: https://repo.maven.apache.org/maven2/com/fasterxml/jackson/datatype/jackson-datatype-joda/2.22.0/jackson-datatype-joda-2.22.0.jar (86 kB at 2.7 MB/s)
[INFO] Downloading from central: https://repo.maven.apache.org/maven2/org/openapitools/openapi-generator-core/7.23.0/openapi-generator-core-7.23.0.jar
[INFO] Downloaded from central: https://repo.maven.apache.org/maven2/com/github/curious-odd-man/rgxgen/1.4/rgxgen-1.4.jar (73 kB at 1.7 MB/s)
[INFO] Downloading from central: https://repo.maven.apache.org/maven2/org/projectlombok/lombok/1.18.38/lombok-1.18.38.jar
[INFO] Downloaded from central: https://repo.maven.apache.org/maven2/joda-time/joda-time/2.12.7/joda-time-2.12.7.jar (638 kB at 14 MB/s)
[INFO] Downloading from central: https://repo.maven.apache.org/maven2/io/apicurio/apicurio-codegen/1.2.11.Final/apicurio-codegen-1.2.11.Final.jar
[INFO] Downloaded from central: https://repo.maven.apache.org/maven2/org/threeten/threetenbp/1.7.0/threetenbp-1.7.0.jar (515 kB at 14 MB/s)
[INFO] Downloading from central: https://repo.maven.apache.org/maven2/io/apicurio/apicurio-data-models/2.5.3/apicurio-data-models-2.5.3.jar
[INFO] Downloaded from central: https://repo.maven.apache.org/maven2/com/github/joschi/jackson/jackson-datatype-threetenbp/2.18.2/jackson-datatype-threetenbp-2.18.2.jar (139 kB at 2.8 MB/s)
[INFO] Downloaded from central: https://repo.maven.apache.org/maven2/org/openapitools/openapi-generator-core/7.23.0/openapi-generator-core-7.23.0.jar (59 kB at 1.7 MB/s)
[INFO] Downloading from central: https://repo.maven.apache.org/maven2/org/json/json/20240303/json-20240303.jar
[INFO] Downloading from central: https://repo.maven.apache.org/maven2/org/apache/commons/commons-pool2/2.13.1/commons-pool2-2.13.1.jar
[INFO] Downloaded from central: https://repo.maven.apache.org/maven2/org/commonmark/commonmark/0.21.0/commonmark-0.21.0.jar (171 kB at 2.0 MB/s)
[INFO] Downloading from central: https://repo.maven.apache.org/maven2/org/jboss/forge/roaster/roaster-api/2.28.0.Final/roaster-api-2.28.0.Final.jar
[INFO] Downloaded from central: https://repo.maven.apache.org/maven2/org/projectlombok/lombok/1.18.38/lombok-1.18.38.jar (2.1 MB at 48 MB/s)
[INFO] Downloading from central: https://repo.maven.apache.org/maven2/org/jboss/forge/roaster/roaster-jdt/2.28.0.Final/roaster-jdt-2.28.0.Final.jar
[INFO] Downloaded from central: https://repo.maven.apache.org/maven2/io/apicurio/apicurio-codegen/1.2.11.Final/apicurio-codegen-1.2.11.Final.jar (120 kB at 2.8 MB/s)
[INFO] Downloading from central: https://repo.maven.apache.org/maven2/org/jsonschema2pojo/jsonschema2pojo-core/1.3.3/jsonschema2pojo-core-1.3.3.jar
[INFO] Downloaded from central: https://repo.maven.apache.org/maven2/org/json/json/20240303/json-20240303.jar (78 kB at 2.5 MB/s)
[INFO] Downloading from central: https://repo.maven.apache.org/maven2/javax/json/bind/javax.json.bind-api/1.0/javax.json.bind-api-1.0.jar
[INFO] Downloaded from central: https://repo.maven.apache.org/maven2/org/apache/commons/commons-pool2/2.13.1/commons-pool2-2.13.1.jar (156 kB at 3.9 MB/s)
[INFO] Downloading from central: https://repo.maven.apache.org/maven2/jakarta/json/bind/jakarta.json.bind-api/3.0.2/jakarta.json.bind-api-3.0.2.jar
[INFO] Downloaded from central: https://repo.maven.apache.org/maven2/org/jboss/forge/roaster/roaster-api/2.28.0.Final/roaster-api-2.28.0.Final.jar (84 kB at 1.8 MB/s)
[INFO] Downloading from central: https://repo.maven.apache.org/maven2/tools/jackson/core/jackson-databind/3.0.2/jackson-databind-3.0.2.jar
[INFO] Downloaded from central: https://repo.maven.apache.org/maven2/io/apicurio/apicurio-data-models/2.5.3/apicurio-data-models-2.5.3.jar (2.4 MB at 40 MB/s)
[INFO] Downloading from central: https://repo.maven.apache.org/maven2/tools/jackson/core/jackson-core/3.0.2/jackson-core-3.0.2.jar
[INFO] Downloaded from central: https://repo.maven.apache.org/maven2/org/jsonschema2pojo/jsonschema2pojo-core/1.3.3/jsonschema2pojo-core-1.3.3.jar (177 kB at 4.2 MB/s)
[INFO] Downloading from central: https://repo.maven.apache.org/maven2/com/google/code/javaparser/javaparser/1.0.11/javaparser-1.0.11.jar
[INFO] Downloaded from central: https://repo.maven.apache.org/maven2/jakarta/json/bind/jakarta.json.bind-api/3.0.2/jakarta.json.bind-api-3.0.2.jar (38 kB at 981 kB/s)
[INFO] Downloading from central: https://repo.maven.apache.org/maven2/com/google/code/findbugs/annotations/3.0.1u2/annotations-3.0.1u2.jar
[INFO] Downloaded from central: https://repo.maven.apache.org/maven2/javax/json/bind/javax.json.bind-api/1.0/javax.json.bind-api-1.0.jar (24 kB at 430 kB/s)
[INFO] Downloading from central: https://repo.maven.apache.org/maven2/net/jcip/jcip-annotations/1.0/jcip-annotations-1.0.jar
[INFO] Downloaded from central: https://repo.maven.apache.org/maven2/tools/jackson/core/jackson-core/3.0.2/jackson-core-3.0.2.jar (594 kB at 8.7 MB/s)
[INFO] Downloaded from central: https://repo.maven.apache.org/maven2/com/google/code/javaparser/javaparser/1.0.11/javaparser-1.0.11.jar (290 kB at 4.7 MB/s)
[INFO] Downloading from central: https://repo.maven.apache.org/maven2/org/glassfish/jaxb/codemodel/4.0.9/codemodel-4.0.9.jar
[INFO] Downloading from central: https://repo.maven.apache.org/maven2/io/quarkus/quarkus-smallrye-health-deployment/3.37.3/quarkus-smallrye-health-deployment-3.37.3.jar
[INFO] Downloaded from central: https://repo.maven.apache.org/maven2/net/jcip/jcip-annotations/1.0/jcip-annotations-1.0.jar (2.3 kB at 36 kB/s)
[INFO] Downloading from central: https://repo.maven.apache.org/maven2/io/quarkus/quarkus-jsonp-deployment/3.37.3/quarkus-jsonp-deployment-3.37.3.jar
[INFO] Downloaded from central: https://repo.maven.apache.org/maven2/org/glassfish/jaxb/codemodel/4.0.9/codemodel-4.0.9.jar (172 kB at 4.8 MB/s)
[INFO] Downloading from central: https://repo.maven.apache.org/maven2/io/quarkus/quarkus-smallrye-health-spi/3.37.3/quarkus-smallrye-health-spi-3.37.3.jar
[INFO] Downloaded from central: https://repo.maven.apache.org/maven2/io/quarkus/quarkus-smallrye-health-deployment/3.37.3/quarkus-smallrye-health-deployment-3.37.3.jar (41 kB at 1.1 MB/s)
[INFO] Downloading from central: https://repo.maven.apache.org/maven2/io/quarkus/quarkus-smallrye-health-dev/3.37.3/quarkus-smallrye-health-dev-3.37.3.jar
[INFO] Downloaded from central: https://repo.maven.apache.org/maven2/io/quarkus/quarkus-jsonp-deployment/3.37.3/quarkus-jsonp-deployment-3.37.3.jar (10 kB at 318 kB/s)
[INFO] Downloading from central: https://repo.maven.apache.org/maven2/io/smallrye/smallrye-health-ui/4.3.0/smallrye-health-ui-4.3.0.jar
[INFO] Downloaded from central: https://repo.maven.apache.org/maven2/org/jboss/forge/roaster/roaster-jdt/2.28.0.Final/roaster-jdt-2.28.0.Final.jar (9.8 MB at 60 MB/s)
[INFO] Downloading from central: https://repo.maven.apache.org/maven2/io/quarkus/quarkus-micrometer-opentelemetry-deployment/3.37.3/quarkus-micrometer-opentelemetry-deployment-3.37.3.jar
[INFO] Downloaded from central: https://repo.maven.apache.org/maven2/io/quarkus/quarkus-smallrye-health-spi/3.37.3/quarkus-smallrye-health-spi-3.37.3.jar (7.3 kB at 244 kB/s)
[INFO] Downloading from central: https://repo.maven.apache.org/maven2/io/quarkus/quarkus-micrometer-deployment/3.37.3/quarkus-micrometer-deployment-3.37.3.jar
[INFO] Downloaded from central: https://repo.maven.apache.org/maven2/io/quarkus/quarkus-smallrye-health-dev/3.37.3/quarkus-smallrye-health-dev-3.37.3.jar (11 kB at 322 kB/s)
[INFO] Downloading from central: https://repo.maven.apache.org/maven2/io/quarkus/quarkus-undertow-spi/3.37.3/quarkus-undertow-spi-3.37.3.jar
[INFO] Downloaded from central: https://repo.maven.apache.org/maven2/io/smallrye/smallrye-health-ui/4.3.0/smallrye-health-ui-4.3.0.jar (85 kB at 3.2 MB/s)
[INFO] Downloading from central: https://repo.maven.apache.org/maven2/io/quarkus/http/quarkus-http-servlet/5.5.0/quarkus-http-servlet-5.5.0.jar
[INFO] Downloaded from central: https://repo.maven.apache.org/maven2/io/quarkus/quarkus-micrometer-opentelemetry-deployment/3.37.3/quarkus-micrometer-opentelemetry-deployment-3.37.3.jar (17 kB at 585 kB/s)
[INFO] Downloading from central: https://repo.maven.apache.org/maven2/io/quarkus/http/quarkus-http-core/5.5.0/quarkus-http-core-5.5.0.jar
[INFO] Downloaded from central: https://repo.maven.apache.org/maven2/io/quarkus/quarkus-micrometer-deployment/3.37.3/quarkus-micrometer-deployment-3.37.3.jar (64 kB at 2.2 MB/s)
[INFO] Downloading from central: https://repo.maven.apache.org/maven2/io/quarkus/http/quarkus-http-http-core/5.5.0/quarkus-http-http-core-5.5.0.jar
[INFO] Downloaded from central: https://repo.maven.apache.org/maven2/io/quarkus/quarkus-undertow-spi/3.37.3/quarkus-undertow-spi-3.37.3.jar (28 kB at 691 kB/s)
[INFO] Downloading from central: https://repo.maven.apache.org/maven2/jakarta/servlet/jakarta.servlet-api/6.0.0/jakarta.servlet-api-6.0.0.jar
[INFO] Downloaded from central: https://repo.maven.apache.org/maven2/io/quarkus/http/quarkus-http-servlet/5.5.0/quarkus-http-servlet-5.5.0.jar (501 kB at 12 MB/s)
[INFO] Downloading from central: https://repo.maven.apache.org/maven2/org/jboss/metadata/jboss-metadata-web/17.1.0/jboss-metadata-web-17.1.0.jar
[INFO] Downloaded from central: https://repo.maven.apache.org/maven2/io/quarkus/http/quarkus-http-core/5.5.0/quarkus-http-core-5.5.0.jar (921 kB at 22 MB/s)
[INFO] Downloading from central: https://repo.maven.apache.org/maven2/org/jboss/metadata/jboss-metadata-common/17.1.0/jboss-metadata-common-17.1.0.jar
[INFO] Downloaded from central: https://repo.maven.apache.org/maven2/io/quarkus/http/quarkus-http-http-core/5.5.0/quarkus-http-http-core-5.5.0.jar (38 kB at 1.0 MB/s)
[INFO] Downloading from central: https://repo.maven.apache.org/maven2/io/quarkus/quarkus-container-image-docker-deployment/3.37.3/quarkus-container-image-docker-deployment-3.37.3.jar
[INFO] Downloaded from central: https://repo.maven.apache.org/maven2/org/jboss/metadata/jboss-metadata-web/17.1.0/jboss-metadata-web-17.1.0.jar (642 kB at 20 MB/s)
[INFO] Downloading from central: https://repo.maven.apache.org/maven2/io/quarkus/quarkus-container-image-docker-common-deployment/3.37.3/quarkus-container-image-docker-common-deployment-3.37.3.jar
[INFO] Downloaded from central: https://repo.maven.apache.org/maven2/jakarta/servlet/jakarta.servlet-api/6.0.0/jakarta.servlet-api-6.0.0.jar (348 kB at 7.6 MB/s)
[INFO] Downloading from central: https://repo.maven.apache.org/maven2/io/quarkus/quarkus-openshift-deployment/3.37.3/quarkus-openshift-deployment-3.37.3.jar
[INFO] Downloaded from central: https://repo.maven.apache.org/maven2/org/jboss/metadata/jboss-metadata-common/17.1.0/jboss-metadata-common-17.1.0.jar (597 kB at 16 MB/s)
[INFO] Downloading from central: https://repo.maven.apache.org/maven2/io/quarkus/quarkus-container-image-openshift-deployment/3.37.3/quarkus-container-image-openshift-deployment-3.37.3.jar
[INFO] Downloaded from central: https://repo.maven.apache.org/maven2/io/quarkus/quarkus-container-image-docker-deployment/3.37.3/quarkus-container-image-docker-deployment-3.37.3.jar (20 kB at 630 kB/s)
[INFO] Downloading from central: https://repo.maven.apache.org/maven2/io/quarkus/quarkus-kubernetes-client-spi/3.37.3/quarkus-kubernetes-client-spi-3.37.3.jar
[INFO] Downloaded from central: https://repo.maven.apache.org/maven2/io/quarkus/quarkus-container-image-docker-common-deployment/3.37.3/quarkus-container-image-docker-common-deployment-3.37.3.jar (34 kB at 1.0 MB/s)
[INFO] Downloading from central: https://repo.maven.apache.org/maven2/io/dekorate/openshift-annotations/4.1.9/openshift-annotations-4.1.9-noapt.jar
[INFO] Downloaded from central: https://repo.maven.apache.org/maven2/tools/jackson/core/jackson-databind/3.0.2/jackson-databind-3.0.2.jar (1.9 MB at 7.0 MB/s)
[INFO] Downloading from central: https://repo.maven.apache.org/maven2/io/dekorate/dekorate-core/4.1.9/dekorate-core-4.1.9.jar
[INFO] Downloaded from central: https://repo.maven.apache.org/maven2/io/quarkus/quarkus-kubernetes-client-spi/3.37.3/quarkus-kubernetes-client-spi-3.37.3.jar (9.9 kB at 320 kB/s)
[INFO] Downloading from central: https://repo.maven.apache.org/maven2/com/fasterxml/jackson/dataformat/jackson-dataformat-properties/2.22.0/jackson-dataformat-properties-2.22.0.jar
[INFO] Downloaded from central: https://repo.maven.apache.org/maven2/io/quarkus/quarkus-openshift-deployment/3.37.3/quarkus-openshift-deployment-3.37.3.jar (19 kB at 490 kB/s)
[INFO] Downloading from central: https://repo.maven.apache.org/maven2/io/dekorate/option-annotations/4.1.9/option-annotations-4.1.9.jar
[INFO] Downloaded from central: https://repo.maven.apache.org/maven2/com/google/code/findbugs/annotations/3.0.1u2/annotations-3.0.1u2.jar (40 kB at 156 kB/s)
[INFO] Downloading from central: https://repo.maven.apache.org/maven2/io/dekorate/s2i-annotations/4.1.9/s2i-annotations-4.1.9.jar
[INFO] Downloaded from central: https://repo.maven.apache.org/maven2/io/quarkus/quarkus-container-image-openshift-deployment/3.37.3/quarkus-container-image-openshift-deployment-3.37.3.jar (45 kB at 747 kB/s)
[INFO] Downloading from central: https://repo.maven.apache.org/maven2/io/fabric8/openshift-client/7.7.0/openshift-client-7.7.0.jar
[INFO] Downloaded from central: https://repo.maven.apache.org/maven2/io/dekorate/openshift-annotations/4.1.9/openshift-annotations-4.1.9-noapt.jar (94 kB at 2.4 MB/s)
[INFO] Downloading from central: https://repo.maven.apache.org/maven2/io/fabric8/openshift-client-api/7.7.0/openshift-client-api-7.7.0.jar
[INFO] Downloaded from central: https://repo.maven.apache.org/maven2/io/dekorate/option-annotations/4.1.9/option-annotations-4.1.9.jar (34 kB at 867 kB/s)
[INFO] Downloading from central: https://repo.maven.apache.org/maven2/io/fabric8/openshift-model/7.7.0/openshift-model-7.7.0.jar
[INFO] Downloaded from central: https://repo.maven.apache.org/maven2/com/fasterxml/jackson/dataformat/jackson-dataformat-properties/2.22.0/jackson-dataformat-properties-2.22.0.jar (56 kB at 1.3 MB/s)
[INFO] Downloading from central: https://repo.maven.apache.org/maven2/io/fabric8/openshift-model-autoscaling/7.7.0/openshift-model-autoscaling-7.7.0.jar
[INFO] Downloaded from central: https://repo.maven.apache.org/maven2/io/dekorate/dekorate-core/4.1.9/dekorate-core-4.1.9.jar (680 kB at 13 MB/s)
[INFO] Downloading from central: https://repo.maven.apache.org/maven2/io/fabric8/openshift-model-operator/7.7.0/openshift-model-operator-7.7.0.jar
[INFO] Downloaded from central: https://repo.maven.apache.org/maven2/io/fabric8/openshift-client/7.7.0/openshift-client-7.7.0.jar (101 kB at 2.7 MB/s)
[INFO] Downloading from central: https://repo.maven.apache.org/maven2/io/fabric8/openshift-model-operatorhub/7.7.0/openshift-model-operatorhub-7.7.0.jar
[INFO] Downloaded from central: https://repo.maven.apache.org/maven2/io/fabric8/openshift-client-api/7.7.0/openshift-client-api-7.7.0.jar (63 kB at 1.5 MB/s)
[INFO] Downloading from central: https://repo.maven.apache.org/maven2/io/fabric8/openshift-model-machine/7.7.0/openshift-model-machine-7.7.0.jar
[INFO] Downloaded from central: https://repo.maven.apache.org/maven2/io/fabric8/openshift-model-autoscaling/7.7.0/openshift-model-autoscaling-7.7.0.jar (155 kB at 3.4 MB/s)
[INFO] Downloading from central: https://repo.maven.apache.org/maven2/io/fabric8/openshift-model-whereabouts/7.7.0/openshift-model-whereabouts-7.7.0.jar
[INFO] Downloaded from central: https://repo.maven.apache.org/maven2/io/fabric8/openshift-model-operatorhub/7.7.0/openshift-model-operatorhub-7.7.0.jar (1.1 MB at 22 MB/s)
[INFO] Downloading from central: https://repo.maven.apache.org/maven2/io/fabric8/openshift-model-monitoring/7.7.0/openshift-model-monitoring-7.7.0.jar
[INFO] Downloaded from central: https://repo.maven.apache.org/maven2/io/fabric8/openshift-model-whereabouts/7.7.0/openshift-model-whereabouts-7.7.0.jar (120 kB at 2.4 MB/s)
[INFO] Downloading from central: https://repo.maven.apache.org/maven2/io/fabric8/openshift-model-storageversionmigrator/7.7.0/openshift-model-storageversionmigrator-7.7.0.jar
[INFO] Downloaded from central: https://repo.maven.apache.org/maven2/io/fabric8/openshift-model-machine/7.7.0/openshift-model-machine-7.7.0.jar (1.4 MB at 18 MB/s)
[INFO] Downloading from central: https://repo.maven.apache.org/maven2/io/fabric8/openshift-model-tuned/7.7.0/openshift-model-tuned-7.7.0.jar
[INFO] Downloaded from central: https://repo.maven.apache.org/maven2/io/fabric8/openshift-model-operator/7.7.0/openshift-model-operator-7.7.0.jar (3.4 MB at 25 MB/s)
[INFO] Downloading from central: https://repo.maven.apache.org/maven2/io/fabric8/openshift-model-console/7.7.0/openshift-model-console-7.7.0.jar
[INFO] Downloaded from central: https://repo.maven.apache.org/maven2/io/fabric8/openshift-model-console/7.7.0/openshift-model-console-7.7.0.jar (440 kB at 10 MB/s)
[INFO] Downloaded from central: https://repo.maven.apache.org/maven2/io/fabric8/openshift-model-monitoring/7.7.0/openshift-model-monitoring-7.7.0.jar (3.8 MB at 32 MB/s)
[INFO] Downloading from central: https://repo.maven.apache.org/maven2/io/fabric8/openshift-model-config/7.7.0/openshift-model-config-7.7.0.jar
[INFO] Downloading from central: https://repo.maven.apache.org/maven2/io/fabric8/openshift-model-machineconfiguration/7.7.0/openshift-model-machineconfiguration-7.7.0.jar
[INFO] Downloaded from central: https://repo.maven.apache.org/maven2/io/fabric8/openshift-model/7.7.0/openshift-model-7.7.0.jar (5.2 MB at 26 MB/s)
[INFO] Downloading from central: https://repo.maven.apache.org/maven2/io/fabric8/openshift-model-miscellaneous/7.7.0/openshift-model-miscellaneous-7.7.0.jar
[INFO] Downloaded from central: https://repo.maven.apache.org/maven2/io/fabric8/openshift-model-storageversionmigrator/7.7.0/openshift-model-storageversionmigrator-7.7.0.jar (114 kB at 1.0 MB/s)
[INFO] Downloading from central: https://repo.maven.apache.org/maven2/io/fabric8/openshift-model-hive/7.7.0/openshift-model-hive-7.7.0.jar
[INFO] Downloaded from central: https://repo.maven.apache.org/maven2/io/fabric8/openshift-model-machineconfiguration/7.7.0/openshift-model-machineconfiguration-7.7.0.jar (787 kB at 19 MB/s)
[INFO] Downloading from central: https://repo.maven.apache.org/maven2/io/fabric8/openshift-model-installer/7.7.0/openshift-model-installer-7.7.0.jar
[INFO] Downloaded from central: https://repo.maven.apache.org/maven2/io/fabric8/openshift-model-tuned/7.7.0/openshift-model-tuned-7.7.0.jar (167 kB at 1.2 MB/s)
[INFO] Downloading from central: https://repo.maven.apache.org/maven2/io/quarkus/quarkus-minikube-deployment/3.37.3/quarkus-minikube-deployment-3.37.3.jar
[INFO] Downloaded from central: https://repo.maven.apache.org/maven2/io/fabric8/openshift-model-config/7.7.0/openshift-model-config-7.7.0.jar (3.0 MB at 40 MB/s)
[INFO] Downloading from central: https://repo.maven.apache.org/maven2/io/quarkus/quarkus-kubernetes-deployment/3.37.3/quarkus-kubernetes-deployment-3.37.3.jar
[INFO] Downloaded from central: https://repo.maven.apache.org/maven2/io/fabric8/openshift-model-miscellaneous/7.7.0/openshift-model-miscellaneous-7.7.0.jar (2.5 MB at 33 MB/s)
[INFO] Downloading from central: https://repo.maven.apache.org/maven2/io/quarkus/quarkus-container-image-deployment/3.37.3/quarkus-container-image-deployment-3.37.3.jar
[INFO] Downloaded from central: https://repo.maven.apache.org/maven2/io/fabric8/openshift-model-installer/7.7.0/openshift-model-installer-7.7.0.jar (1.3 MB at 27 MB/s)
[INFO] Downloaded from central: https://repo.maven.apache.org/maven2/io/quarkus/quarkus-minikube-deployment/3.37.3/quarkus-minikube-deployment-3.37.3.jar (9.5 kB at 238 kB/s)
[INFO] Downloading from central: https://repo.maven.apache.org/maven2/io/quarkus/quarkus-container-image-spi/3.37.3/quarkus-container-image-spi-3.37.3.jar
[INFO] Downloading from central: https://repo.maven.apache.org/maven2/io/quarkus/quarkus-container-image-util/3.37.3/quarkus-container-image-util-3.37.3.jar
[INFO] Downloaded from central: https://repo.maven.apache.org/maven2/io/quarkus/quarkus-container-image-deployment/3.37.3/quarkus-container-image-deployment-3.37.3.jar (34 kB at 1.3 MB/s)
[INFO] Downloading from central: https://repo.maven.apache.org/maven2/io/quarkus/quarkus-container-image-dev/3.37.3/quarkus-container-image-dev-3.37.3.jar
[INFO] Downloaded from central: https://repo.maven.apache.org/maven2/io/quarkus/quarkus-kubernetes-deployment/3.37.3/quarkus-kubernetes-deployment-3.37.3.jar (371 kB at 9.3 MB/s)
[INFO] Downloading from central: https://repo.maven.apache.org/maven2/io/quarkus/quarkus-kubernetes-spi/3.37.3/quarkus-kubernetes-spi-3.37.3.jar
[INFO] Downloaded from central: https://repo.maven.apache.org/maven2/io/quarkus/quarkus-container-image-util/3.37.3/quarkus-container-image-util-3.37.3.jar (7.2 kB at 231 kB/s)
[INFO] Downloading from central: https://repo.maven.apache.org/maven2/io/quarkus/quarkus-vertx-http-deployment-spi/3.37.3/quarkus-vertx-http-deployment-spi-3.37.3.jar
[INFO] Downloaded from central: https://repo.maven.apache.org/maven2/io/quarkus/quarkus-container-image-spi/3.37.3/quarkus-container-image-spi-3.37.3.jar (16 kB at 469 kB/s)
[INFO] Downloading from central: https://repo.maven.apache.org/maven2/io/quarkus/quarkus-kubernetes-client-internal-deployment/3.37.3/quarkus-kubernetes-client-internal-deployment-3.37.3.jar
[INFO] Downloaded from central: https://repo.maven.apache.org/maven2/io/quarkus/quarkus-kubernetes-spi/3.37.3/quarkus-kubernetes-spi-3.37.3.jar (43 kB at 1.5 MB/s)
[INFO] Downloaded from central: https://repo.maven.apache.org/maven2/io/quarkus/quarkus-container-image-dev/3.37.3/quarkus-container-image-dev-3.37.3.jar (7.8 kB at 228 kB/s)
[INFO] Downloading from central: https://repo.maven.apache.org/maven2/io/fabric8/kubernetes-client/7.7.0/kubernetes-client-7.7.0.jar
[INFO] Downloading from central: https://repo.maven.apache.org/maven2/io/fabric8/kubernetes-client-api/7.7.0/kubernetes-client-api-7.7.0.jar
[INFO] Downloaded from central: https://repo.maven.apache.org/maven2/io/quarkus/quarkus-vertx-http-deployment-spi/3.37.3/quarkus-vertx-http-deployment-spi-3.37.3.jar (18 kB at 577 kB/s)
[INFO] Downloading from central: https://repo.maven.apache.org/maven2/io/fabric8/kubernetes-model-core/7.7.0/kubernetes-model-core-7.7.0.jar
[INFO] Downloaded from central: https://repo.maven.apache.org/maven2/io/dekorate/s2i-annotations/4.1.9/s2i-annotations-4.1.9.jar (44 kB at 113 kB/s)
[INFO] Downloading from central: https://repo.maven.apache.org/maven2/io/fabric8/kubernetes-model-common/7.7.0/kubernetes-model-common-7.7.0.jar
[INFO] Downloaded from central: https://repo.maven.apache.org/maven2/io/quarkus/quarkus-kubernetes-client-internal-deployment/3.37.3/quarkus-kubernetes-client-internal-deployment-3.37.3.jar (9.2 kB at 214 kB/s)
[INFO] Downloading from central: https://repo.maven.apache.org/maven2/io/fabric8/kubernetes-model-gatewayapi/7.7.0/kubernetes-model-gatewayapi-7.7.0.jar
[INFO] Downloaded from central: https://repo.maven.apache.org/maven2/io/fabric8/kubernetes-client-api/7.7.0/kubernetes-client-api-7.7.0.jar (509 kB at 13 MB/s)
[INFO] Downloading from central: https://repo.maven.apache.org/maven2/io/fabric8/kubernetes-model-resource/7.7.0/kubernetes-model-resource-7.7.0.jar
[INFO] Downloaded from central: https://repo.maven.apache.org/maven2/io/fabric8/kubernetes-client/7.7.0/kubernetes-client-7.7.0.jar (412 kB at 10 MB/s)
[INFO] Downloading from central: https://repo.maven.apache.org/maven2/io/fabric8/kubernetes-model-rbac/7.7.0/kubernetes-model-rbac-7.7.0.jar
[INFO] Downloaded from central: https://repo.maven.apache.org/maven2/io/fabric8/kubernetes-model-core/7.7.0/kubernetes-model-core-7.7.0.jar (3.3 MB at 49 MB/s)
[INFO] Downloading from central: https://repo.maven.apache.org/maven2/io/fabric8/kubernetes-model-admissionregistration/7.7.0/kubernetes-model-admissionregistration-7.7.0.jar
[INFO] Downloaded from central: https://repo.maven.apache.org/maven2/io/fabric8/kubernetes-model-rbac/7.7.0/kubernetes-model-rbac-7.7.0.jar (147 kB at 2.7 MB/s)
[INFO] Downloaded from central: https://repo.maven.apache.org/maven2/io/fabric8/kubernetes-model-common/7.7.0/kubernetes-model-common-7.7.0.jar (63 kB at 841 kB/s)
[INFO] Downloading from central: https://repo.maven.apache.org/maven2/io/fabric8/kubernetes-model-apps/7.7.0/kubernetes-model-apps-7.7.0.jar
[INFO] Downloaded from central: https://repo.maven.apache.org/maven2/io/fabric8/kubernetes-model-resource/7.7.0/kubernetes-model-resource-7.7.0.jar (2.0 MB at 35 MB/s)
[INFO] Downloading from central: https://repo.maven.apache.org/maven2/io/fabric8/kubernetes-model-autoscaling/7.7.0/kubernetes-model-autoscaling-7.7.0.jar
[INFO] Downloading from central: https://repo.maven.apache.org/maven2/io/fabric8/kubernetes-model-apiextensions/7.7.0/kubernetes-model-apiextensions-7.7.0.jar
[INFO] Downloaded from central: https://repo.maven.apache.org/maven2/io/fabric8/kubernetes-model-admissionregistration/7.7.0/kubernetes-model-admissionregistration-7.7.0.jar (1.4 MB at 27 MB/s)
[INFO] Downloading from central: https://repo.maven.apache.org/maven2/io/fabric8/kubernetes-model-batch/7.7.0/kubernetes-model-batch-7.7.0.jar
[INFO] Downloaded from central: https://repo.maven.apache.org/maven2/io/fabric8/kubernetes-model-apps/7.7.0/kubernetes-model-apps-7.7.0.jar (336 kB at 7.8 MB/s)
[INFO] Downloading from central: https://repo.maven.apache.org/maven2/io/fabric8/kubernetes-model-certificates/7.7.0/kubernetes-model-certificates-7.7.0.jar
[INFO] Downloaded from central: https://repo.maven.apache.org/maven2/io/fabric8/kubernetes-model-apiextensions/7.7.0/kubernetes-model-apiextensions-7.7.0.jar (595 kB at 13 MB/s)
[INFO] Downloading from central: https://repo.maven.apache.org/maven2/io/fabric8/kubernetes-model-coordination/7.7.0/kubernetes-model-coordination-7.7.0.jar
[INFO] Downloaded from central: https://repo.maven.apache.org/maven2/io/fabric8/kubernetes-model-batch/7.7.0/kubernetes-model-batch-7.7.0.jar (252 kB at 8.4 MB/s)
[INFO] Downloading from central: https://repo.maven.apache.org/maven2/io/fabric8/kubernetes-model-discovery/7.7.0/kubernetes-model-discovery-7.7.0.jar
[INFO] Downloaded from central: https://repo.maven.apache.org/maven2/io/fabric8/kubernetes-model-coordination/7.7.0/kubernetes-model-coordination-7.7.0.jar (98 kB at 3.0 MB/s)
[INFO] Downloaded from central: https://repo.maven.apache.org/maven2/io/fabric8/kubernetes-model-certificates/7.7.0/kubernetes-model-certificates-7.7.0.jar (221 kB at 6.0 MB/s)
[INFO] Downloading from central: https://repo.maven.apache.org/maven2/io/fabric8/kubernetes-model-events/7.7.0/kubernetes-model-events-7.7.0.jar
[INFO] Downloading from central: https://repo.maven.apache.org/maven2/io/fabric8/kubernetes-model-extensions/7.7.0/kubernetes-model-extensions-7.7.0.jar
[INFO] Downloaded from central: https://repo.maven.apache.org/maven2/io/fabric8/kubernetes-model-discovery/7.7.0/kubernetes-model-discovery-7.7.0.jar (166 kB at 4.4 MB/s)
[INFO] Downloading from central: https://repo.maven.apache.org/maven2/io/fabric8/kubernetes-model-flowcontrol/7.7.0/kubernetes-model-flowcontrol-7.7.0.jar
[INFO] Downloaded from central: https://repo.maven.apache.org/maven2/io/fabric8/kubernetes-model-extensions/7.7.0/kubernetes-model-extensions-7.7.0.jar (608 kB at 15 MB/s)
[INFO] Downloaded from central: https://repo.maven.apache.org/maven2/io/fabric8/kubernetes-model-events/7.7.0/kubernetes-model-events-7.7.0.jar (80 kB at 2.0 MB/s)
[INFO] Downloading from central: https://repo.maven.apache.org/maven2/io/fabric8/kubernetes-model-metrics/7.7.0/kubernetes-model-metrics-7.7.0.jar
[INFO] Downloading from central: https://repo.maven.apache.org/maven2/io/fabric8/kubernetes-model-networking/7.7.0/kubernetes-model-networking-7.7.0.jar
[INFO] Downloaded from central: https://repo.maven.apache.org/maven2/io/fabric8/kubernetes-model-flowcontrol/7.7.0/kubernetes-model-flowcontrol-7.7.0.jar (874 kB at 19 MB/s)
[INFO] Downloading from central: https://repo.maven.apache.org/maven2/io/fabric8/kubernetes-model-policy/7.7.0/kubernetes-model-policy-7.7.0.jar
[INFO] Downloaded from central: https://repo.maven.apache.org/maven2/io/fabric8/kubernetes-model-metrics/7.7.0/kubernetes-model-metrics-7.7.0.jar (60 kB at 1.8 MB/s)
[INFO] Downloading from central: https://repo.maven.apache.org/maven2/io/fabric8/kubernetes-model-scheduling/7.7.0/kubernetes-model-scheduling-7.7.0.jar
[INFO] Downloaded from central: https://repo.maven.apache.org/maven2/io/fabric8/kubernetes-model-networking/7.7.0/kubernetes-model-networking-7.7.0.jar (563 kB at 15 MB/s)
[INFO] Downloading from central: https://repo.maven.apache.org/maven2/io/fabric8/kubernetes-model-storageclass/7.7.0/kubernetes-model-storageclass-7.7.0.jar
[INFO] Downloaded from central: https://repo.maven.apache.org/maven2/io/fabric8/kubernetes-model-policy/7.7.0/kubernetes-model-policy-7.7.0.jar (280 kB at 9.3 MB/s)
[INFO] Downloading from central: https://repo.maven.apache.org/maven2/io/fabric8/kubernetes-model-node/7.7.0/kubernetes-model-node-7.7.0.jar
[INFO] Downloaded from central: https://repo.maven.apache.org/maven2/io/fabric8/kubernetes-model-scheduling/7.7.0/kubernetes-model-scheduling-7.7.0.jar (255 kB at 7.7 MB/s)
[INFO] Downloading from central: https://repo.maven.apache.org/maven2/org/snakeyaml/snakeyaml-engine/3.0.1/snakeyaml-engine-3.0.1.jar
[INFO] Downloaded from central: https://repo.maven.apache.org/maven2/io/fabric8/kubernetes-model-storageclass/7.7.0/kubernetes-model-storageclass-7.7.0.jar (575 kB at 14 MB/s)
[INFO] Downloading from central: https://repo.maven.apache.org/maven2/io/fabric8/zjsonpatch/7.7.0/zjsonpatch-7.7.0.jar
[INFO] Downloaded from central: https://repo.maven.apache.org/maven2/io/fabric8/kubernetes-model-node/7.7.0/kubernetes-model-node-7.7.0.jar (131 kB at 3.4 MB/s)
[INFO] Downloading from central: https://repo.maven.apache.org/maven2/io/fabric8/kubernetes-httpclient-vertx/7.7.0/kubernetes-httpclient-vertx-7.7.0.jar
[INFO] Downloaded from central: https://repo.maven.apache.org/maven2/org/snakeyaml/snakeyaml-engine/3.0.1/snakeyaml-engine-3.0.1.jar (299 kB at 8.8 MB/s)
[INFO] Downloading from central: https://repo.maven.apache.org/maven2/io/vertx/vertx-web-client/4.5.28/vertx-web-client-4.5.28.jar
[INFO] Downloaded from central: https://repo.maven.apache.org/maven2/io/fabric8/zjsonpatch/7.7.0/zjsonpatch-7.7.0.jar (37 kB at 1.0 MB/s)
[INFO] Downloading from central: https://repo.maven.apache.org/maven2/io/quarkus/quarkus-devservices-deployment/3.37.3/quarkus-devservices-deployment-3.37.3.jar
[INFO] Downloaded from central: https://repo.maven.apache.org/maven2/io/fabric8/kubernetes-httpclient-vertx/7.7.0/kubernetes-httpclient-vertx-7.7.0.jar (32 kB at 1.1 MB/s)
[INFO] Downloading from central: https://repo.maven.apache.org/maven2/io/dekorate/kubernetes-annotations/4.1.9/kubernetes-annotations-4.1.9-noapt.jar
[INFO] Downloaded from central: https://repo.maven.apache.org/maven2/io/vertx/vertx-web-client/4.5.28/vertx-web-client-4.5.28.jar (116 kB at 3.2 MB/s)
[INFO] Downloading from central: https://repo.maven.apache.org/maven2/io/dekorate/docker-annotations/4.1.9/docker-annotations-4.1.9.jar
[INFO] Downloaded from central: https://repo.maven.apache.org/maven2/io/quarkus/quarkus-devservices-deployment/3.37.3/quarkus-devservices-deployment-3.37.3.jar (71 kB at 1.9 MB/s)
[INFO] Downloading from central: https://repo.maven.apache.org/maven2/io/dekorate/knative-annotations/4.1.9/knative-annotations-4.1.9-noapt.jar
[INFO] Downloaded from central: https://repo.maven.apache.org/maven2/io/dekorate/kubernetes-annotations/4.1.9/kubernetes-annotations-4.1.9-noapt.jar (535 kB at 12 MB/s)
[INFO] Downloading from central: https://repo.maven.apache.org/maven2/io/fabric8/knative-client/7.7.0/knative-client-7.7.0.jar
[INFO] Downloaded from central: https://repo.maven.apache.org/maven2/io/dekorate/docker-annotations/4.1.9/docker-annotations-4.1.9.jar (20 kB at 448 kB/s)
[INFO] Downloading from central: https://repo.maven.apache.org/maven2/io/fabric8/knative-model/7.7.0/knative-model-7.7.0.jar
[INFO] Downloaded from central: https://repo.maven.apache.org/maven2/io/dekorate/knative-annotations/4.1.9/knative-annotations-4.1.9-noapt.jar (117 kB at 3.0 MB/s)
[INFO] Downloading from central: https://repo.maven.apache.org/maven2/io/dekorate/prometheus-annotations/4.1.9/prometheus-annotations-4.1.9-noapt.jar
[INFO] Downloaded from central: https://repo.maven.apache.org/maven2/io/fabric8/knative-client/7.7.0/knative-client-7.7.0.jar (15 kB at 420 kB/s)
[INFO] Downloading from central: https://repo.maven.apache.org/maven2/io/quarkiverse/helm/quarkus-helm-deployment/1.4.1/quarkus-helm-deployment-1.4.1.jar
[INFO] Downloaded from central: https://repo.maven.apache.org/maven2/io/fabric8/kubernetes-model-autoscaling/7.7.0/kubernetes-model-autoscaling-7.7.0.jar (782 kB at 2.2 MB/s)
[INFO] Downloading from central: https://repo.maven.apache.org/maven2/io/quarkiverse/helm/quarkus-helm-spi/1.4.1/quarkus-helm-spi-1.4.1.jar
[INFO] Downloaded from central: https://repo.maven.apache.org/maven2/io/dekorate/prometheus-annotations/4.1.9/prometheus-annotations-4.1.9-noapt.jar (43 kB at 867 kB/s)
[INFO] Downloading from central: https://repo.maven.apache.org/maven2/io/quarkiverse/helm/quarkus-helm-model/1.4.1/quarkus-helm-model-1.4.1.jar
[INFO] Downloaded from central: https://repo.maven.apache.org/maven2/io/quarkiverse/helm/quarkus-helm-deployment/1.4.1/quarkus-helm-deployment-1.4.1.jar (85 kB at 2.2 MB/s)
[INFO] Downloading from central: https://repo.maven.apache.org/maven2/io/github/yaml-path/yaml-path/0.0.12/yaml-path-0.0.12.jar
[INFO] Downloaded from central: https://repo.maven.apache.org/maven2/io/quarkiverse/helm/quarkus-helm-spi/1.4.1/quarkus-helm-spi-1.4.1.jar (10 kB at 270 kB/s)
[INFO] Downloading from central: https://repo.maven.apache.org/maven2/io/quarkus/quarkus-rest-qute-deployment/3.37.3/quarkus-rest-qute-deployment-3.37.3.jar
[INFO] Downloaded from central: https://repo.maven.apache.org/maven2/io/github/yaml-path/yaml-path/0.0.12/yaml-path-0.0.12.jar (37 kB at 1.1 MB/s)
[INFO] Downloading from central: https://repo.maven.apache.org/maven2/io/quarkus/quarkus-opentelemetry-deployment/3.37.3/quarkus-opentelemetry-deployment-3.37.3.jar
[INFO] Downloaded from central: https://repo.maven.apache.org/maven2/io/quarkiverse/helm/quarkus-helm-model/1.4.1/quarkus-helm-model-1.4.1.jar (9.2 kB at 229 kB/s)
[INFO] Downloading from central: https://repo.maven.apache.org/maven2/io/quarkus/quarkus-tls-registry-deployment/3.37.3/quarkus-tls-registry-deployment-3.37.3.jar
[INFO] Downloaded from central: https://repo.maven.apache.org/maven2/io/quarkus/quarkus-rest-qute-deployment/3.37.3/quarkus-rest-qute-deployment-3.37.3.jar (13 kB at 352 kB/s)
[INFO] Downloading from central: https://repo.maven.apache.org/maven2/io/quarkus/quarkus-tls-registry-deployment-spi/3.37.3/quarkus-tls-registry-deployment-spi-3.37.3.jar
[INFO] Downloaded from central: https://repo.maven.apache.org/maven2/io/quarkus/quarkus-tls-registry-deployment/3.37.3/quarkus-tls-registry-deployment-3.37.3.jar (16 kB at 431 kB/s)
[INFO] Downloaded from central: https://repo.maven.apache.org/maven2/io/quarkus/quarkus-opentelemetry-deployment/3.37.3/quarkus-opentelemetry-deployment-3.37.3.jar (66 kB at 1.7 MB/s)
[INFO] Downloading from central: https://repo.maven.apache.org/maven2/io/quarkus/quarkus-vertx-deployment/3.37.3/quarkus-vertx-deployment-3.37.3.jar
[INFO] Downloaded from central: https://repo.maven.apache.org/maven2/io/fabric8/knative-model/7.7.0/knative-model-7.7.0.jar (4.3 MB at 31 MB/s)
[INFO] Downloading from central: https://repo.maven.apache.org/maven2/io/quarkus/quarkus-netty-deployment/3.37.3/quarkus-netty-deployment-3.37.3.jar
[INFO] Downloading from central: https://repo.maven.apache.org/maven2/io/quarkus/quarkus-jackson-spi/3.37.3/quarkus-jackson-spi-3.37.3.jar
[INFO] Downloaded from central: https://repo.maven.apache.org/maven2/io/quarkus/quarkus-tls-registry-deployment-spi/3.37.3/quarkus-tls-registry-deployment-spi-3.37.3.jar (7.7 kB at 267 kB/s)
[INFO] Downloading from central: https://repo.maven.apache.org/maven2/io/quarkus/quarkus-vertx-deployment-spi/3.37.3/quarkus-vertx-deployment-spi-3.37.3.jar
[INFO] Downloaded from central: https://repo.maven.apache.org/maven2/io/quarkus/quarkus-netty-deployment/3.37.3/quarkus-netty-deployment-3.37.3.jar (38 kB at 1.2 MB/s)
[INFO] Downloading from central: https://repo.maven.apache.org/maven2/io/quarkus/quarkus-grpc-common-deployment/3.37.3/quarkus-grpc-common-deployment-3.37.3.jar
[INFO] Downloaded from central: https://repo.maven.apache.org/maven2/io/quarkus/quarkus-vertx-deployment/3.37.3/quarkus-vertx-deployment-3.37.3.jar (57 kB at 1.7 MB/s)
[INFO] Downloading from central: https://repo.maven.apache.org/maven2/io/quarkus/quarkus-rest-server-spi-deployment/3.37.3/quarkus-rest-server-spi-deployment-3.37.3.jar
[INFO] Downloaded from central: https://repo.maven.apache.org/maven2/io/quarkus/quarkus-jackson-spi/3.37.3/quarkus-jackson-spi-3.37.3.jar (9.7 kB at 263 kB/s)
[INFO] Downloading from central: https://repo.maven.apache.org/maven2/io/quarkus/quarkus-info-deployment/3.37.3/quarkus-info-deployment-3.37.3.jar
[INFO] Downloaded from central: https://repo.maven.apache.org/maven2/io/quarkus/quarkus-vertx-deployment-spi/3.37.3/quarkus-vertx-deployment-spi-3.37.3.jar (7.1 kB at 178 kB/s)
[INFO] Downloading from central: https://repo.maven.apache.org/maven2/io/quarkus/quarkus-info-deployment-spi/3.37.3/quarkus-info-deployment-spi-3.37.3.jar
[INFO] Downloaded from central: https://repo.maven.apache.org/maven2/io/quarkus/quarkus-grpc-common-deployment/3.37.3/quarkus-grpc-common-deployment-3.37.3.jar (13 kB at 334 kB/s)
[INFO] Downloading from central: https://repo.maven.apache.org/maven2/org/eclipse/jgit/org.eclipse.jgit/7.6.0.202603022253-r/org.eclipse.jgit-7.6.0.202603022253-r.jar
[INFO] Downloaded from central: https://repo.maven.apache.org/maven2/io/quarkus/quarkus-info-deployment/3.37.3/quarkus-info-deployment-3.37.3.jar (37 kB at 1.0 MB/s)
[INFO] Downloaded from central: https://repo.maven.apache.org/maven2/io/quarkus/quarkus-rest-server-spi-deployment/3.37.3/quarkus-rest-server-spi-deployment-3.37.3.jar (16 kB at 351 kB/s)
[INFO] Downloaded from central: https://repo.maven.apache.org/maven2/io/quarkus/quarkus-info-deployment-spi/3.37.3/quarkus-info-deployment-spi-3.37.3.jar (7.7 kB at 188 kB/s)
[INFO] Downloaded from central: https://repo.maven.apache.org/maven2/org/eclipse/jgit/org.eclipse.jgit/7.6.0.202603022253-r/org.eclipse.jgit-7.6.0.202603022253-r.jar (3.4 MB at 28 MB/s)
[INFO] Downloaded from central: https://repo.maven.apache.org/maven2/org/openapitools/openapi-generator/7.23.0/openapi-generator-7.23.0.jar (7.4 MB at 3.2 MB/s)
[INFO] Downloaded from central: https://repo.maven.apache.org/maven2/io/fabric8/openshift-model-hive/7.7.0/openshift-model-hive-7.7.0.jar (2.2 MB at 1.1 MB/s)
[INFO] Downloaded from central: https://repo.maven.apache.org/maven2/io/fabric8/kubernetes-model-gatewayapi/7.7.0/kubernetes-model-gatewayapi-7.7.0.jar (1.5 MB at 718 kB/s)
[INFO] [io.quarkiverse.openapi.server.generator.deployment.codegen.openapitools.OpenAPIToolsServerCodegen] Generating server side code for: /w/src/main/resources/openapi/openapi.yml
[INFO] Generating with dryRun=false
[WARNING] OpenAPI 3.1 support is still in beta. To report an issue related to 3.1 spec, please kindly open an issue in the Github repo: https://github.com/openAPITools/openapi-generator.
[INFO] No .openapi-generator-ignore file found.
[INFO] OpenAPI Generator: quarkus-openapi-generator-server (client)
[INFO] Generator 'quarkus-openapi-generator-server' is considered stable.
[INFO] Environment variable JAVA_POST_PROCESS_FILE not defined so the Java code may not be properly formatted. To define it, try 'export JAVA_POST_PROCESS_FILE="/usr/local/bin/clang-format -i"' (Linux/Mac)
[INFO] NOTE: To enable file post-processing, 'enablePostProcessFile' must be set to `true` (--enable-post-process-file for CLI).
[INFO] Processing operation getAllVillains
[INFO] Processing operation replaceAllVillains
[INFO] Processing operation createVillain
[INFO] Processing operation deleteAllVillains
[INFO] Processing operation hello
[INFO] Processing operation getRandomVillain
[INFO] Processing operation getVillain
[INFO] Processing operation fullyUpdateVillain
[INFO] Processing operation deleteVillain
[INFO] Processing operation partiallyUpdateVillain
[WARNING] OpenAPI 3.1 support is still in beta. To report an issue related to 3.1 spec, please kindly open an issue in the Github repo: https://github.com/openAPITools/openapi-generator.
[INFO] 'host' (OAS 2.0) or 'servers' (OAS 3.0) not defined in the spec. Default to [http://localhost] for server URL [http://localhost/]
[INFO] 'host' (OAS 2.0) or 'servers' (OAS 3.0) not defined in the spec. Default to [http://localhost] for server URL [http://localhost/]
[INFO] writing file /w/target/generated-sources/quarkus-openapi-generator-server/io/quarkus/sample/superheroes/villain/api/model/Villain.java
[INFO] Skipped /w/target/generated-sources/quarkus-openapi-generator-server/docs/Villain.md (Skipped by modelDocs options supplied by user.)
[INFO] writing file /w/target/generated-sources/quarkus-openapi-generator-server/io/quarkus/sample/superheroes/villain/api/model/VillainPatch.java
[INFO] Skipped /w/target/generated-sources/quarkus-openapi-generator-server/docs/VillainPatch.md (Skipped by modelDocs options supplied by user.)
[WARNING] Failed to get the schema name: null
[WARNING] Ignoring complex example on request body
[WARNING] No application/json content media type found in response. Response examples can currently only be generated for application/json media type.
[INFO] 'host' (OAS 2.0) or 'servers' (OAS 3.0) not defined in the spec. Default to [http://localhost] for server URL [http://localhost/]
[INFO] writing file /w/target/generated-sources/quarkus-openapi-generator-server/io/quarkus/sample/superheroes/villain/api/resources/HelloResource.java
[INFO] Skipped /w/target/generated-sources/quarkus-openapi-generator-server/io/quarkus/sample/superheroes/villain/api/resources/HelloResourceTest.java (Skipped by apiTests options supplied by user.)
[INFO] Skipped /w/target/generated-sources/quarkus-openapi-generator-server/docs/HelloResource.md (Skipped by apiDocs options supplied by user.)
[INFO] 'host' (OAS 2.0) or 'servers' (OAS 3.0) not defined in the spec. Default to [http://localhost] for server URL [http://localhost/]
[INFO] writing file /w/target/generated-sources/quarkus-openapi-generator-server/io/quarkus/sample/superheroes/villain/api/resources/VillainsResource.java
[INFO] Skipped /w/target/generated-sources/quarkus-openapi-generator-server/io/quarkus/sample/superheroes/villain/api/resources/VillainsResourceTest.java (Skipped by apiTests options supplied by user.)
[INFO] Skipped /w/target/generated-sources/quarkus-openapi-generator-server/docs/VillainsResource.md (Skipped by apiDocs options supplied by user.)
[INFO] Skipping generation of Webhooks.
[INFO] 'host' (OAS 2.0) or 'servers' (OAS 3.0) not defined in the spec. Default to [http://localhost] for server URL [http://localhost/]
[INFO] writing file /w/target/generated-sources/quarkus-openapi-generator-server/.openapi-generator-ignore
[INFO] writing file /w/target/generated-sources/quarkus-openapi-generator-server/.openapi-generator/VERSION
[INFO] writing file /w/target/generated-sources/quarkus-openapi-generator-server/.openapi-generator/FILES
############################################################################################
# Thanks for using OpenAPI Generator.                                                      #
# We appreciate your support! Please consider donation to help us maintain this project.   #
# https://opencollective.com/openapi_generator/donate                                      #
############################################################################################
[INFO] [io.quarkiverse.openapi.server.generator.deployment.codegen.openapitools.OpenAPIToolsServerCodegen] Generated file: /w/target/generated-sources/quarkus-openapi-generator-server/io/quarkus/sample/superheroes/villain/api/model/Villain.java
[INFO] [io.quarkiverse.openapi.server.generator.deployment.codegen.openapitools.OpenAPIToolsServerCodegen] Generated file: /w/target/generated-sources/quarkus-openapi-generator-server/io/quarkus/sample/superheroes/villain/api/model/VillainPatch.java
[INFO] [io.quarkiverse.openapi.server.generator.deployment.codegen.openapitools.OpenAPIToolsServerCodegen] Generated file: /w/target/generated-sources/quarkus-openapi-generator-server/io/quarkus/sample/superheroes/villain/api/resources/HelloResource.java
[INFO] [io.quarkiverse.openapi.server.generator.deployment.codegen.openapitools.OpenAPIToolsServerCodegen] Generated file: /w/target/generated-sources/quarkus-openapi-generator-server/io/quarkus/sample/superheroes/villain/api/resources/VillainsResource.java
[INFO] [io.quarkiverse.openapi.server.generator.deployment.codegen.openapitools.OpenAPIToolsServerCodegen] Generated file: /w/target/generated-sources/quarkus-openapi-generator-server/.openapi-generator-ignore
[INFO] [io.quarkiverse.openapi.server.generator.deployment.codegen.openapitools.OpenAPIToolsServerCodegen] Generated file: /w/target/generated-sources/quarkus-openapi-generator-server/.openapi-generator/VERSION
[INFO] [io.quarkiverse.openapi.server.generator.deployment.codegen.openapitools.OpenAPIToolsServerCodegen] Generated file: /w/target/generated-sources/quarkus-openapi-generator-server/.openapi-generator/FILES
[INFO] 
[INFO] --- compiler:3.15.0:compile (default-compile) @ rest-villains ---
[INFO] Downloading from central: https://repo.maven.apache.org/maven2/org/mapstruct/mapstruct-processor/1.6.3/mapstruct-processor-1.6.3.pom
[INFO] Downloaded from central: https://repo.maven.apache.org/maven2/org/mapstruct/mapstruct-processor/1.6.3/mapstruct-processor-1.6.3.pom (3.2 kB at 73 kB/s)
[INFO] Downloading from central: https://repo.maven.apache.org/maven2/org/mapstruct/mapstruct-processor/1.6.3/mapstruct-processor-1.6.3.jar
[INFO] Downloaded from central: https://repo.maven.apache.org/maven2/org/mapstruct/mapstruct-processor/1.6.3/mapstruct-processor-1.6.3.jar (2.5 MB at 2.2 MB/s)
[INFO] Recompiling the module because of changed source code.
[INFO] Compiling 15 source files with javac [debug release 25] to target/classes
[INFO] 
[INFO] --- quarkus:3.37.3:generate-code-tests (default) @ rest-villains ---
Downloading from central: https://repo.maven.apache.org/maven2/io/quarkus/quarkus-vertx-kotlin/3.37.3/quarkus-vertx-kotlin-3.37.3.jar
Downloaded from central: https://repo.maven.apache.org/maven2/io/quarkus/quarkus-vertx-kotlin/3.37.3/quarkus-vertx-kotlin-3.37.3.jar (15 kB at 130 kB/s)
Downloading from central: https://repo.maven.apache.org/maven2/io/quarkus/quarkus-rest-kotlin/3.37.3/quarkus-rest-kotlin-3.37.3.pom
Downloaded from central: https://repo.maven.apache.org/maven2/io/quarkus/quarkus-rest-kotlin/3.37.3/quarkus-rest-kotlin-3.37.3.pom (5.2 kB at 122 kB/s)
Downloading from central: https://repo.maven.apache.org/maven2/io/quarkus/quarkus-rest-kotlin-parent/3.37.3/quarkus-rest-kotlin-parent-3.37.3.pom
Downloaded from central: https://repo.maven.apache.org/maven2/io/quarkus/quarkus-rest-kotlin-parent/3.37.3/quarkus-rest-kotlin-parent-3.37.3.pom (752 B at 17 kB/s)
Downloading from central: https://repo.maven.apache.org/maven2/io/quarkus/quarkus-vertx-kotlin/3.37.3/quarkus-vertx-kotlin-3.37.3.pom
Downloaded from central: https://repo.maven.apache.org/maven2/io/quarkus/quarkus-vertx-kotlin/3.37.3/quarkus-vertx-kotlin-3.37.3.pom (4.8 kB at 120 kB/s)
Downloading from central: https://repo.maven.apache.org/maven2/io/quarkus/quarkus-vertx-kotlin-parent/3.37.3/quarkus-vertx-kotlin-parent-3.37.3.pom
Downloaded from central: https://repo.maven.apache.org/maven2/io/quarkus/quarkus-vertx-kotlin-parent/3.37.3/quarkus-vertx-kotlin-parent-3.37.3.pom (696 B at 16 kB/s)
Downloading from central: https://repo.maven.apache.org/maven2/io/quarkus/quarkus-observability-devservices-deployment/3.37.3/quarkus-observability-devservices-deployment-3.37.3.pom
Downloading from central: https://repo.maven.apache.org/maven2/io/quarkus/quarkus-jacoco-deployment/3.37.3/quarkus-jacoco-deployment-3.37.3.pom
Downloading from central: https://repo.maven.apache.org/maven2/io/quarkiverse/pact/quarkus-pact-provider-deployment/1.6.0/quarkus-pact-provider-deployment-1.6.0.pom
Downloaded from central: https://repo.maven.apache.org/maven2/io/quarkus/quarkus-observability-devservices-deployment/3.37.3/quarkus-observability-devservices-deployment-3.37.3.pom (3.3 kB at 82 kB/s)
Downloading from central: https://repo.maven.apache.org/maven2/io/quarkiverse/playwright/quarkus-playwright-deployment/2.3.7/quarkus-playwright-deployment-2.3.7.pom
Downloading from central: https://repo.maven.apache.org/maven2/io/quarkus/quarkus-rest-kotlin-deployment/3.37.3/quarkus-rest-kotlin-deployment-3.37.3.pom
Downloading from central: https://repo.maven.apache.org/maven2/io/quarkus/quarkus-vertx-kotlin-deployment/3.37.3/quarkus-vertx-kotlin-deployment-3.37.3.pom
Downloaded from central: https://repo.maven.apache.org/maven2/io/quarkiverse/playwright/quarkus-playwright-deployment/2.3.7/quarkus-playwright-deployment-2.3.7.pom (2.5 kB at 50 kB/s)
Downloaded from central: https://repo.maven.apache.org/maven2/io/quarkus/quarkus-jacoco-deployment/3.37.3/quarkus-jacoco-deployment-3.37.3.pom (2.2 kB at 18 kB/s)
Downloaded from central: https://repo.maven.apache.org/maven2/io/quarkiverse/pact/quarkus-pact-provider-deployment/1.6.0/quarkus-pact-provider-deployment-1.6.0.pom (1.8 kB at 17 kB/s)
Downloaded from central: https://repo.maven.apache.org/maven2/io/quarkus/quarkus-vertx-kotlin-deployment/3.37.3/quarkus-vertx-kotlin-deployment-3.37.3.pom (2.1 kB at 22 kB/s)
Downloaded from central: https://repo.maven.apache.org/maven2/io/quarkus/quarkus-rest-kotlin-deployment/3.37.3/quarkus-rest-kotlin-deployment-3.37.3.pom (1.9 kB at 20 kB/s)
Downloading from central: https://repo.maven.apache.org/maven2/org/jetbrains/kotlin/kotlin-stdlib-common/2.0.10/kotlin-stdlib-common-2.0.10.pom
Downloaded from central: https://repo.maven.apache.org/maven2/org/jetbrains/kotlin/kotlin-stdlib-common/2.0.10/kotlin-stdlib-common-2.0.10.pom (1.8 kB at 43 kB/s)
Downloading from central: https://repo.maven.apache.org/maven2/io/quarkus/quarkus-kotlin-deployment/3.37.3/quarkus-kotlin-deployment-3.37.3.pom
Downloaded from central: https://repo.maven.apache.org/maven2/io/quarkus/quarkus-kotlin-deployment/3.37.3/quarkus-kotlin-deployment-3.37.3.pom (2.1 kB at 44 kB/s)
Downloading from central: https://repo.maven.apache.org/maven2/org/jetbrains/kotlin/kotlin-compiler/2.4.0/kotlin-compiler-2.4.0.pom
Downloaded from central: https://repo.maven.apache.org/maven2/org/jetbrains/kotlin/kotlin-compiler/2.4.0/kotlin-compiler-2.4.0.pom (2.3 kB at 57 kB/s)
Downloading from central: https://repo.maven.apache.org/maven2/org/jetbrains/kotlin/kotlin-script-runtime/2.4.0/kotlin-script-runtime-2.4.0.pom
Downloaded from central: https://repo.maven.apache.org/maven2/org/jetbrains/kotlin/kotlin-script-runtime/2.4.0/kotlin-script-runtime-2.4.0.pom (1.1 kB at 28 kB/s)
Downloading from central: https://repo.maven.apache.org/maven2/org/jetbrains/kotlin/kotlin-build-tools-api/2.4.0/kotlin-build-tools-api-2.4.0.pom
Downloaded from central: https://repo.maven.apache.org/maven2/org/jetbrains/kotlin/kotlin-build-tools-api/2.4.0/kotlin-build-tools-api-2.4.0.pom (1.1 kB at 28 kB/s)
Downloading from central: https://repo.maven.apache.org/maven2/io/quarkus/quarkus-rest-kotlin-deployment/3.37.3/quarkus-rest-kotlin-deployment-3.37.3.jar
Downloading from central: https://repo.maven.apache.org/maven2/io/quarkus/quarkus-observability-devservices-deployment/3.37.3/quarkus-observability-devservices-deployment-3.37.3.jar
Downloading from central: https://repo.maven.apache.org/maven2/io/quarkus/quarkus-vertx-kotlin-deployment/3.37.3/quarkus-vertx-kotlin-deployment-3.37.3.jar
Downloading from central: https://repo.maven.apache.org/maven2/io/quarkus/quarkus-jacoco-deployment/3.37.3/quarkus-jacoco-deployment-3.37.3.jar
Downloading from central: https://repo.maven.apache.org/maven2/io/quarkus/quarkus-kotlin-deployment/3.37.3/quarkus-kotlin-deployment-3.37.3.jar
Downloading from central: https://repo.maven.apache.org/maven2/org/jetbrains/kotlin/kotlin-compiler/2.4.0/kotlin-compiler-2.4.0.jar
Downloading from central: https://repo.maven.apache.org/maven2/io/quarkiverse/pact/quarkus-pact-provider-deployment/1.6.0/quarkus-pact-provider-deployment-1.6.0.jar
Downloaded from central: https://repo.maven.apache.org/maven2/io/quarkus/quarkus-rest-kotlin-deployment/3.37.3/quarkus-rest-kotlin-deployment-3.37.3.jar (15 kB at 405 kB/s)
Downloading from central: https://repo.maven.apache.org/maven2/org/jetbrains/kotlin/kotlin-script-runtime/2.4.0/kotlin-script-runtime-2.4.0.jar
Downloaded from central: https://repo.maven.apache.org/maven2/io/quarkus/quarkus-vertx-kotlin-deployment/3.37.3/quarkus-vertx-kotlin-deployment-3.37.3.jar (9.1 kB at 222 kB/s)
Downloading from central: https://repo.maven.apache.org/maven2/org/jetbrains/kotlin/kotlin-build-tools-api/2.4.0/kotlin-build-tools-api-2.4.0.jar
Downloaded from central: https://repo.maven.apache.org/maven2/io/quarkus/quarkus-jacoco-deployment/3.37.3/quarkus-jacoco-deployment-3.37.3.jar (15 kB at 359 kB/s)
Downloading from central: https://repo.maven.apache.org/maven2/io/quarkiverse/playwright/quarkus-playwright-deployment/2.3.7/quarkus-playwright-deployment-2.3.7.jar
Downloaded from central: https://repo.maven.apache.org/maven2/io/quarkus/quarkus-kotlin-deployment/3.37.3/quarkus-kotlin-deployment-3.37.3.jar (18 kB at 343 kB/s)
Downloaded from central: https://repo.maven.apache.org/maven2/org/jetbrains/kotlin/kotlin-script-runtime/2.4.0/kotlin-script-runtime-2.4.0.jar (47 kB at 931 kB/s)
Downloaded from central: https://repo.maven.apache.org/maven2/io/quarkiverse/playwright/quarkus-playwright-deployment/2.3.7/quarkus-playwright-deployment-2.3.7.jar (20 kB at 432 kB/s)
Downloaded from central: https://repo.maven.apache.org/maven2/io/quarkiverse/pact/quarkus-pact-provider-deployment/1.6.0/quarkus-pact-provider-deployment-1.6.0.jar (4.3 kB at 36 kB/s)
Downloaded from central: https://repo.maven.apache.org/maven2/io/quarkus/quarkus-observability-devservices-deployment/3.37.3/quarkus-observability-devservices-deployment-3.37.3.jar (27 kB at 226 kB/s)
Downloaded from central: https://repo.maven.apache.org/maven2/org/jetbrains/kotlin/kotlin-build-tools-api/2.4.0/kotlin-build-tools-api-2.4.0.jar (311 kB at 3.3 MB/s)
Downloaded from central: https://repo.maven.apache.org/maven2/org/jetbrains/kotlin/kotlin-compiler/2.4.0/kotlin-compiler-2.4.0.jar (62 MB at 85 MB/s)
[INFO] 
[INFO] --- resources:3.5.0:testResources (default-testResources) @ rest-villains ---
[INFO] Copying 2 resources from src/test/resources to target/test-classes
[INFO] 
[INFO] --- compiler:3.15.0:testCompile (default-testCompile) @ rest-villains ---
[INFO] Recompiling the module because of changed dependency.
[INFO] Compiling 8 source files with javac [debug release 25] to target/test-classes
[INFO] /w/src/test/java/io/quarkus/sample/superheroes/villain/VillainTests.java: Some input files use or override a deprecated API.
[INFO] /w/src/test/java/io/quarkus/sample/superheroes/villain/VillainTests.java: Recompile with -Xlint:deprecation for details.
[INFO] /w/src/test/java/io/quarkus/sample/superheroes/villain/rest/VillainResourceTests.java: /w/src/test/java/io/quarkus/sample/superheroes/villain/rest/VillainResourceTests.java uses unchecked or unsafe operations.
[INFO] /w/src/test/java/io/quarkus/sample/superheroes/villain/rest/VillainResourceTests.java: Recompile with -Xlint:unchecked for details.
[INFO] 
[INFO] --- surefire:3.5.6:test (default-test) @ rest-villains ---
[INFO] Downloading from central: https://repo.maven.apache.org/maven2/me/fabriciorby/maven-surefire-junit5-tree-reporter/1.5.1/maven-surefire-junit5-tree-reporter-1.5.1.pom
[INFO] Downloaded from central: https://repo.maven.apache.org/maven2/me/fabriciorby/maven-surefire-junit5-tree-reporter/1.5.1/maven-surefire-junit5-tree-reporter-1.5.1.pom (9.7 kB at 236 kB/s)
[INFO] Downloading from central: https://repo.maven.apache.org/maven2/org/junit/junit-bom/5.14.0/junit-bom-5.14.0.pom
[INFO] Downloaded from central: https://repo.maven.apache.org/maven2/org/junit/junit-bom/5.14.0/junit-bom-5.14.0.pom (5.7 kB at 149 kB/s)
[INFO] Downloading from central: https://repo.maven.apache.org/maven2/me/fabriciorby/maven-surefire-junit5-tree-reporter/1.5.1/maven-surefire-junit5-tree-reporter-1.5.1.jar
[INFO] Downloaded from central: https://repo.maven.apache.org/maven2/me/fabriciorby/maven-surefire-junit5-tree-reporter/1.5.1/maven-surefire-junit5-tree-reporter-1.5.1.jar (27 kB at 510 kB/s)
[INFO] Tests are skipped.
[INFO] 
[INFO] --- jar:3.5.0:jar (default-jar) @ rest-villains ---
[INFO] Downloading from central: https://repo.maven.apache.org/maven2/org/codehaus/plexus/plexus-interpolation/1.28/plexus-interpolation-1.28.jar
[INFO] Downloaded from central: https://repo.maven.apache.org/maven2/org/codehaus/plexus/plexus-interpolation/1.28/plexus-interpolation-1.28.jar (87 kB at 1.5 MB/s)
[INFO] Building jar: /w/target/rest-villains-1.0.jar
[INFO] 
[INFO] --- quarkus:3.37.3:build (default) @ rest-villains ---
[INFO] [io.quarkus.kubernetes.deployment.KubernetesDeployer] Selecting target 'minikube' since it has the highest priority among the implicitly enabled deployment targets
[INFO] [io.quarkus.kubernetes.deployment.PropertyUtil] Kubernetes manifests are generated with 'The container port http' having provided value '8084'. The app and manifests will get out of sync if the property 'quarkus.http.port' is changed at runtime.
[INFO] Adding existing ConfigMap with name: rest-villains-config.
[INFO] Adding existing Secret with name: rest-villains-config-creds.
[INFO] Adding existing Secret with name: villains-db-config.
[INFO] Adding existing ConfigMap with name: villains-db-init.
[INFO] Adding existing Deployment with name: villains-db.
[INFO] Adding existing Service with name: villains-db.
[INFO] [io.quarkus.deployment.QuarkusAugmentor] Quarkus augmentation completed in 22876ms
[INFO] ------------------------------------------------------------------------
[INFO] BUILD SUCCESS
[INFO] ------------------------------------------------------------------------
[INFO] Total time:  01:38 min
[INFO] Finished at: 2026-07-26T04:48:25Z
[INFO] ------------------------------------------------------------------------
