{
    "root_group": {
        "checks": {
            "status < 500": {
                "id": "742a39bb408e90b9d42e838ebcdbe518",
                "passes": 2296,
                "fails": 0,
                "name": "status < 500",
                "path": "::status < 500"
            }
        },
        "name": "",
        "path": "",
        "id": "d41d8cd98f00b204e9800998ecf8427e",
        "groups": {}
    },
    "metrics": {
        "data_received": {
            "count": 9349735,
            "rate": 155780.95509882752
        },
        "iterations": {
            "count": 2296,
            "rate": 38.2548888184433
        },
        "http_req_waiting": {
            "p(99)": 26.60517925,
            "max": 31.402566,
            "avg": 25.9583016228223,
            "min": 25.561089,
            "med": 25.933099499999997,
            "p(90)": 26.122486,
            "p(95)": 26.228565250000003
        },
        "http_req_duration{expected_response:true}": {
            "p(90)": 26.218669499999997,
            "p(95)": 26.333481499999998,
            "p(99)": 26.710315300000005,
            "max": 31.482566,
            "avg": 26.039479564024365,
            "min": 25.625388,
            "med": 26.0117445
        },
        "checks": {
            "passes": 2296,
            "fails": 0,
            "value": 1
        },
        "http_req_connecting": {
            "med": 0,
            "p(90)": 0,
            "p(95)": 0,
            "p(99)": 0.00428550000001559,
            "max": 0.153235,
            "avg": 0.001340567073170732,
            "min": 0
        },
        "http_req_blocked": {
            "p(90)": 0.00304,
            "p(95)": 0.0035225,
            "p(99)": 0.12595000000000006,
            "max": 0.24008,
            "avg": 0.004367090156794423,
            "min": 0.00143,
            "med": 0.00228
        },
        "data_sent": {
            "count": 279558,
            "rate": 4657.865944384308
        },
        "http_req_receiving": {
            "avg": 0.072605625,
            "min": 0.026,
            "med": 0.07238,
            "p(90)": 0.09725,
            "p(95)": 0.10615125,
            "p(99)": 0.13771285000000044,
            "max": 0.349555
        },
        "iteration_duration": {
            "avg": 26.13184066419861,
            "min": 25.683818,
            "med": 26.101626,
            "p(90)": 26.3349015,
            "p(95)": 26.46641275,
            "p(99)": 26.8425726,
            "max": 31.624346
        },
        "http_req_sending": {
            "min": 0.00415,
            "med": 0.00737,
            "p(90)": 0.00955,
            "p(95)": 0.012132500000000001,
            "p(99)": 0.03410150000000004,
            "max": 0.119011,
            "avg": 0.008572316202090598
        },
        "http_req_tls_handshaking": {
            "min": 0,
            "med": 0,
            "p(90)": 0,
            "p(95)": 0,
            "p(99)": 0,
            "max": 0,
            "avg": 0
        },
        "http_req_duration": {
            "avg": 26.039479564024365,
            "min": 25.625388,
            "med": 26.0117445,
            "p(90)": 26.218669499999997,
            "p(95)": 26.333481499999998,
            "p(99)": 26.710315300000005,
            "max": 31.482566
        },
        "vus_max": {
            "value": 1,
            "min": 1,
            "max": 1
        },
        "http_reqs": {
            "rate": 38.2548888184433,
            "count": 2296
        },
        "vus": {
            "value": 1,
            "min": 1,
            "max": 1
        },
        "http_req_failed": {
            "passes": 0,
            "fails": 2296,
            "value": 0
        }
    }
}