{
    "root_group": {
        "id": "d41d8cd98f00b204e9800998ecf8427e",
        "groups": {},
        "checks": {
                "status < 500": {
                    "fails": 0,
                    "name": "status < 500",
                    "path": "::status < 500",
                    "id": "742a39bb408e90b9d42e838ebcdbe518",
                    "passes": 3519
                }
            },
        "name": "",
        "path": ""
    },
    "metrics": {
        "http_req_duration": {
            "avg": 256.0095416294409,
            "min": 28.34956,
            "med": 256.194894,
            "p(90)": 257.27219060000004,
            "p(95)": 257.8469596,
            "p(99)": 258.85871548,
            "max": 260.968689
        },
        "vus": {
            "min": 10,
            "max": 10,
            "value": 10
        },
        "data_sent": {
            "count": 427709,
            "rate": 4739.526084177377
        },
        "http_reqs": {
            "count": 3519,
            "rate": 38.99471905014902
        },
        "http_req_connecting": {
            "med": 0,
            "p(90)": 0,
            "p(95)": 0,
            "p(99)": 0.07834522000000134,
            "max": 0.587155,
            "avg": 0.0016569528275078148,
            "min": 0
        },
        "http_req_receiving": {
            "min": 0.02713,
            "med": 0.07398,
            "p(90)": 0.097842,
            "p(95)": 0.10861599999999999,
            "p(99)": 0.13483460000000008,
            "max": 0.39479,
            "avg": 0.07476954987212274
        },
        "http_req_duration{expected_response:true}": {
            "p(90)": 257.27219060000004,
            "p(95)": 257.8469596,
            "p(99)": 258.85871548,
            "max": 260.968689,
            "avg": 256.0095416294409,
            "min": 28.34956,
            "med": 256.194894
        },
        "http_req_failed": {
            "passes": 0,
            "fails": 3519,
            "value": 0
        },
        "http_req_sending": {
            "min": 0.00423,
            "med": 0.008,
            "p(90)": 0.01004,
            "p(95)": 0.014670999999999981,
            "p(99)": 0.03356300000000002,
            "max": 0.799624,
            "avg": 0.00920845666382495
        },
        "http_req_waiting": {
            "p(90)": 257.1780256,
            "p(95)": 257.7475981,
            "p(99)": 258.75924942,
            "max": 260.837419,
            "avg": 255.92556362290415,
            "min": 28.18045,
            "med": 256.111055
        },
        "iteration_duration": {
            "avg": 256.10776448479794,
            "min": 28.69913,
            "med": 256.290795,
            "p(90)": 257.3769116,
            "p(95)": 257.9503199,
            "p(99)": 258.96707218,
            "max": 261.294054
        },
        "http_req_blocked": {
            "avg": 0.004450421142369981,
            "min": 0.00139,
            "med": 0.00228,
            "p(90)": 0.003012000000000003,
            "p(95)": 0.003440999999999999,
            "p(99)": 0.10699482000000196,
            "max": 0.637425
        },
        "vus_max": {
            "value": 10,
            "min": 10,
            "max": 10
        },
        "data_received": {
            "count": 14359081,
            "rate": 159115.75146727276
        },
        "iterations": {
            "rate": 38.99471905014902,
            "count": 3519
        },
        "http_req_tls_handshaking": {
            "max": 0,
            "avg": 0,
            "min": 0,
            "med": 0,
            "p(90)": 0,
            "p(95)": 0,
            "p(99)": 0
        },
        "checks": {
            "passes": 3519,
            "fails": 0,
            "value": 1
        }
    }
}